"session_id","route_id","Fecha","start_time","sport","sport_raw","source","vt1_used","vt2_used","zones_source","duration_min","moving_min","distance_km","elev_gain_m","elev_loss_m","elev_density","calories","hr_mean","hr_max","hr_p95","average_cadence","hrr_drop_bpm","average_weather_temp","z1_pct","z2_pct","z3_pct","z1_total_min","z2_total_min","z3_total_min","work_n_blocks","work_total_min","work_longest_min","work_avg_z3_pct","work_blocks_min","work_blocks_z3pct","late_intensity","cardiac_drift_pct","mechanics_source","polar_sport_raw","polar_start_delta_min","polar_duration_gap_min","run_power_available","run_power_mean","run_power_max","run_power_p95","speed_first_half","speed_second_half","cadence_first_half","cadence_second_half","polar_speed_available","polar_cadence_available","run_power_first_half","run_power_second_half","durability_applicable","speed_ratio","power_ratio","load","trimp","rpe","feel","icu_weighted_avg_watts","icu_joules_above_ftp","icu_max_wbal_depletion","decoupling","intensity_category","effort_vs_recent","effort_vs_anchor","session_group","notes_raw","rpe_present","notes_present","pipeline_version","stream_dt_est"
"i78195703","","2025-05-12","17:27","strength","WeightTraining","intervals","142","163","icu","81.3","81.3","0.0","","","","372.0","93.0","120.0","","","","","100.0","0.0","0.0","81.3","0.0","0.0","0","0.0","0.0","0","","","","","","","","","0.0","","","","","","","","0.0","0.0","","","0","","","17.0","29.6879","","","","","","","NA","unknown","above","strength_unknown","","0","0","v3.11",""
"i78318654","5856996.0","2025-05-13","14:02","trail_run","TrailRun","intervals","143","161","icu","85.0","84.8","11.44","262.5","264.5","22.9","827.0","129.0","148.0","137.0","80.59362","","21.826859","99.0","1.0","0.0","83.7","0.9","0.0","0","0.0","0.0","0","","","0.0","0.5","intervals_fit","running trail","","","0.0","","","","8.11","8.33","80.3","80.9","1.0","1.0","","","0","1.027","","57.0","102.46781","","","","","","","easy","unknown","typical","endurance_easy","","0","0","v3.11","1.0"
"i78491699","5856997.0","2025-05-14","15:25","bike","Ride","intervals","139","156","icu","112.8","108.6","34.35","768.0","756.0","22.4","1113.0","136.0","169.0","164.0","","70.0","18.803532","44.0","33.8","22.3","47.7","36.6","24.2","5","58.1","19.4","38","3.6;13.5;19.4;7.8;13.8","29;81;16;40;28","0.0","-15.6","","","","","0.0","","","","","","","","0.0","0.0","","","0","","","102.0","165.29716","","","","","","","work_intense","unknown","unknown","endurance_hard","","0","0","v3.11","1.0"
"i78651246","","2025-05-15","14:08","strength","WeightTraining","intervals","142","163","icu","35.5","35.5","0.0","","","","151.0","92.0","127.0","","","","","100.0","0.0","0.0","35.5","0.0","0.0","0","0.0","0.0","0","","","","","","","","","0.0","","","","","","","","0.0","0.0","","","0","","","7.0","11.793391","","","","","","","NA","unknown","below","strength_unknown","","0","0","v3.11",""
"i78651134","","2025-05-15","15:23","swim","Swim","intervals","134","149","icu","45.4","44.6","1.3","","","","367.0","116.0","133.0","124.0","35.0","","","100.0","0.0","0.0","44.6","0.0","0.0","0","0.0","0.0","0","","","1.0","-2.5","","","","","0.0","","","","","","","","0.0","0.0","","","0","","","19.0","35.042126","","","","","","","finish_strong","unknown","typical","endurance_easy","","0","0","v3.11","1.0"
"i78651039","","2025-05-15","16:15","strength","WeightTraining","intervals","142","163","icu","41.7","41.6","0.0","","","","286.0","109.0","137.0","","","","","100.0","0.0","0.0","41.7","0.0","0.0","0","0.0","0.0","0","","","","","","","","","0.0","","","","","","","","0.0","0.0","","","0","","","15.0","25.726917","","","","","","","NA","unknown","typical","strength_unknown","","0","0","v3.11",""
"i78726363","","2025-05-16","07:52","other","Other","intervals","142","163","icu","5.0","5.0","0.0","","","","7.0","50.0","60.0","","","","","100.0","0.0","0.0","5.0","0.0","0.0","0","0.0","0.0","0","","","","","","","","","0.0","","","","","","","","0.0","0.0","","","0","","","0.0","0.02430598","","","","","","","NA","unknown","unknown","other","","0","0","v3.11",""
"i78789217","5857000.0","2025-05-16","15:14","trail_run","TrailRun","intervals","143","161","icu","95.6","92.7","10.99","577.0","599.0","52.5","1061.0","142.0","166.0","161.0","","10.0","20.95847","51.0","45.4","3.6","47.2","42.0","3.4","4","43.8","15.7","5","15.7;9.2;12.4;6.5","1;3;3;24","0.0","18.0","intervals_fit","running trail","","","0.0","","","","7.95","6.66","","","1.0","0.0","","","0","0.838","","94.0","158.89565","","","","","","","work_steady","unknown","typical","endurance_moderate","","0","0","v3.11","1.001"
"i78867005","","2025-05-17","08:50","swim","Swim","intervals","134","149","icu","62.9","62.1","2.0","","","","545.0","121.0","149.0","138.0","24.0","","","91.1","8.9","0.0","56.6","5.5","0.0","1","4.8","4.8","0","4.8","0","0.0","-4.3","","","","","0.0","","","","","","","","0.0","0.0","","","0","","","35.0","61.607292","","","","","","","easy","unknown","typical","endurance_easy","","0","0","v3.11","1.0"
"i79031523","5857001.0","2025-05-18","08:07","bike","Ride","intervals","139","156","icu","298.0","282.8","104.56","644.0","663.0","6.2","2611.0","124.0","167.0","148.0","","","20.684969","83.2","14.8","2.0","235.2","41.9","5.5","6","38.4","12.0","14","6.5;4.5;12.0;4.1;4.8;6.5","0;10;0;0;78;20","0.0","14.5","","","","","0.0","","","","","","","","0.0","0.0","","","0","","","179.0","290.2644","","","","","","","work_steady","unknown","above","endurance_moderate","","0","0","v3.11","1.0"
"i79200306","","2025-05-19","15:31","strength","WeightTraining","intervals","142","163","icu","60.6","60.6","0.0","","","","234.0","88.0","110.0","","","","","100.0","0.0","0.0","60.7","0.0","0.0","0","0.0","0.0","0","","","","","","","","","0.0","","","","","","","","0.0","0.0","","","0","","","11.0","19.726944","","","","","","","NA","unknown","typical","strength_unknown","","0","0","v3.11",""
"i79354771","5857003.0","2025-05-20","15:19","trail_run","TrailRun","intervals","143","161","icu","81.3","81.1","11.77","302.5","299.5","25.7","859.0","137.0","157.0","152.0","81.375336","","22.777256","77.3","22.7","0.0","62.5","18.4","0.0","2","10.7","7.0","0","3.7;7.0","0;0","0.0","7.3","intervals_fit","running trail","","","0.0","","","","8.85","8.86","81.7","81.0","1.0","1.0","","","0","1.001","","68.0","121.2873","","","","","","","work_moderate","unknown","typical","endurance_moderate","","0","0","v3.11","1.0"
"i79517185","","2025-05-21","15:20","road_run","VirtualRun","intervals","143","161","icu","85.8","18.3","1.47","","","","785.0","126.0","147.0","139.0","60.656715","","","98.0","2.0","0.0","16.8","0.3","0.0","0","0.0","0.0","0","","","0.0","","intervals_fit","running indoor_running","","","0.0","","","","5.71","4.68","66.3","55.0","1.0","1.0","","","1","0.82","","53.0","20.128593","","","","","","","easy","unknown","typical","endurance_easy","","0","0","v3.11","1.0"
"i79673474","","2025-05-22","15:30","strength","WeightTraining","intervals","142","163","icu","108.6","108.6","0.0","","","","625.0","102.0","147.0","","","","","99.5","0.5","0.0","108.2","0.5","0.0","0","0.0","0.0","0","","","","","","","","","0.0","","","","","","","","0.0","0.0","","","0","","","31.0","54.037018","","","","","","","NA","unknown","above","strength_unknown","","0","0","v3.11",""
"i79842538","5857004.0","2025-05-23","15:54","bike","Ride","intervals","139","156","icu","284.1","270.9","81.35","1005.0","1008.0","12.4","2383.0","122.0","161.0","143.0","","","20.880093","91.7","7.4","0.9","248.2","20.1","2.4","2","15.2","11.8","15","11.8;3.4","20;0","0.0","-16.1","","","","","0.0","","","","","","","","0.0","0.0","","","0","","","162.0","272.93207","","","","","","","work_intense","unknown","unknown","endurance_hard","","0","0","v3.11","1.0"
"i79941586","5857005.0","2025-05-24","11:09","bike","Ride","intervals","139","156","icu","245.1","233.4","67.42","1189.0","1278.0","17.6","1853.0","113.0","151.0","138.0","","","22.278194","96.5","3.5","0.0","225.0","8.2","0.0","1","7.3","7.3","0","7.3","0","0.0","-2.4","","","","","0.0","","","","","","","","0.0","0.0","","","0","","","106.0","163.987","","","","","","","work_moderate","unknown","typical","endurance_moderate","","0","0","v3.11","1.0"
"i80247130","5857006.0","2025-05-26","15:29","trail_run","TrailRun","intervals","143","161","icu","70.1","69.8","9.69","272.0","268.0","28.1","682.0","129.0","151.0","144.0","81.0012","","24.185963","94.5","5.5","0.0","65.8","3.8","0.0","0","0.0","0.0","0","","","0.0","7.2","intervals_fit","running trail","","","0.0","","","","8.86","8.22","81.9","80.2","1.0","1.0","","","0","0.928","","49.0","87.933495","","","","","","","easy","unknown","typical","endurance_easy","","0","0","v3.11","1.001"
"i80380750","","2025-05-27","15:19","strength","WeightTraining","intervals","142","163","icu","74.8","74.7","0.0","","","","318.0","92.0","123.0","","","","","100.0","0.0","0.0","74.8","0.0","0.0","0","0.0","0.0","0","","","","","","","","","0.0","","","","","","","","0.0","0.0","","","0","","","17.0","29.14641","","","","","","","NA","typical","above","strength_unknown","","0","0","v3.11",""
"i80544240","5857007.0","2025-05-28","15:13","bike","Ride","intervals","139","156","icu","125.4","123.0","37.0","665.0","654.0","18.0","1042.0","120.0","147.0","139.0","","","26.060152","96.3","3.7","0.0","118.4","4.6","0.0","0","0.0","0.0","0","","","0.0","8.0","","","","","0.0","","","","","","","","0.0","0.0","","","0","","","68.0","115.57364","","","","","","","easy","above","above","endurance_easy","","0","0","v3.11","1.0"
"i80701421","","2025-05-29","15:30","swim","Swim","intervals","134","149","icu","51.4","50.6","1.6","","","","450.0","122.0","135.0","131.0","38.0","","","99.5","0.5","0.0","50.4","0.2","0.0","0","0.0","0.0","0","","","0.0","5.2","","","","","0.0","","","","","","","","0.0","0.0","","","0","","","29.0","50.98897","","","","","","","easy","below","typical","endurance_easy","","0","0","v3.11","1.0"
"i80701090","","2025-05-29","16:31","strength","WeightTraining","intervals","142","163","icu","21.8","21.7","0.0","","","","97.0","93.0","111.0","","","","","100.0","0.0","0.0","21.8","0.0","0.0","0","0.0","0.0","0","","","","","","","","","0.0","","","","","","","","0.0","0.0","","","0","","","5.0","8.559608","","","","","","","NA","below","below","strength_unknown","","0","0","v3.11",""
"i80843255","5857008.0","2025-05-30","15:15","bike","Ride","intervals","139","156","icu","60.2","57.1","15.86","351.0","356.0","22.1","590.0","136.0","177.0","175.0","","44.0","27.864689","56.8","15.4","27.8","32.4","8.8","15.9","5","24.9","6.2","59","4.0;4.6;5.9;6.2;4.2","0;79;69;66;69","0.0","-53.1","","","","","0.0","","","","","","","","0.0","0.0","","","0","","","56.0","86.240105","","","","","","","work_intense","unknown","unknown","endurance_hard","","0","0","v3.11","1.0"
"i80924684","1774867.0","2025-05-31","07:56","trail_run","TrailRun","intervals","143","161","icu","103.2","103.0","15.08","906.0","914.0","60.1","1043.0","133.0","146.0","139.0","81.34219","","20.961891","99.7","0.3","0.0","102.5","0.3","0.0","0","0.0","0.0","0","","","0.0","4.8","intervals_fit","running trail","","","0.0","","","","9.19","8.71","81.8","80.9","1.0","1.0","","","1","0.948","","75.0","134.44995","","","","","","","easy","above","above","endurance_easy","","0","0","v3.11","1.001"
"i81069074","5857010.0","2025-06-01","07:59","bike","Ride","intervals","139","156","icu","157.7","151.7","58.22","208.0","227.0","3.6","1125.0","109.0","140.0","127.0","85.88317","","23.691975","100.0","0.0","0.0","151.2","0.0","0.0","0","0.0","0.0","0","","","0.0","8.8","","","","","0.0","","","","","","","","0.0","0.0","","","0","","","57.0","97.01495","","","","","","","easy","typical","typical","endurance_easy","","0","0","v3.11","1.0"
"i81353445","","2025-06-02","15:04","strength","WeightTraining","intervals","142","163","icu","35.6","35.6","0.0","","","","164.0","92.0","112.0","","","","","100.0","0.0","0.0","35.4","0.0","0.0","0","0.0","0.0","0","","","","","","","","","0.0","","","","","","","","0.0","0.0","","","0","","","8.0","13.525834","","","","","","","NA","below","typical","strength_unknown","","0","0","v3.11",""
"i81363990","","2025-06-03","08:23","strength","WeightTraining","intervals","142","163","icu","59.8","59.8","0.0","","","","219.0","87.0","125.0","","","","","100.0","0.0","0.0","59.8","0.0","0.0","0","0.0","0.0","0","","","","","","","","","0.0","","","","","","","","0.0","0.0","","","0","","","12.0","19.782793","","","","","","","NA","typical","typical","strength_unknown","","0","0","v3.11",""
"i81420478","","2025-06-03","15:20","road_run","VirtualRun","intervals","143","161","icu","43.1","35.7","3.64","","","","409.0","128.0","146.0","143.0","67.294334","","","95.2","4.8","0.0","31.7","1.6","0.0","0","0.0","0.0","0","","","0.0","-0.2","intervals_fit","running indoor_running","","","0.0","","","","6.57","6.67","68.0","66.5","1.0","1.0","","","0","1.015","","23.0","43.42222","","","","","","","easy","below","typical","endurance_easy","","0","0","v3.11","1.0"
"i81420471","","2025-06-03","16:05","road_run","VirtualRun","intervals","143","161","icu","40.1","22.3","2.22","","","","384.0","131.0","148.0","144.0","61.795776","","","94.1","5.9","0.0","20.5","1.3","0.0","0","0.0","0.0","0","","","0.0","","intervals_fit","running indoor_running","","","0.0","","","","6.29","6.05","62.9","60.7","1.0","1.0","","","0","0.962","","14.0","29.34891","","","","","","","easy","below","below","endurance_easy","","0","0","v3.11","1.002"
"i81624329","","2025-06-03","16:05","road_run","Run","intervals","143","161","icu","40.1","21.9","2.22","","","","384.0","131.0","148.0","144.0","61.795776","","","94.2","5.8","0.0","18.8","1.2","0.0","0","0.0","0.0","0","","","0.0","","intervals_fit","running generic","","","0.0","","","","6.76","6.53","62.9","60.7","1.0","1.0","","","0","0.966","","14.0","28.757109","","","","","","","easy","below","below","endurance_easy","","0","0","v3.11","1.001"
"i81533155","","2025-06-04","07:22","road_run","VirtualRun","intervals","143","161","icu","6.3","6.3","0.0","","","","8.0","47.0","59.0","55.0","","","","100.0","0.0","0.0","6.3","0.0","0.0","0","0.0","0.0","0","","","0.0","","","","","","0.0","","","","","","","","0.0","0.0","","","0","","","0.0","0.0","","","","","","","easy","below","below","endurance_easy","","0","0","v3.11","0.997"
"i81611029","5857014.0","2025-06-04","15:33","trail_run","TrailRun","intervals","143","161","icu","100.7","100.2","12.46","330.0","332.0","26.5","996.0","131.0","154.0","144.0","77.44252","","28.492214","94.7","5.3","0.0","94.7","5.2","0.0","0","0.0","0.0","0","","","0.0","0.5","intervals_fit","running trail","","","0.0","","","","7.55","7.77","77.3","77.5","1.0","1.0","","","1","1.029","","73.0","131.70844","","","","","","","easy","above","above","endurance_easy","","0","0","v3.11","1.0"
"i81766426","","2025-06-05","17:19","strength","WeightTraining","intervals","142","163","icu","54.5","54.5","0.0","","","","101.0","75.0","108.0","","","","","100.0","0.0","0.0","3.4","0.0","0.0","0","0.0","0.0","0","","","","","","","","","0.0","","","","","","","","0.0","0.0","","","0","","","0.0","8.571064","","","","","","","NA","below","below","strength_unknown","","0","0","v3.11",""
"i82500461","","2025-06-10","15:39","road_run","VirtualRun","intervals","143","161","icu","91.3","83.7","9.2","","","","908.0","132.0","151.0","144.0","69.71369","","","94.7","5.3","0.0","76.9","4.3","0.0","0","0.0","0.0","0","","","0.0","10.6","intervals_fit","running indoor_running","","","0.0","","","","6.95","6.7","69.9","69.6","1.0","1.0","","","1","0.964","","63.0","108.503426","","","","","","","easy","above","above","endurance_easy","","0","0","v3.11","1.0"
"i82663725","","2025-06-11","15:10","strength","WeightTraining","intervals","142","163","icu","71.2","71.2","0.0","","","","279.0","89.0","112.0","","","","","100.0","0.0","0.0","71.2","0.0","0.0","0","0.0","0.0","0","","","","","","","","","0.0","","","","","","","","0.0","0.0","","","0","","","14.0","24.805916","","","","","","","NA","typical","typical","strength_unknown","","0","0","v3.11",""
"i82814165","","2025-06-12","15:38","swim","Swim","intervals","134","149","icu","60.1","59.5","1.8","","","","478.0","115.0","145.0","127.0","33.0","","","99.3","0.7","0.0","59.1","0.4","0.0","0","0.0","0.0","0","","","0.0","5.2","","","","","0.0","","","","","","","","0.0","0.0","","","0","","","26.0","46.066315","","","","","","","easy","typical","typical","endurance_easy","","0","0","v3.11","1.0"
"i82946944","","2025-06-13","14:05","swim","Swim","intervals","134","149","icu","62.9","59.6","1.88","","","","482.0","116.0","146.0","136.0","31.0","","","93.6","6.4","0.0","55.8","3.8","0.0","1","3.6","3.6","0","3.6","0","0.0","1.1","","","","","0.0","","","","","","","","0.0","0.0","","","0","","","29.0","49.04169","","","","","","","easy","typical","typical","endurance_easy","","0","0","v3.11","1.04"
"i83035705","5857016.0","2025-06-14","07:56","trail_run","TrailRun","intervals","143","161","icu","34.2","32.4","3.45","132.0","80.0","38.3","315.0","125.0","170.0","163.0","76.763535","","22.634617","84.2","7.8","8.0","27.1","2.5","2.6","0","0.0","0.0","0","","","0.0","0.7","intervals_fit","running trail","","","0.0","","","","6.61","6.29","77.8","75.7","1.0","1.0","","","0","0.952","","22.0","34.63292","","","","","","","easy","below","typical","endurance_easy","","0","0","v3.11","1.0"
"i83035694","5857017.0","2025-06-14","08:30","trail_run","TrailRun","intervals","143","161","icu","65.7","65.2","6.59","196.0","242.0","29.7","627.0","129.0","179.0","163.0","72.04971","","24.304163","74.8","17.3","7.9","48.5","11.2","5.1","1","3.0","3.0","7","3.0","7","1.0","37.8","intervals_fit","running trail","","","0.0","","","","6.88","5.44","77.1","67.0","1.0","1.0","","","0","0.791","","49.0","77.91624","","","","","","","finish_strong","typical","typical","endurance_easy","","0","0","v3.11","1.0"
"i83306310","5857018.0","2025-06-16","07:11","bike","Ride","intervals","139","156","icu","94.7","91.5","26.35","586.0","586.0","22.2","774.0","119.0","143.0","139.0","84.06665","","20.80539","96.3","3.7","0.0","87.9","3.4","0.0","1","3.5","3.5","0","3.5","0","0.0","-7.1","","","","","0.0","","","","","","","","0.0","0.0","","","0","","","46.0","74.08109","","","","","","","easy","typical","typical","endurance_easy","","0","0","v3.11","1.0"
"i83458276","","2025-06-17","08:06","strength","WeightTraining","intervals","142","163","icu","89.9","89.9","0.0","","","","401.0","93.0","132.0","","","","","100.0","0.0","0.0","89.9","0.0","0.0","0","0.0","0.0","0","","","","","","","","","0.0","","","","","","","","0.0","0.0","","","0","","","21.0","35.49507","","","","","","","NA","above","above","strength_unknown","","0","0","v3.11",""
"i83484702","","2025-06-17","13:33","strength","WeightTraining","intervals","142","163","icu","30.5","30.4","0.0","","","","97.0","82.0","112.0","","","","","100.0","0.0","0.0","30.5","0.0","0.0","0","0.0","0.0","0","","","","","","","","","0.0","","","","","","","","0.0","0.0","","","0","","","5.0","7.6922026","","","","","","","NA","below","below","strength_unknown","","0","0","v3.11",""
"i83659354","","2025-06-18","15:33","road_run","VirtualRun","intervals","143","161","icu","98.0","91.8","12.4","","","","1077.0","142.0","154.0","151.0","79.10442","","","18.3","81.7","0.0","16.7","74.7","0.0","1","78.2","78.2","0","78.2","0","0.0","3.3","intervals_fit","running indoor_running","","","0.0","","","","8.08","8.25","78.1","80.1","1.0","1.0","","","1","1.021","","89.0","151.17682","","","","","","","work_steady","unknown","typical","endurance_moderate","","0","0","v3.11","1.0"
"i83928379","","2025-06-19","16:20","swim","Swim","intervals","134","149","icu","30.1","29.2","0.95","","","","241.0","115.0","140.0","130.0","30.0","","","99.1","0.9","0.0","29.0","0.2","0.0","0","0.0","0.0","0","","","0.0","","","","","","0.0","","","","","","","","0.0","0.0","","","0","","","13.0","22.23628","","","","","","","easy","below","below","endurance_easy","","0","0","v3.11","0.999"
"i83928362","","2025-06-20","09:49","road_run","VirtualRun","intervals","143","161","icu","10.2","2.4","0.3","","","","58.0","104.0","162.0","150.3","77.92727","","","54.8","45.2","0.0","1.2","1.0","0.0","0","0.0","0.0","0","","","0.0","","intervals_fit","running indoor_running","","","0.0","","","","6.2","8.71","74.5","81.4","1.0","1.0","","","0","1.405","","2.0","0.9844843","","","","","","","easy","below","below","endurance_easy","","0","0","v3.11","0.998"
"i84123858","","2025-06-21","17:21","strength","WeightTraining","intervals","142","163","icu","75.1","75.0","0.0","","","","338.0","93.0","122.0","","","","","100.0","0.0","0.0","75.1","0.0","0.0","0","0.0","0.0","0","","","","","","","","","0.0","","","","","","","","0.0","0.0","","","0","","","14.0","23.018072","","","","","","","NA","typical","typical","strength_unknown","","0","0","v3.11",""
"i84186953","5857020.0","2025-06-22","09:04","trail_run","TrailRun","intervals","143","161","icu","76.4","73.7","9.67","287.0","283.0","29.7","797.0","137.0","170.0","159.0","79.63987","45.0","27.555962","71.3","25.6","3.1","52.1","18.7","2.2","1","5.3","5.3","0","5.3","0","0.0","11.0","intervals_fit","running trail","","","0.0","","","","8.28","7.75","80.5","78.8","1.0","1.0","","","0","0.936","","63.0","107.275986","","","","","","","work_moderate","below","typical","endurance_moderate","","0","0","v3.11","1.001"
"i84329599","5857021.0","2025-06-23","07:42","bike","Ride","intervals","139","156","icu","180.5","176.1","60.57","896.0","893.0","14.8","1544.0","122.0","157.0","145.0","90.81086","","26.626167","87.7","12.3","0.0","154.3","21.6","0.0","2","10.5","6.2","0","6.2;4.3","0;0","0.0","-31.9","","","","","0.0","","","","","","","","0.0","0.0","","","0","","","102.0","166.05798","","","","","","","work_moderate","typical","typical","endurance_moderate","","0","0","v3.11","1.0"
"i84464416","5857024.0","2025-06-24","07:55","trail_run","TrailRun","intervals","143","161","icu","117.1","114.6","15.27","236.0","232.0","15.5","1016.0","120.0","160.0","135.0","79.56695","","28.517752","97.0","3.0","0.0","109.8","3.4","0.0","0","0.0","0.0","0","","","0.0","1.2","intervals_fit","running trail","","","0.0","","","","8.33","8.12","79.9","79.2","1.0","1.0","","","1","0.975","","61.0","106.20462","","","","","","","easy","above","typical","endurance_easy","","0","0","v3.11","1.0"
"i84944982","5857025.0","2025-06-25","15:27","hike","Hike","intervals","143","161","icu","50.1","42.6","4.21","115.0","146.0","27.3","347.0","104.0","126.0","119.0","","","31.12737","100.0","0.0","0.0","42.6","0.0","0.0","0","0.0","0.0","0","","","0.0","5.7","intervals_fit","hiking generic","","","0.0","","","","6.43","5.9","","","1.0","0.0","","","0","0.918","","13.0","19.16893","","","","","","","easy","below","below","endurance_easy","","0","0","v3.11","1.001"
"i84944976","","2025-06-26","09:23","strength","WeightTraining","intervals","142","163","icu","27.1","27.1","0.0","","","","115.0","90.0","108.0","","","","","100.0","0.0","0.0","27.1","0.0","0.0","0","0.0","0.0","0","","","","","","","","","0.0","","","","","","","","0.0","0.0","","","0","","","4.0","6.4952307","","","","","","","NA","below","below","strength_unknown","","0","0","v3.11",""
"i84944971","","2025-06-26","17:18","road_run","VirtualRun","intervals","143","161","icu","49.9","21.6","2.7","","","","303.0","106.0","182.0","178.0","75.58573","48.0","","71.1","12.8","16.1","14.8","2.7","3.4","1","5.9","5.9","52","5.9","52","0.0","","intervals_fit","running indoor_running","","","0.0","","","","7.36","8.13","73.3","77.9","1.0","1.0","","","0","1.105","","15.0","10.483298","","","","","","","work_moderate","below","below","endurance_moderate","","0","0","v3.11","1.0"
"i85113065","5857026.0","2025-06-28","08:16","hike","Hike","intervals","143","161","icu","451.4","408.4","23.04","2171.0","1405.0","94.2","4092.0","125.0","153.0","145.0","","","18.528183","90.9","9.1","0.0","365.3","36.6","0.0","3","11.6","4.5","0","4.5;4.0;3.1","0;0;0","0.0","-9.4","intervals_fit","hiking generic","","","0.0","","","","3.58","3.63","","","1.0","0.0","","","0","1.014","","259.0","431.43655","","","","","","","work_moderate","above","above","endurance_moderate","","0","0","v3.11","1.0"
"i85241177","5857028.0","2025-06-29","08:03","bike","Ride","intervals","139","156","icu","406.9","361.9","92.89","1947.0","1651.0","21.0","3167.0","114.0","149.0","139.0","81.49695","","25.815771","95.6","4.4","0.0","344.9","15.8","0.0","2","6.7","3.4","0","3.3;3.4","0;0","1.0","26.5","","","","","0.0","","","","","","","","0.0","0.0","","","0","","","179.0","280.43192","","","","","","","work_moderate","above","above","endurance_moderate","","0","0","v3.11","1.0"
"i85534216","","2025-07-01","14:29","strength","WeightTraining","intervals","142","163","icu","86.5","86.5","0.0","","","","305.0","85.0","122.0","","","","","100.0","0.0","0.0","86.5","0.0","0.0","0","0.0","0.0","0","","","","","","","","","0.0","","","","","","","","0.0","0.0","","","0","","","16.0","26.434792","","","","","","","NA","typical","above","strength_unknown","","0","0","v3.11",""
"i85534211","","2025-07-01","16:03","swim","Swim","intervals","134","149","icu","32.4","31.4","1.05","","","","277.0","120.0","153.0","138.0","36.0","","","89.9","9.2","0.9","28.3","2.9","0.3","1","3.6","3.6","8","3.6","8","0.0","-11.2","","","","","0.0","","","","","","","","0.0","0.0","","","0","","","18.0","30.722298","","","","","","","easy","typical","typical","endurance_easy","","0","0","v3.11","1.002"
"i85629389","5857030.0","2025-07-02","08:22","trail_run","TrailRun","intervals","143","161","icu","91.2","90.9","12.11","348.0","346.0","28.7","912.0","133.0","168.0","157.0","80.251976","","28.006824","81.8","16.5","1.8","73.4","14.8","1.6","3","10.0","3.5","16","3.5;3.5;3.0","42;0;3","0.0","10.5","intervals_fit","running trail","","","0.0","","","","8.63","8.0","81.0","79.5","1.0","1.0","","","0","0.927","","72.0","129.37947","","","","","","","work_intense","unknown","unknown","endurance_hard","","0","0","v3.11","1.0"
"i85780709","5857018.0","2025-07-03","07:57","bike","Ride","intervals","139","156","icu","103.0","95.4","27.44","596.0","583.0","21.7","815.0","116.0","143.0","139.0","83.64301","","27.152979","96.8","3.2","0.0","91.9","3.0","0.0","0","0.0","0.0","0","","","0.0","0.2","","","","","0.0","","","","","","","","0.0","0.0","","","0","","","52.0","80.91126","","","","","","","easy","typical","typical","endurance_easy","","0","0","v3.11","1.0"
"i85974992","","2025-07-04","09:20","strength","WeightTraining","intervals","142","163","icu","61.8","61.8","0.0","","","","211.0","86.0","109.0","","","","","100.0","0.0","0.0","61.9","0.0","0.0","0","0.0","0.0","0","","","","","","","","","0.0","","","","","","","","0.0","0.0","","","0","","","11.0","19.123373","","","","","","","NA","typical","typical","strength_unknown","","0","0","v3.11",""
"i85974980","","2025-07-04","14:18","swim","Swim","intervals","134","149","icu","60.2","59.3","1.98","","","","488.0","117.0","135.0","128.0","36.0","","","100.0","0.0","0.0","59.3","0.0","0.0","0","0.0","0.0","0","","","0.0","-14.6","","","","","0.0","","","","","","","","0.0","0.0","","","0","","","29.0","52.52271","","","","","","","easy","typical","typical","endurance_easy","","0","0","v3.11","1.0"
"i86083423","","2025-07-05","09:21","road_run","VirtualRun","intervals","143","161","icu","79.2","75.7","10.81","","","","810.0","135.0","169.0","150.0","79.538155","28.0","","64.6","31.1","4.3","48.6","23.4","3.2","3","35.9","27.6","9","4.2;4.1;27.6","76;0;0","0.0","5.5","intervals_fit","running indoor_running","","","0.0","","","","8.51","8.78","78.7","80.4","1.0","1.0","","","0","1.032","","65.0","105.34103","","","","","","","work_steady","below","typical","endurance_moderate","","0","0","v3.11","1.0"
"i86214223","5857032.0","2025-07-06","07:24","bike","Ride","intervals","139","156","icu","165.8","154.6","64.23","387.0","393.0","6.0","1382.0","122.0","154.0","144.0","89.94329","","26.277819","90.2","9.8","0.0","139.2","15.1","0.0","0","0.0","0.0","0","","","0.0","-20.5","","","","","0.0","","","","","","","","0.0","0.0","","","0","","","94.0","157.70944","","","","","","","easy","above","above","endurance_easy","","0","0","v3.11","1.0"
"i86492428","5857034.0","2025-07-08","07:40","trail_run","TrailRun","intervals","143","161","icu","161.5","155.7","17.02","610.0","606.0","35.8","1667.0","136.0","166.0","160.0","77.40762","39.0","24.065819","65.9","31.7","2.4","100.1","48.2","3.6","5","21.7","6.3","10","6.3;3.7;3.8;3.0;4.9","2;4;7;0;35","0.0","12.3","intervals_fit","running trail","","","0.0","","","","7.32","6.48","79.3","75.5","1.0","1.0","","","0","0.885","","134.0","230.83781","","","","","","","work_steady","typical","above","endurance_moderate","","0","0","v3.11","1.0"
"i86703823","5857035.0","2025-07-09","15:28","bike","Ride","intervals","139","156","icu","145.3","137.1","51.2","213.0","186.0","4.2","1057.0","110.0","150.0","124.0","83.007126","","26.554707","99.3","0.7","0.0","135.6","0.9","0.0","0","0.0","0.0","0","","","0.0","1.3","","","","","0.0","","","","","","","","0.0","0.0","","","0","","","54.0","92.18762","","","","","","","easy","typical","typical","endurance_easy","","0","0","v3.11","1.0"
"i86902238","","2025-07-10","14:50","strength","WeightTraining","intervals","142","163","icu","71.1","71.1","0.0","","","","455.0","108.0","160.0","","","","","98.7","1.3","0.0","70.2","0.9","0.0","0","0.0","0.0","0","","","","","","","","","0.0","","","","","","","","0.0","0.0","","","0","","","28.0","46.648304","","","","","","","NA","above","above","strength_unknown","","0","0","v3.11",""
"i86918037","5857036.0","2025-07-11","08:12","bike","Ride","intervals","139","156","icu","102.8","99.5","30.56","629.0","648.0","20.6","858.0","120.0","158.0","150.0","83.073456","","23.600945","81.3","18.2","0.5","80.7","18.1","0.5","2","16.6","12.9","3","12.9;3.7","4;0","0.0","-5.4","","","","","0.0","","","","","","","","0.0","0.0","","","0","","","61.0","95.95084","","","","","","","work_moderate","below","below","endurance_moderate","","0","0","v3.11","1.0"
"i87187080","5857037.0","2025-07-13","07:35","bike","Ride","intervals","139","156","icu","202.1","194.3","76.79","653.0","663.0","8.5","1767.0","124.0","155.0","149.0","91.695724","","22.69826","79.2","20.8","0.0","153.5","40.3","0.0","3","30.6","15.9","0","11.4;3.3;15.9","0;0;0","0.0","-6.2","","","","","0.0","","","","","","","","0.0","0.0","","","0","","","127.0","214.48952","","","","","","","work_steady","typical","typical","endurance_moderate","","0","0","v3.11","1.001"
"i87396763","","2025-07-14","16:31","swim","Swim","intervals","134","149","icu","61.0","60.2","2.6","","","","476.0","113.0","133.0","122.0","37.0","","","100.0","0.0","0.0","60.2","0.0","0.0","0","0.0","0.0","0","","","0.0","51.0","","","","","0.0","","","","","","","","0.0","0.0","","","0","","","25.0","43.76965","","","","","","","easy","typical","typical","endurance_easy","","0","0","v3.11","1.0"
"i87396759","","2025-07-14","17:42","strength","WeightTraining","intervals","142","163","icu","62.4","62.3","0.0","","","","320.0","96.0","120.0","","","","","100.0","0.0","0.0","62.4","0.0","0.0","0","0.0","0.0","0","","","","","","","","","0.0","","","","","","","","0.0","0.0","","","0","","","15.0","24.882116","","","","","","","NA","typical","typical","strength_unknown","","0","0","v3.11",""
"i87541517","","2025-07-15","16:00","road_run","VirtualRun","intervals","143","161","icu","91.6","89.0","12.68","","","","941.0","135.0","149.0","146.0","80.17216","","","79.7","20.3","0.0","70.5","17.9","0.0","3","32.1","16.7","0","3.4;12.0;16.7","0;0;0","0.0","8.0","intervals_fit","running indoor_running","","","0.0","","","","8.65","8.6","79.4","80.9","1.0","1.0","","","0","0.994","","72.0","122.69741","","","","","","","work_steady","typical","typical","endurance_moderate","","0","0","v3.11","1.0"
"i87685323","","2025-07-16","13:15","strength","WeightTraining","intervals","142","163","icu","66.5","66.5","0.0","","","","260.0","88.0","123.0","","","","","100.0","0.0","0.0","66.5","0.0","0.0","0","0.0","0.0","0","","","","","","","","","0.0","","","","","","","","0.0","0.0","","","0","","","13.0","20.444498","","","","","","","NA","typical","typical","strength_unknown","","0","0","v3.11",""
"i87858004","","2025-07-17","15:19","swim","Swim","intervals","134","149","icu","61.8","60.4","1.65","","","","511.0","118.0","145.0","134.0","35.0","","","95.3","4.7","0.0","57.5","2.9","0.0","0","0.0","0.0","0","","","0.0","-4.4","","","","","0.0","","","","","","","","0.0","0.0","","","0","","","31.0","55.76","","","","","","","easy","typical","typical","endurance_easy","","0","0","v3.11","1.0"
"i88110345","5857038.0","2025-07-19","07:18","bike","Ride","intervals","139","156","icu","186.7","181.1","63.29","912.0","926.0","14.4","1708.0","128.0","163.0","152.0","87.280235","","23.601124","72.9","25.6","1.5","131.9","46.2","2.7","4","39.7","24.2","4","3.6;24.2;6.7;5.2","0;0;26;0","0.0","-25.6","","","","","0.0","","","","","","","","0.0","0.0","","","0","","","127.0","215.30077","","","","","","","work_steady","typical","typical","endurance_moderate","","0","0","v3.11","1.0"
"i88253046","5857039.0","2025-07-20","07:52","trail_run","TrailRun","intervals","143","161","icu","129.0","127.3","13.7","510.0","507.0","37.2","1371.0","139.0","169.0","162.0","75.67046","","26.236397","64.0","29.9","6.1","80.2","37.5","7.6","6","37.5","13.9","19","6.0;5.0;4.8;13.9;3.6;4.2","1;0;0;45;26;0","0.0","28.6","intervals_fit","running trail","","","0.0","","","","7.62","5.73","79.3","72.1","1.0","1.0","","","0","0.752","","115.0","202.22092","","","","","","","work_intense","unknown","unknown","endurance_hard","","0","0","v3.11","1.001"
"i88587811","5857040.0","2025-07-22","06:50","bike","Ride","intervals","139","156","icu","240.6","234.6","91.54","460.0","449.0","5.0","2116.0","123.0","152.0","141.0","94.83932","","24.658783","92.0","8.0","0.0","215.6","18.9","0.0","2","26.9","21.1","0","5.8;21.1","0;0","0.0","-8.5","","","","","0.0","","","","","","","","0.0","0.0","","","0","","","137.0","234.04134","","","","","","","work_steady","above","above","endurance_moderate","","0","0","v3.11","1.0"
"i88752955","5857041.0","2025-07-23","07:19","trail_run","TrailRun","intervals","143","161","icu","152.5","150.8","20.11","160.0","160.0","8.0","1476.0","129.0","162.0","152.0","79.819046","","27.146946","86.0","13.9","0.1","129.3","21.0","0.1","2","23.1","15.9","0","15.9;7.2","0;0","1.0","-1.1","intervals_fit","running trail","","","0.0","","","","7.77","8.4","79.2","80.4","1.0","1.0","","","1","1.081","","101.0","174.14777","","","","","","","work_steady","typical","typical","endurance_moderate","","0","0","v3.11","1.0"
"i89075454","5857042.0","2025-07-25","07:17","bike","Ride","intervals","139","156","icu","292.7","273.3","96.39","617.0","622.0","6.4","2331.0","117.0","160.0","143.0","89.797066","","21.59959","90.6","9.2","0.2","247.5","25.0","0.6","2","15.3","10.6","4","4.7;10.6","0;5","1.0","-3.1","","","","","0.0","","","","","","","","0.0","0.0","","","0","","","148.0","242.09456","","","","","","","work_moderate","above","above","endurance_moderate","","0","0","v3.11","1.0"
"i89210334","5857044.0","2025-07-26","08:09","trail_run","TrailRun","intervals","143","161","icu","122.2","120.5","17.41","144.0","146.0","8.3","1164.0","127.0","178.0","145.0","82.43922","37.0","22.055454","94.4","4.9","0.7","113.6","5.9","0.8","1","4.9","4.9","11","4.9","11","1.0","2.6","intervals_fit","running trail","","","0.0","","","","8.6","8.99","81.6","83.2","1.0","1.0","","","1","1.045","","80.0","139.51222","","","","","","","finish_strong","above","above","endurance_easy","","0","0","v3.11","1.001"
"i89352573","5857045.0","2025-07-27","07:11","bike","Ride","intervals","139","156","icu","204.3","198.7","82.71","284.0","284.0","3.4","1645.0","116.0","145.0","134.0","93.729904","","23.359598","99.0","1.0","0.0","196.6","2.0","0.0","0","0.0","0.0","0","","","0.0","-12.1","","","","","0.0","","","","","","","","0.0","0.0","","","0","","","97.0","168.53685","","","","","","","easy","above","above","endurance_easy","","0","0","v3.11","1.0"
"i89546823","","2025-07-28","15:30","swim","Swim","intervals","134","149","icu","35.3","34.4","0.95","","","","258.0","107.0","119.0","114.0","37.0","","","100.0","0.0","0.0","34.4","0.0","0.0","0","0.0","0.0","0","","","0.0","-0.4","","","","","0.0","","","","","","","","0.0","0.0","","","0","","","12.0","22.157745","","","","","","","easy","below","below","endurance_easy","","0","0","v3.11","1.001"
"i89727934","","2025-07-28","16:15","strength","WeightTraining","intervals","142","163","icu","30.4","30.4","0.0","","","","93.0","80.0","105.0","","","","","100.0","0.0","0.0","30.4","0.0","0.0","0","0.0","0.0","0","","","","","","","","","0.0","","","","","","","","0.0","0.0","","","0","","","4.0","7.0141788","","","","","","","NA","below","below","strength_unknown","","0","0","v3.11",""
"i89727922","","2025-07-29","15:56","swim","Swim","intervals","134","149","icu","59.6","58.8","1.8","","","","481.0","115.0","133.0","126.0","43.0","","","100.0","0.0","0.0","58.8","0.0","0.0","0","0.0","0.0","0","","","0.0","1.5","","","","","0.0","","","","","","","","0.0","0.0","","","0","","","26.0","46.945564","","","","","","","easy","typical","typical","endurance_easy","","0","0","v3.11","1.0"
"i89827469","","2025-07-30","08:36","road_run","VirtualRun","intervals","143","161","icu","61.0","58.5","8.77","","","","580.0","127.0","146.0","139.0","82.93392","","","99.7","0.3","0.0","58.2","0.2","0.0","0","0.0","0.0","0","","","1.0","7.8","intervals_fit","running indoor_running","","","0.0","","","","9.16","8.91","83.7","82.1","1.0","1.0","","","0","0.973","","40.0","64.6296","","","","","","","finish_strong","typical","typical","endurance_easy","","0","0","v3.11","1.0"
"i90052681","","2025-07-31","16:10","strength","WeightTraining","intervals","142","163","icu","76.6","76.6","0.0","","","","314.0","89.0","120.0","","","","","100.0","0.0","0.0","76.7","0.0","0.0","0","0.0","0.0","0","","","","","","","","","0.0","","","","","","","","0.0","0.0","","","0","","","15.0","25.253508","","","","","","","NA","above","typical","strength_unknown","","0","0","v3.11",""
"i90147040","5857047.0","2025-08-01","07:30","bike","Ride","intervals","139","156","icu","118.1","109.2","35.05","632.0","676.0","18.0","1017.0","124.0","171.0","154.0","86.30668","18.0","21.61646","58.9","39.6","1.6","64.0","43.1","1.7","4","33.6","13.9","0","10.3;5.3;4.1;13.9","0;0;0;0","0.0","7.0","","","","","0.0","","","","","","","","0.0","0.0","","","0","","","78.0","117.789055","","","","","","","work_steady","typical","typical","endurance_moderate","","0","0","v3.11","1.0"
"i90299353","5857049.0","2025-08-02","08:18","trail_run","TrailRun","intervals","143","161","icu","113.4","111.5","12.43","635.0","640.0","51.1","1196.0","138.0","165.0","159.0","76.795494","","23.049603","58.5","40.7","0.8","64.4","44.8","0.9","5","46.9","19.6","2","19.6;6.4;4.1;7.7;9.1","1;0;0;0;6","0.0","20.9","intervals_fit","running trail","","","0.0","","","","7.73","6.12","80.3","73.3","1.0","1.0","","","0","0.792","","98.0","172.49844","","","","","","","work_steady","typical","typical","endurance_moderate","","0","0","v3.11","1.001"
"i90569650","","2025-08-03","16:42","strength","WeightTraining","intervals","142","163","icu","49.5","49.5","0.0","","","","171.0","85.0","111.0","","","","","100.0","0.0","0.0","49.5","0.0","0.0","0","0.0","0.0","0","","","","","","","","","0.0","","","","","","","","0.0","0.0","","","0","","","8.0","13.822315","","","","","","","NA","typical","typical","strength_unknown","","0","0","v3.11",""
"i90607123","5857050.0","2025-08-04","07:24","bike","Ride","intervals","139","156","icu","167.9","157.1","60.97","240.0","249.0","3.9","1349.0","119.0","155.0","144.0","88.521255","","24.234283","92.0","8.0","0.0","143.8","12.4","0.0","1","3.3","3.3","0","3.3","0","0.0","8.5","","","","","0.0","","","","","","","","0.0","0.0","","","0","","","89.0","147.32527","","","","","","","easy","above","above","endurance_easy","","0","0","v3.11","1.0"
"i90758415","","2025-08-05","09:13","road_run","VirtualRun","intervals","143","161","icu","85.2","83.6","11.93","","","","843.0","131.0","160.0","156.0","79.72702","","","92.3","7.7","0.0","76.8","6.4","0.0","1","6.6","6.6","0","6.6","0","0.0","5.2","intervals_fit","running indoor_running","","","0.0","","","","8.58","8.66","79.5","79.9","1.0","1.0","","","1","1.009","","62.0","105.58364","","","","","","","work_moderate","below","below","endurance_moderate","","0","0","v3.11","1.0"
"i90967519","","2025-08-06","08:52","strength","WeightTraining","intervals","142","163","icu","103.1","103.1","0.0","","","","455.0","93.0","137.0","","","","","100.0","0.0","0.0","103.1","0.0","0.0","0","0.0","0.0","0","","","","","","","","","0.0","","","","","","","","0.0","0.0","","","0","","","23.0","38.67483","","","","","","","NA","above","above","strength_unknown","","0","0","v3.11",""
"i91130459","","2025-08-07","09:19","swim","Swim","intervals","134","149","icu","60.9","60.1","1.7","","","","503.0","117.0","139.0","126.0","46.0","","","99.0","1.0","0.0","59.5","0.6","0.0","0","0.0","0.0","0","","","0.0","-8.7","","","","","0.0","","","","","","","","0.0","0.0","","","0","","","28.0","50.969685","","","","","","","easy","typical","typical","endurance_easy","","0","0","v3.11","1.001"
"i91265018","","2025-08-07","16:14","strength","WeightTraining","intervals","142","163","icu","22.1","22.1","0.0","","","","82.0","84.0","109.0","","","","","100.0","0.0","0.0","22.1","0.0","0.0","0","0.0","0.0","0","","","","","","","","","0.0","","","","","","","","0.0","0.0","","","0","","","3.0","5.7101297","","","","","","","NA","below","below","strength_unknown","","0","0","v3.11",""
"i91284823","5857051.0","2025-08-08","08:39","trail_run","TrailRun","intervals","143","161","icu","91.8","90.3","6.16","544.0","546.0","88.3","872.0","128.0","157.0","150.0","61.208443","","24.23356","75.2","24.8","0.0","66.7","21.9","0.0","5","17.4","4.0","0","3.3;4.0;3.4;3.6;3.1","0;0;0;0;0","0.0","-17.4","intervals_fit","running trail","","","0.0","","","","4.12","4.5","59.5","62.9","1.0","1.0","","","0","1.092","","62.0","103.80465","","","","","","","work_moderate","below","below","endurance_moderate","","0","0","v3.11","1.0"
"i91423128","5857052.0","2025-08-09","07:57","bike","Ride","intervals","139","156","icu","158.7","145.4","35.83","833.0","831.0","23.2","1295.0","118.0","150.0","143.0","80.08976","","23.812635","87.0","13.0","0.0","126.3","18.8","0.0","3","18.4","8.4","0","4.5;5.5;8.4","0;0;0","0.0","-61.0","","","","","0.0","","","","","","","","0.0","0.0","","","0","","","77.0","117.752686","","","","","","","work_moderate","typical","typical","endurance_moderate","","0","0","v3.11","1.0"
"i91564725","5857054.0","2025-08-10","08:18","trail_run","TrailRun","intervals","143","161","icu","71.0","70.7","10.13","138.0","130.0","13.6","697.0","130.0","163.0","137.0","81.726524","","25.791452","99.4","0.5","0.1","70.2","0.3","0.1","0","0.0","0.0","0","","","0.0","1.7","intervals_fit","running trail","","","0.0","","","","8.92","8.54","82.5","80.9","1.0","1.0","","","0","0.957","","48.0","85.85204","","","","","","","easy","typical","typical","endurance_easy","","0","0","v3.11","1.0"
"i91905269","5857055.0","2025-08-12","07:48","bike","Ride","intervals","139","156","icu","173.6","168.9","53.35","993.0","974.0","18.6","1516.0","124.0","165.0","152.0","84.9429","","26.372478","68.0","30.3","1.7","114.7","51.1","2.9","5","54.9","27.1","5","12.3;4.6;3.5;7.4;27.1","0;0;0;0;11","0.0","0.6","","","","","0.0","","","","","","","","0.0","0.0","","","0","","","114.0","182.19287","","","","","","","work_steady","typical","typical","endurance_moderate","","0","0","v3.11","1.0"
"i92092232","5857056.0","2025-08-13","08:30","trail_run","TrailRun","intervals","143","161","icu","113.7","110.2","12.34","498.0","502.0","40.4","1112.0","131.0","169.0","155.0","74.42664","","26.800985","66.6","33.3","0.2","71.5","35.8","0.2","5","34.9","11.3","0","4.6;4.2;8.7;6.1;11.3","0;0;0;0;1","0.0","-14.5","intervals_fit","running trail","","","0.0","","","","6.42","7.65","72.3","76.5","1.0","1.0","","","0","1.192","","85.0","144.90338","","","","","","","work_steady","typical","typical","endurance_moderate","","0","0","v3.11","1.0"
"i93437370","","2025-08-14","10:15","strength","WeightTraining","intervals","142","163","icu","149.6","149.5","0.0","","","","301.0","63.0","111.0","","","","","100.0","0.0","0.0","149.7","0.0","0.0","0","0.0","0.0","0","","","","","","","","","0.0","","","","","","","","0.0","0.0","","","0","","","8.0","11.285307","","","","","","","NA","typical","typical","strength_unknown","","0","0","v3.11",""
"i92421844","","2025-08-14","17:47","strength","WeightTraining","intervals","142","163","icu","73.3","73.3","0.0","","","","222.0","81.0","115.0","","","","","100.0","0.0","0.0","73.3","0.0","0.0","0","0.0","0.0","0","","","","","","","","","0.0","","","","","","","","0.0","0.0","","","0","","","10.0","17.10991","","","","","","","NA","typical","typical","strength_unknown","","0","0","v3.11",""
"i92670487","","2025-08-16","09:49","swim","Swim","intervals","134","149","icu","39.4","38.6","0.95","","","","295.0","111.0","142.0","126.0","39.0","","","98.5","1.5","0.0","38.1","0.6","0.0","0","0.0","0.0","0","","","0.0","-5.7","","","","","0.0","","","","","","","","0.0","0.0","","","0","","","16.0","29.126804","","","","","","","easy","below","below","endurance_easy","","0","0","v3.11","1.0"
"i92670438","","2025-08-16","17:04","strength","WeightTraining","intervals","142","163","icu","85.3","85.2","0.0","","","","285.0","85.0","120.0","","","","","100.0","0.0","0.0","85.3","0.0","0.0","0","0.0","0.0","0","","","","","","","","","0.0","","","","","","","","0.0","0.0","","","0","","","15.0","26.057661","","","","","","","NA","typical","typical","strength_unknown","","0","0","v3.11",""
"i92974425","","2025-08-18","09:03","mobility","Workout","intervals","142","163","icu","62.9","62.9","0.0","","","","494.0","113.0","127.0","","","","","100.0","0.0","0.0","62.9","0.0","0.0","0","0.0","0.0","0","","","","","","","","","0.0","","","","","","","","0.0","0.0","","","0","","","29.0","51.04996","","","","","","","NA","unknown","unknown","mobility","","0","0","v3.11",""
"i93100225","","2025-08-18","17:52","strength","WeightTraining","intervals","142","163","icu","45.2","45.2","0.0","","","","154.0","85.0","110.0","","","","","100.0","0.0","0.0","45.2","0.0","0.0","0","0.0","0.0","0","","","","","","","","","0.0","","","","","","","","0.0","0.0","","","0","","","8.0","14.622898","","","","","","","NA","typical","typical","strength_unknown","","0","0","v3.11",""
"i93251000","","2025-08-19","18:21","strength","WeightTraining","intervals","142","163","icu","55.5","55.5","0.0","","","","236.0","92.0","127.0","","","","","100.0","0.0","0.0","55.5","0.0","0.0","0","0.0","0.0","0","","","","","","","","","0.0","","","","","","","","0.0","0.0","","","0","","","13.0","20.55556","","","","","","","NA","typical","typical","strength_unknown","","0","0","v3.11",""
"i93437331","","2025-08-20","15:46","swim","Swim","intervals","134","149","icu","46.7","46.0","1.23","","","","405.0","122.0","138.0","133.0","43.0","","","97.8","2.2","0.0","45.0","1.0","0.0","0","0.0","0.0","0","","","0.0","-14.8","","","","","0.0","","","","","","","","0.0","0.0","","","0","","","26.0","46.320023","","","","","","","easy","typical","typical","endurance_easy","","0","0","v3.11","1.0"
"i93437271","5857057.0","2025-08-21","08:19","bike","Ride","intervals","139","156","icu","124.3","124.1","45.05","364.0","361.0","8.1","965.0","115.0","158.0","151.0","89.46448","","21.667377","87.9","11.5","0.6","109.0","14.3","0.8","1","8.6","8.6","6","8.6","6","1.0","-1.2","","","","","0.0","","","","","","","","0.0","0.0","","","0","","","62.0","99.11026","","","","","","","work_moderate","below","below","endurance_moderate","","0","0","v3.11","1.0"
"i93605798","5857058.0","2025-08-22","08:06","bike","Ride","intervals","139","156","icu","139.7","134.4","53.1","208.0","214.0","3.9","1090.0","116.0","151.0","139.0","93.37033","","23.549417","95.1","4.9","0.0","127.5","6.6","0.0","0","0.0","0.0","0","","","0.0","13.3","","","","","0.0","","","","","","","","0.0","0.0","","","0","","","68.0","114.016464","","","","","","","easy","above","above","endurance_easy","","0","0","v3.11","1.0"
"i93761627","","2025-08-22","18:32","strength","WeightTraining","intervals","142","163","icu","57.6","57.6","0.0","","","","224.0","90.0","119.0","","","","","100.0","0.0","0.0","57.6","0.0","0.0","0","0.0","0.0","0","","","","","","","","","0.0","","","","","","","","0.0","0.0","","","0","","","12.0","20.284388","","","","","","","NA","typical","typical","strength_unknown","","0","0","v3.11",""
"i93761623","5857059.0","2025-08-23","08:20","trail_run","TrailRun","intervals","143","161","icu","96.2","91.9","10.74","334.0","332.0","31.1","1009.0","137.0","165.0","160.0","78.579285","","23.388727","68.2","28.2","3.6","61.2","25.3","3.3","4","17.8","7.0","18","4.1;3.2;7.0;3.5","9;16;35;0","0.0","8.7","intervals_fit","running trail","","","0.0","","","","7.51","7.05","80.1","77.1","1.0","1.0","","","0","0.939","","79.0","138.65085","","","","","","","work_intense","unknown","unknown","endurance_hard","","0","0","v3.11","1.0"
"i94103464","","2025-08-25","08:14","strength","WeightTraining","intervals","142","163","icu","102.3","102.3","0.0","","","","432.0","91.0","120.0","","","","","100.0","0.0","0.0","102.3","0.0","0.0","0","0.0","0.0","0","","","","","","","","","0.0","","","","","","","","0.0","0.0","","","0","","","22.0","38.44645","","","","","","","NA","above","above","strength_unknown","","0","0","v3.11",""
"i94273545","5857060.0","2025-08-26","07:42","bike","Ride","intervals","139","156","icu","150.0","149.2","50.83","382.0","376.0","7.5","1162.0","114.0","169.0","145.0","86.76303","59.0","23.881325","92.3","5.0","2.7","137.7","7.4","4.1","0","0.0","0.0","0","","","0.0","-11.9","","","","","0.0","","","","","","","","0.0","0.0","","","0","","","73.0","119.30934","","","","","","","easy","above","above","endurance_easy","","0","0","v3.11","1.0"
"i94453093","5857061.0","2025-08-27","08:36","trail_run","TrailRun","intervals","143","161","icu","85.2","84.1","12.28","96.0","94.0","7.8","831.0","130.0","151.0","147.0","81.20904","","23.822704","88.5","11.5","0.0","74.0","9.7","0.0","2","12.9","6.9","0","6.9;6.0","0;0","1.0","2.7","intervals_fit","running trail","","","0.0","","","","8.44","9.33","80.2","82.2","1.0","1.0","","","0","1.105","","60.0","105.5874","","","","","","","work_moderate","below","below","endurance_moderate","","0","0","v3.11","1.0"
"i94658875","5857062.0","2025-08-28","07:36","bike","Ride","intervals","139","156","icu","235.8","219.5","72.96","792.0","792.0","10.9","1866.0","117.0","161.0","143.0","88.19513","","23.255915","92.9","6.8","0.4","203.4","14.9","0.8","3","10.3","3.9","0","3.9;3.1;3.3","0;0;0","0.0","-28.2","","","","","0.0","","","","","","","","0.0","0.0","","","0","","","113.0","180.66022","","","","","","","work_moderate","typical","typical","endurance_moderate","","0","0","v3.11","1.0"
"i94812549","5857064.0","2025-08-29","07:39","trail_run","TrailRun","intervals","143","161","icu","138.3","138.1","18.25","326.0","326.0","17.9","1319.0","128.0","155.0","143.0","81.08502","","21.14861","95.4","4.6","0.0","131.3","6.3","0.0","1","4.6","4.6","0","4.6","0","0.0","-12.9","intervals_fit","running trail","","","0.0","","","","7.8","8.35","80.2","82.0","1.0","1.0","","","1","1.071","","91.0","164.20573","","","","","","","easy","above","above","endurance_easy","","0","0","v3.11","1.0"
"i94994141","5857065.0","2025-08-30","08:18","bike","Ride","intervals","139","156","icu","319.8","295.6","93.18","1372.0","1385.0","14.7","2637.0","120.0","168.0","154.0","83.273865","49.0","24.007294","84.1","12.4","3.5","247.9","36.6","10.2","4","27.5","10.7","36","3.8;10.7;3.6;9.4","0;30;0;71","1.0","-10.8","","","","","0.0","","","","","","","","0.0","0.0","","","0","","","175.0","277.69928","","","","","","","work_intense","unknown","unknown","endurance_hard","","0","0","v3.11","1.0"
"i95104478","5857066.0","2025-08-30","17:34","bike","Ride","intervals","139","156","icu","21.9","17.2","5.19","71.0","58.0","13.7","156.0","112.0","133.0","129.0","72.476074","","25.436255","100.0","0.0","0.0","16.7","0.0","0.0","0","0.0","0.0","0","","","0.0","","","","","","0.0","","","","","","","","0.0","0.0","","","0","","","8.0","12.7403345","","","","","","","easy","below","below","endurance_easy","","0","0","v3.11","0.999"
"i95278760","","2025-08-31","09:00","strength","WeightTraining","intervals","142","163","icu","38.4","38.4","0.0","","","","97.0","77.0","94.0","","","","","100.0","0.0","0.0","38.4","0.0","0.0","0","0.0","0.0","0","","","","","","","","","0.0","","","","","","","","0.0","0.0","","","0","","","4.0","6.458831","","","","","","","NA","below","below","strength_unknown","","0","0","v3.11",""
"i95335945","5857068.0","2025-09-01","14:54","trail_run","TrailRun","intervals","143","161","icu","104.3","103.5","7.19","648.0","664.0","90.1","1150.0","143.0","169.0","165.0","63.941402","37.0","25.391533","47.4","32.9","19.7","48.8","33.9","20.4","7","49.0","12.1","42","12.1;6.8;8.5;5.9;9.2;3.1;3.4","38;50;55;54;42;0;18","0.0","-13.7","intervals_fit","running trail","","","0.0","","","","4.35","4.33","65.3","62.6","1.0","1.0","","","0","0.995","","106.0","181.85736","","","","","","","work_intense","unknown","unknown","endurance_hard","","0","0","v3.11","1.0"
"i95709205","5857069.0","2025-09-02","14:39","bike","Ride","intervals","139","156","icu","126.8","120.6","36.91","814.28503","808.799","22.1","1153.0","127.0","156.0","151.0","84.958015","","27.758236","59.7","40.3","0.0","71.2","48.1","0.0","6","49.7","15.1","0","3.7;15.1;4.6;7.2;6.8;12.3","0;0;0;0;0;0","0.0","-16.0","","","","","0.0","","","","","","","","0.0","0.0","","","0","","","86.0","139.58939","","","","","","","work_steady","typical","typical","endurance_moderate","","0","0","v3.11","1.0"
"i95702752","5857071.0","2025-09-03","15:05","trail_run","TrailRun","intervals","143","161","icu","96.0","94.6","6.68","568.0","582.0","85.0","1003.0","137.0","166.0","161.0","61.740242","","28.36894","51.7","43.5","4.8","48.8","41.0","4.5","7","44.8","13.8","10","13.8;3.1;3.7;9.1;3.0;3.5;8.6","14;0;24;2;0;0;16","0.0","-21.6","intervals_fit","running trail","","","0.0","","","","4.25","4.58","61.6","61.9","1.0","1.0","","","0","1.078","","86.0","142.64822","5.0","","","","","","work_steady","typical","typical","endurance_moderate","","1","0","v3.11","1.0"
"i95927548","","2025-09-04","15:02","strength","WeightTraining","intervals","142","163","icu","83.8","83.8","0.0","","","","355.0","92.0","125.0","","","","","100.0","0.0","0.0","83.8","0.0","0.0","0","0.0","0.0","0","","","","","","","","","0.0","","","","","","","","0.0","0.0","","","0","","","19.0","31.86874","","","","","","","NA","above","above","strength_unknown","","0","0","v3.11",""
"i96064843","5857072.0","2025-09-05","16:13","bike","Ride","intervals","139","156","icu","148.6","138.7","41.68","912.0","894.0","21.9","1322.0","125.0","160.0","154.0","85.23139","","23.56932","66.3","32.1","1.6","91.8","44.4","2.2","4","42.5","14.0","5","14.0;11.1;5.2;12.2","6;0;0;11","0.0","-32.1","","","","","0.0","","","","","","","","0.0","0.0","","","0","","","99.0","155.46693","4.0","","","","","","work_steady","typical","typical","endurance_moderate","","1","0","v3.11","1.0"
"i96227712","5857073.0","2025-09-06","17:07","trail_run","TrailRun","intervals","143","161","icu","80.3","78.8","5.03","480.0","460.0","95.4","772.0","129.0","163.0","159.0","57.674217","","25.577608","63.2","34.8","2.0","49.5","27.3","1.5","5","23.5","9.9","7","3.8;3.5;3.0;9.9;3.3","0;0;0;15;0","0.0","0.7","intervals_fit","running trail","","","0.0","","","","4.04","3.93","57.7","57.7","1.0","1.0","","","0","0.973","","59.0","94.2127","","","","","","","work_steady","below","below","endurance_moderate","","0","0","v3.11","1.0"
"i96295541","5857074.0","2025-09-07","07:40","bike","Ride","intervals","139","156","icu","196.5","183.6","77.1","169.0","150.0","2.2","1548.0","116.0","146.0","137.0","89.1522","","22.7525","97.7","2.3","0.0","178.6","4.3","0.0","0","0.0","0.0","0","","","0.0","2.6","","","","","0.0","","","","","","","","0.0","0.0","","","0","","","92.0","148.83975","","","","","","","easy","above","above","endurance_easy","","0","0","v3.11","1.0"
"i96501192","","2025-09-08","16:16","strength","WeightTraining","intervals","142","163","icu","70.2","70.2","0.0","","","","248.0","86.0","113.0","","","","","100.0","0.0","0.0","70.2","0.0","0.0","0","0.0","0.0","0","","","","","","","","","0.0","","","","","","","","0.0","0.0","","","0","","","12.0","21.089247","","","","","","","NA","typical","typical","strength_unknown","","0","0","v3.11",""
"i96697728","5857076.0","2025-09-09","15:37","trail_run","TrailRun","intervals","143","161","icu","130.5","128.2","10.08","894.0","878.0","88.7","1283.0","132.0","162.0","158.0","64.56882","","22.787407","60.4","39.3","0.3","76.8","50.0","0.3","9","48.4","9.1","1","7.1;3.2;3.5;3.6;4.6;3.4;4.9;9.0;9.1","0;0;0;8;0;0;0;0;1","0.0","-2.7","intervals_fit","running trail","","","0.0","","","","4.85","5.0","64.2","64.9","1.0","1.0","","","0","1.031","","102.0","166.28976","","","","","","","work_steady","typical","typical","endurance_moderate","","0","0","v3.11","1.0"
"i96841338","5857077.0","2025-09-10","15:28","trail_run","TrailRun","intervals","143","161","icu","101.1","100.1","9.43","648.0","668.0","68.7","1059.0","138.0","167.0","163.8","69.75","54.0","26.840986","59.0","33.1","7.9","58.8","33.0","7.9","6","34.2","12.0","23","5.2;3.9;5.8;4.2;12.0;3.1","11;0;52;26;26;0","0.0","-5.5","intervals_fit","running trail","","","0.0","","","","5.96","5.63","71.7","67.8","1.0","1.0","","","0","0.945","","90.0","152.30336","","","","","","","work_intense","unknown","unknown","endurance_hard","","0","0","v3.11","1.0"
"i96940166","5857078.0","2025-09-11","07:15","bike","Ride","intervals","139","156","icu","183.4","172.3","68.4","173.0","168.0","2.5","1417.0","115.0","149.0","141.0","88.09396","","22.109095","94.2","5.8","0.0","161.8","10.0","0.0","2","7.6","4.4","0","4.4;3.2","0;0","0.0","-1.6","","","","","0.0","","","","","","","","0.0","0.0","","","0","","","88.0","146.07214","","","","","","","work_moderate","typical","typical","endurance_moderate","","0","0","v3.11","1.0"
"i97148583","5857080.0","2025-09-12","16:28","road_run","Run","intervals","143","161","icu","82.0","81.2","9.85","561.0","584.0","57.0","831.0","132.0","172.0","169.0","76.72591","44.0","22.299849","69.9","10.4","19.6","56.5","8.4","15.9","3","23.9","12.3","66","3.6;8.0;12.3","69;36;85","0.0","53.0","intervals_fit","running generic","","","0.0","","","","8.76","6.09","81.4","72.1","1.0","1.0","","","0","0.695","","68.0","107.48111","","","","","","","work_intense","below","unknown","endurance_hard","","0","0","v3.11","1.001"
"i97353000","5857081.0","2025-09-14","08:41","trail_run","TrailRun","intervals","143","161","icu","136.6","134.4","9.65","1122.0","1123.0","116.3","1471.0","140.0","169.0","165.0","63.52542","25.0","21.570127","48.1","37.9","14.0","63.8","50.3","18.6","7","63.5","14.9","29","10.8;9.3;4.1;14.9;5.5;7.9;11.0","0;51;58;9;0;26;73","0.0","-4.8","intervals_fit","running trail","","","0.0","","","","4.38","4.67","62.3","64.7","1.0","1.0","","","0","1.066","","132.0","220.7571","","","","","","","work_intense","above","unknown","endurance_hard","","0","0","v3.11","1.0"
"i97660836","","2025-09-16","15:13","swim","Swim","intervals","134","149","icu","63.2","62.5","2.02","","","","564.0","123.0","147.0","136.0","40.0","","","92.9","7.1","0.0","58.1","4.5","0.0","0","0.0","0.0","0","","","0.0","0.2","","","","","0.0","","","","","","","","0.0","0.0","","","0","","","38.0","68.00259","3.0","","","","","","easy","typical","typical","endurance_easy","","1","0","v3.11","1.0"
"i98197991","5857082.0","2025-09-20","07:57","hike","Hike","intervals","143","161","icu","573.1","476.5","27.07","1352.0","1605.0","49.9","4408.0","113.0","151.0","136.0","","","17.425789","99.5","0.5","0.0","460.6","2.1","0.0","0","0.0","0.0","0","","","0.0","-18.1","intervals_fit","hiking generic","","","0.0","","","","3.46","3.81","","","1.0","0.0","","","1","1.101","","192.0","305.08328","","","","","","","easy","above","above","endurance_easy","","0","0","v3.11","1.0"
"i98303159","5857083.0","2025-09-21","10:41","hike","Hike","intervals","143","161","icu","225.1","198.2","11.24","1141.0","270.0","101.5","1664.0","110.0","142.0","130.0","","","11.32955","100.0","0.0","0.0","192.6","0.0","0.0","0","0.0","0.0","0","","","1.0","31.7","intervals_fit","hiking generic","","","0.0","","","","4.01","3.12","","","1.0","0.0","","","1","0.778","","82.0","130.95486","","","","","","","finish_strong","typical","above","endurance_easy","","0","0","v3.11","1.0"
"i98610284","5857084.0","2025-09-22","07:47","hike","Hike","intervals","143","161","icu","642.2","502.9","23.74","1633.0","2018.0","68.8","4720.0","110.0","153.0","133.0","","","2.363308","99.8","0.2","0.0","481.7","1.1","0.0","0","0.0","0.0","0","","","0.0","5.4","intervals_fit","hiking generic","","","0.0","","","","3.11","3.02","","","1.0","0.0","","","1","0.971","","217.0","332.2257","","","","","","","easy","above","above","endurance_easy","","0","0","v3.11","1.0"
"i98610207","5857085.0","2025-09-23","08:04","hike","Hike","intervals","143","161","icu","615.3","420.9","19.7","1566.0","1193.0","79.5","4063.0","106.0","147.0","130.0","","","1.6687851","99.9","0.1","0.0","405.0","0.2","0.0","0","0.0","0.0","0","","","0.0","-0.1","intervals_fit","hiking generic","","","0.0","","","","2.98","3.13","","","1.0","0.0","","","1","1.05","","184.0","243.575","","","","","","","easy","above","above","endurance_easy","","0","0","v3.11","1.0"
"i98714725","5857086.0","2025-09-24","08:15","hike","Hike","intervals","143","161","icu","385.4","304.7","20.42","468.0","1381.0","22.9","2045.0","89.0","132.0","112.0","","","6.4127464","100.0","0.0","0.0","299.2","0.0","0.0","0","0.0","0.0","0","","","0.0","-11.5","intervals_fit","hiking generic","","","0.0","","","","3.81","4.54","","","1.0","0.0","","","1","1.192","","60.0","87.29901","","","","","","","easy","typical","typical","endurance_easy","","0","0","v3.11","1.0"
"i99050880","","2025-09-26","15:53","swim","Swim","intervals","134","149","icu","60.2","59.4","1.95","","","","487.0","115.0","132.0","123.8","41.0","","","100.0","0.0","0.0","59.4","0.0","0.0","0","0.0","0.0","0","","","0.0","-4.7","","","","","0.0","","","","","","","","0.0","0.0","","","0","","","27.0","47.464813","","","","","","","easy","typical","typical","endurance_easy","","0","0","v3.11","1.0"
"i99050873","","2025-09-26","17:15","strength","WeightTraining","intervals","142","163","icu","48.3","48.3","0.0","","","","182.0","88.0","147.0","","","","","99.1","0.9","0.0","47.9","0.4","0.0","0","0.0","0.0","0","","","","","","","","","0.0","","","","","","","","0.0","0.0","","","0","","","9.0","14.851965","","","","","","","NA","typical","typical","strength_unknown","","0","0","v3.11",""
"i99114853","","2025-09-27","08:39","road_run","VirtualRun","intervals","143","161","icu","70.5","68.6","10.08","","","","715.0","133.0","170.0","168.0","81.79454","13.0","","64.1","24.9","11.1","43.6","16.9","7.5","1","24.9","24.9","30","24.9","30","1.0","24.0","intervals_fit","running indoor_running","","","0.0","","","","8.83","8.99","81.6","82.0","1.0","1.0","","","0","1.018","","60.0","95.89472","","","","","","","work_intense","below","unknown","endurance_hard","","0","0","v3.11","1.0"
"i99328799","5857087.0","2025-09-28","17:01","bike","Ride","intervals","139","156","icu","166.2","157.4","48.66","876.0","858.0","18.0","1329.0","117.0","151.0","141.0","83.536766","","20.920105","91.8","8.2","0.0","144.2","12.9","0.0","1","9.5","9.5","0","9.5","0","0.0","-7.2","","","","","0.0","","","","","","","","0.0","0.0","","","0","","","86.0","143.29152","","","","","","","work_moderate","typical","typical","endurance_moderate","","0","0","v3.11","1.0"
"i99424683","5857088.0","2025-09-29","14:33","trail_run","TrailRun","intervals","143","161","icu","73.3","72.9","10.02","259.0","258.0","25.8","689.0","126.0","146.0","135.0","80.2527","","22.852564","99.7","0.3","0.0","72.6","0.2","0.0","0","0.0","0.0","0","","","0.0","3.7","intervals_fit","running trail","","","0.0","","","","8.41","8.38","80.6","79.9","1.0","1.0","","","0","0.996","","47.0","85.856804","","","","","","","easy","typical","typical","endurance_easy","","0","0","v3.11","1.0"
"i99573277","","2025-09-30","09:17","strength","WeightTraining","intervals","142","163","icu","66.6","66.6","0.0","","","","221.0","81.0","126.0","","","","","100.0","0.0","0.0","66.6","0.0","0.0","0","0.0","0.0","0","","","","","","","","","0.0","","","","","","","","0.0","0.0","","","0","","","11.0","17.779486","","","","","","","NA","typical","typical","strength_unknown","","0","0","v3.11",""
"i99573221","","2025-09-30","15:29","swim","Swim","intervals","134","149","icu","46.6","45.0","1.45","","","","416.0","125.0","156.0","139.0","45.0","","","84.3","15.2","0.5","38.0","6.8","0.2","1","7.4","7.4","0","7.4","0","1.0","8.3","","","","","0.0","","","","","","","","0.0","0.0","","","0","","","29.0","51.08919","","","","","","","work_moderate","below","below","endurance_moderate","","0","0","v3.11","1.0"
"i99573191","","2025-09-30","16:18","swim","Swim","intervals","134","149","icu","15.6","14.8","0.47","","","","141.0","127.0","145.0","140.0","41.0","","","84.0","16.0","0.0","12.4","2.4","0.0","0","0.0","0.0","0","","","0.0","","","","","","0.0","","","","","","","","0.0","0.0","","","0","","","10.0","17.64195","","","","","","","easy","below","below","endurance_easy","","0","0","v3.11","1.004"
"i99573166","","2025-09-30","16:44","strength","WeightTraining","intervals","142","163","icu","34.9","34.8","0.0","","","","171.0","97.0","122.0","","","","","100.0","0.0","0.0","34.9","0.0","0.0","0","0.0","0.0","0","","","","","","","","","0.0","","","","","","","","0.0","0.0","","","0","","","10.0","16.952211","","","","","","","NA","typical","typical","strength_unknown","","0","0","v3.11",""
"i99725308","5857069.0","2025-10-01","13:51","bike","Ride","intervals","139","156","icu","122.0","118.7","36.84","824.0","806.0","22.4","1125.0","129.0","163.0","158.0","83.35277","","22.825739","65.2","26.9","7.9","77.3","32.0","9.3","5","37.7","16.6","25","16.6;4.0;3.5;7.6;6.0","56;0;0;0;0","0.0","-19.2","","","","","0.0","","","","","","","","0.0","0.0","","","0","","","88.0","146.59285","","","","","","","work_intense","typical","unknown","endurance_hard","","0","0","v3.11","1.0"
"i99868771","5857092.0","2025-10-02","14:26","trail_run","TrailRun","intervals","143","161","icu","103.3","101.2","8.02","694.0","693.0","86.5","1078.0","137.0","172.0","166.0","63.924118","40.0","21.519794","56.6","33.8","9.6","56.5","33.7","9.5","6","42.3","12.6","23","12.6;12.4;7.2;3.5;3.3;3.3","68;8;0;0;0;0","0.0","-4.5","intervals_fit","running trail","","","0.0","","","","5.28","4.72","66.6","61.3","1.0","1.0","","","0","0.894","","90.0","151.29138","","","","","","","work_intense","typical","unknown","endurance_hard","","0","0","v3.11","1.0"
"i99993443","","2025-10-03","08:47","strength","WeightTraining","intervals","142","163","icu","69.9","69.9","0.0","","","","289.0","90.0","127.0","","","","","100.0","0.0","0.0","70.0","0.0","0.0","0","0.0","0.0","0","","","","","","","","","0.0","","","","","","","","0.0","0.0","","","0","","","15.0","25.967854","","","","","","","NA","above","typical","strength_unknown","","0","0","v3.11",""
"i100075358","","2025-10-03","15:27","swim","Swim","intervals","134","149","icu","52.2","51.6","2.9","","","","458.0","125.0","146.0","140.0","49.0","","","77.9","22.1","0.0","40.2","11.4","0.0","1","5.5","5.5","0","5.5","0","1.0","23.7","","","","","0.0","","","","","","","","0.0","0.0","","","0","","","33.0","57.839905","","","","","","","work_moderate","below","below","endurance_moderate","","0","0","v3.11","1.0"
"i100075348","","2025-10-03","16:29","strength","WeightTraining","intervals","142","163","icu","24.8","24.8","0.0","","","","153.0","103.0","126.0","","","","","100.0","0.0","0.0","24.8","0.0","0.0","0","0.0","0.0","0","","","","","","","","","0.0","","","","","","","","0.0","0.0","","","0","","","8.0","14.389469","","","","","","","NA","below","typical","strength_unknown","","0","0","v3.11",""
"i100176245","5857093.0","2025-10-04","08:18","bike","Ride","intervals","139","156","icu","131.2","129.8","52.37","217.0","217.0","4.1","1088.0","121.0","152.0","142.0","88.63529","","20.144606","92.0","8.0","0.0","119.4","10.4","0.0","1","3.3","3.3","0","3.3","0","0.0","5.2","","","","","0.0","","","","","","","","0.0","0.0","","","0","","","74.0","130.49405","","","","","","","easy","typical","above","endurance_easy","","0","0","v3.11","1.0"
"i100356286","5857095.0","2025-10-05","09:30","trail_run","TrailRun","intervals","143","161","icu","115.2","111.5","12.7","436.0","435.0","34.3","1110.0","129.0","162.0","152.0","77.34819","","19.96762","84.3","15.5","0.1","92.2","17.0","0.1","2","9.8","5.7","1","4.1;5.7","0;2","0.0","-0.3","intervals_fit","running trail","","","0.0","","","","7.35","6.83","78.7","76.0","1.0","1.0","","","1","0.929","","76.0","127.237656","","","","","","","work_moderate","typical","typical","endurance_moderate","","0","0","v3.11","1.001"
"i100583862","","2025-10-06","14:19","elliptical","Elliptical","intervals","142","163","icu","60.0","60.0","0.0","","","","544.0","124.0","146.0","138.0","","","","97.6","2.4","0.0","58.5","1.5","0.0","0","0.0","0.0","0","","","1.0","","","","","","0.0","","","","","","","","0.0","0.0","","","0","","","36.0","62.932003","","","","","","","finish_strong","typical","typical","endurance_easy","","0","0","v3.11","1.0"
"i100607801","","2025-10-06","15:25","strength","WeightTraining","intervals","142","163","icu","51.8","51.8","0.0","","","","231.0","92.0","109.0","","","","","100.0","0.0","0.0","51.8","0.0","0.0","0","0.0","0.0","0","","","","","","","","","0.0","","","","","","","","0.0","0.0","","","0","","","11.0","19.705631","","","","","","","NA","typical","typical","strength_unknown","","0","0","v3.11",""
"i100765545","","2025-10-07","14:55","road_run","VirtualRun","intervals","143","161","icu","94.2","89.8","13.44","","","","1069.0","145.0","165.0","160.0","81.74953","","","18.1","80.2","1.7","16.2","71.7","1.5","1","76.1","76.1","2","76.1","2","0.0","12.3","intervals_fit","running indoor_running","","","0.0","","","","9.14","8.94","81.4","82.1","1.0","1.0","","","1","0.978","","100.0","166.91135","","","","","","","work_steady","above","typical","endurance_moderate","","0","0","v3.11","1.001"
"i100930290","5857096.0","2025-10-08","13:24","bike","Ride","intervals","139","156","icu","142.2","137.5","53.62","133.0","93.0","2.5","1149.0","118.0","144.0","135.0","88.29218","","23.584019","99.1","0.9","0.0","136.1","1.2","0.0","0","0.0","0.0","0","","","0.0","3.9","","","","","0.0","","","","","","","","0.0","0.0","","","0","","","71.0","121.92132","","","","","","","easy","typical","above","endurance_easy","","0","0","v3.11","1.0"
"i101049088","","2025-10-09","08:40","strength","WeightTraining","intervals","142","163","icu","70.0","69.9","0.0","","","","307.0","92.0","143.0","","","","","99.9","0.1","0.0","69.9","0.1","0.0","0","0.0","0.0","0","","","","","","","","","0.0","","","","","","","","0.0","0.0","","","0","","","17.0","26.588976","","","","","","","NA","above","above","strength_unknown","","0","0","v3.11",""
"i101111633","","2025-10-09","15:23","swim","Swim","intervals","134","149","icu","45.9","44.8","0.8","","","","403.0","125.0","156.0","144.0","28.0","","","79.3","19.3","1.4","26.0","6.3","0.5","0","0.0","0.0","0","","","1.0","5.2","","","","","0.0","","","","","","","","0.0","0.0","","","0","","","28.0","49.098087","","","","","","","finish_strong","below","typical","endurance_easy","","0","0","v3.11","1.0"
"i101111617","","2025-10-09","16:27","strength","WeightTraining","intervals","142","163","icu","22.6","22.5","0.0","","","","117.0","96.0","120.0","","","","","100.0","0.0","0.0","22.6","0.0","0.0","0","0.0","0.0","0","","","","","","","","","0.0","","","","","","","","0.0","0.0","","","0","","","6.0","9.904299","","","","","","","NA","below","below","strength_unknown","","0","0","v3.11",""
"i101312429","5857097.0","2025-10-10","15:59","bike","Ride","intervals","139","156","icu","147.7","139.4","40.54","876.0","876.0","21.6","1226.0","119.0","152.0","147.0","84.05349","","22.123554","85.3","14.7","0.0","118.5","20.4","0.0","4","18.9","5.3","0","5.3;4.2;4.8;4.6","0;0;0;0","0.0","-6.9","","","","","0.0","","","","","","","","0.0","0.0","","","0","","","82.0","130.70917","","","","","","","work_moderate","typical","typical","endurance_moderate","","0","0","v3.11","1.0"
"i101391434","5857100.0","2025-10-11","08:32","hike","Hike","intervals","143","161","icu","135.0","134.4","18.7","295.0","267.0","15.8","1359.0","133.0","153.0","145.0","","","17.68273","91.8","8.2","0.0","123.4","11.0","0.0","2","9.1","4.8","0","4.3;4.8","0;0","0.0","-6.7","intervals_fit","hiking generic","","","0.0","","","","8.5","8.59","","","1.0","0.0","","","1","1.011","","100.0","180.94926","","","","","","","work_moderate","above","typical","endurance_moderate","","0","0","v3.11","1.0"
"i101680577","","2025-10-13","08:41","strength","WeightTraining","intervals","142","163","icu","64.2","64.2","0.0","","","","251.0","88.0","126.0","","","","","100.0","0.0","0.0","64.2","0.0","0.0","0","0.0","0.0","0","","","","","","","","","0.0","","","","","","","","0.0","0.0","","","0","","","13.0","22.108805","","","","","","","NA","typical","typical","strength_unknown","","0","0","v3.11",""
"i101745724","","2025-10-13","15:32","swim","Swim","intervals","134","149","icu","45.8","45.0","1.5","","","","387.0","119.0","135.0","127.0","44.0","","","100.0","0.0","0.0","45.0","0.0","0.0","0","0.0","0.0","0","","","0.0","0.4","","","","","0.0","","","","","","","","0.0","0.0","","","0","","","24.0","42.814518","","","","","","","easy","below","typical","endurance_easy","","0","0","v3.11","1.0"
"i101745710","","2025-10-13","16:28","strength","WeightTraining","intervals","142","163","icu","29.2","29.2","0.0","","","","118.0","89.0","112.0","","","","","100.0","0.0","0.0","29.2","0.0","0.0","0","0.0","0.0","0","","","","","","","","","0.0","","","","","","","","0.0","0.0","","","0","","","6.0","10.436054","","","","","","","NA","below","below","strength_unknown","","0","0","v3.11",""
"i101920386","5857102.0","2025-10-14","14:40","trail_run","TrailRun","intervals","143","161","icu","130.2","129.9","15.71","846.0","854.0","53.9","1340.0","135.0","157.0","153.0","77.576645","","20.7951","68.6","31.4","0.0","89.0","40.8","0.0","4","46.2","19.8","0","19.8;8.2;11.0;7.2","0;0;0;0","0.0","-4.9","intervals_fit","running trail","","","0.0","","","","7.46","7.41","76.3","78.8","1.0","1.0","","","0","0.993","","106.0","187.79855","","","","","","","work_steady","above","typical","endurance_moderate","","0","0","v3.11","1.0"
"i102086439","5857103.0","2025-10-15","13:49","bike","Ride","intervals","139","156","icu","131.8","127.2","36.79","877.0","864.0","23.8","1136.0","122.0","147.0","143.0","86.12538","","20.917183","85.7","14.3","0.0","108.9","18.1","0.0","2","19.5","15.7","0","3.8;15.7","0;0","0.0","-9.8","","","","","0.0","","","","","","","","0.0","0.0","","","0","","","82.0","139.36992","","","","","","","work_moderate","typical","typical","endurance_moderate","","0","0","v3.11","1.0"
"i102263163","","2025-10-16","15:00","swim","Swim","intervals","134","149","icu","60.6","59.9","2.0","","","","521.0","120.0","133.0","128.0","39.0","","","100.0","0.0","0.0","59.9","0.0","0.0","0","0.0","0.0","0","","","0.0","10.6","","","","","0.0","","","","","","","","0.0","0.0","","","0","","","32.0","56.275795","","","","","","","easy","typical","typical","endurance_easy","","0","0","v3.11","1.0"
"i102263158","","2025-10-16","16:14","strength","WeightTraining","intervals","142","163","icu","61.1","61.0","0.0","","","","273.0","91.0","120.0","","","","","100.0","0.0","0.0","61.1","0.0","0.0","0","0.0","0.0","0","","","","","","","","","0.0","","","","","","","","0.0","0.0","","","0","","","13.0","21.757587","","","","","","","NA","typical","typical","strength_unknown","","0","0","v3.11",""
"i102428086","5857105.0","2025-10-17","15:55","road_run","Run","intervals","143","161","icu","131.4","130.7","18.0","1043.0","1038.0","57.9","1390.0","138.0","164.0","154.0","78.758606","","19.146473","65.0","34.8","0.2","84.7","45.4","0.2","4","41.9","18.4","1","15.8;18.4;3.5;4.2","0;1;0;0","0.0","15.4","intervals_fit","running generic","","","0.0","","","","9.77","7.14","83.1","74.4","1.0","1.0","","","0","0.731","","115.0","203.92596","","","","","","","work_steady","above","typical","endurance_moderate","","0","0","v3.11","1.0"
"i102752075","5857032.0","2025-10-19","17:14","bike","Ride","intervals","139","156","icu","169.1","158.8","63.95","432.0","404.0","6.8","1522.0","127.0","157.0","151.0","94.26493","","20.603048","77.7","22.2","0.1","123.2","35.1","0.2","3","24.5","15.4","1","5.8;3.3;15.4","0;0;1","0.0","-5.6","","","","","0.0","","","","","","","","0.0","0.0","","","0","","","108.0","177.48737","","","","","","","work_steady","above","typical","endurance_moderate","","0","0","v3.11","1.0"
"i102858549","","2025-10-20","15:11","strength","WeightTraining","intervals","142","163","icu","101.5","101.5","0.0","","","","532.0","98.0","141.0","","","","","100.0","0.0","0.0","101.5","0.0","0.0","0","0.0","0.0","0","","","","","","","","","0.0","","","","","","","","0.0","0.0","","","0","","","28.0","46.855255","","","","","","","NA","above","above","strength_unknown","","0","0","v3.11",""
"i103030037","","2025-10-21","14:50","road_run","VirtualRun","intervals","143","161","icu","95.0","92.0","12.83","","","","934.0","133.0","146.0","144.0","79.21062","","","93.7","6.3","0.0","85.9","5.8","0.0","3","14.7","5.5","0","5.5;5.3;3.9","0;0;0","0.0","4.4","intervals_fit","running indoor_running","","","0.0","","","","8.61","8.24","80.1","78.3","1.0","1.0","","","0","0.957","","75.0","127.46812","","","","","","","work_moderate","below","typical","endurance_moderate","","0","0","v3.11","1.0"
"i103217062","5857107.0","2025-10-22","15:21","bike","Ride","intervals","139","156","icu","102.0","93.4","25.72","648.0","624.0","25.2","866.0","124.0","153.0","147.0","83.73821","","25.864796","62.6","37.4","0.0","58.4","34.9","0.0","4","36.5","16.3","0","4.0;16.3;5.7;10.5","0;0;0;0","0.0","-33.2","","","","","0.0","","","","","","","","0.0","0.0","","","0","","","64.0","101.94408","","","","","","","work_steady","below","typical","endurance_moderate","","0","0","v3.11","1.0"
"i103394017","","2025-10-23","15:00","swim","Swim","intervals","134","149","icu","61.7","61.1","2.1","","","","500.0","119.0","142.0","132.0","39.0","","","98.1","1.9","0.0","60.0","1.2","0.0","0","0.0","0.0","0","","","0.0","1.6","","","","","0.0","","","","","","","","0.0","0.0","","","0","","","32.0","57.335712","","","","","","","easy","typical","typical","endurance_easy","","0","0","v3.11","1.001"
"i103398641","","2025-10-23","16:12","strength","WeightTraining","intervals","142","163","icu","39.3","39.3","0.0","","","","197.0","97.0","120.0","","","","","100.0","0.0","0.0","39.3","0.0","0.0","0","0.0","0.0","0","","","","","","","","","0.0","","","","","","","","0.0","0.0","","","0","","","10.0","18.31139","","","","","","","NA","typical","typical","strength_unknown","","0","0","v3.11",""
"i103499314","","2025-10-24","08:55","elliptical","Elliptical","intervals","142","163","icu","67.3","67.3","0.0","","","","574.0","121.0","136.0","131.0","","","","100.0","0.0","0.0","67.3","0.0","0.0","0","0.0","0.0","0","","","0.0","","","","","","0.0","","","","","","","","0.0","0.0","","","0","","","36.0","62.338837","","","","","","","easy","typical","typical","endurance_easy","","0","0","v3.11","1.001"
"i103812177","","2025-10-26","10:14","elliptical","Elliptical","intervals","142","163","icu","70.7","70.7","0.0","","","","687.0","132.0","149.0","146.0","","","","87.1","12.9","0.0","61.5","9.1","0.0","2","13.9","10.2","0","3.7;10.2","0;0","0.0","","","","","","0.0","","","","","","","","0.0","0.0","","","0","","","54.0","91.99236","","","","","","","work_moderate","below","below","endurance_moderate","","0","0","v3.11","1.001"
"i104008307","5857109.0","2025-10-27","14:44","trail_run","TrailRun","intervals","143","161","icu","125.3","123.6","17.59","1012.0","1015.0","57.5","1257.0","135.0","154.0","143.0","80.71791","","17.048687","95.6","4.4","0.0","117.2","5.3","0.0","0","0.0","0.0","0","","","0.0","-2.9","intervals_fit","running trail","","","0.0","","","","8.89","8.64","80.5","80.9","1.0","1.0","","","1","0.972","","97.0","173.7813","","","","","","","easy","above","above","endurance_easy","","0","0","v3.11","1.0"
"i104159007","","2025-10-28","14:21","strength","WeightTraining","intervals","142","163","icu","80.8","80.8","0.0","","","","283.0","86.0","122.0","","","","","100.0","0.0","0.0","80.8","0.0","0.0","0","0.0","0.0","0","","","","","","","","","0.0","","","","","","","","0.0","0.0","","","0","","","14.0","24.272152","","","","","","","NA","above","typical","strength_unknown","","0","0","v3.11",""
"i104320391","","2025-10-29","14:56","mobility","Workout","intervals","142","163","icu","90.5","90.5","0.0","","","","765.0","120.0","131.0","","","","","100.0","0.0","0.0","90.5","0.0","0.0","0","0.0","0.0","0","","","","","","","","","0.0","","","","","","","","0.0","0.0","","","0","","","47.0","81.422035","","","","","","","NA","unknown","unknown","mobility","","0","0","v3.11",""
"i104489297","","2025-10-30","16:44","strength","WeightTraining","intervals","142","163","icu","56.7","56.7","0.0","","","","165.0","81.0","112.0","","","","","100.0","0.0","0.0","56.7","0.0","0.0","0","0.0","0.0","0","","","","","","","","","0.0","","","","","","","","0.0","0.0","","","0","","","8.0","13.702752","","","","","","","NA","below","typical","strength_unknown","","0","0","v3.11",""
"i104656554","5857110.0","2025-10-31","15:16","bike","Ride","intervals","139","156","icu","99.0","95.1","28.04","645.0","650.0","23.0","860.0","126.0","153.0","147.0","82.30008","","21.739216","67.8","32.2","0.0","64.2","30.5","0.0","4","33.2","14.8","0","3.6;14.8;11.4;3.4","0;0;0;0","0.0","-14.8","","","","","0.0","","","","","","","","0.0","0.0","","","0","","","66.0","110.805435","","","","","","","work_steady","below","typical","endurance_moderate","","0","0","v3.11","1.0"
"i104896936","5857111.0","2025-11-02","08:20","trail_run","TrailRun","intervals","143","161","icu","114.6","113.0","15.31","388.0","400.0","25.3","1182.0","138.0","163.0","156.0","80.170815","","17.249136","75.2","24.1","0.7","84.7","27.1","0.8","4","18.1","6.5","0","4.5;6.5;3.9;3.2","0;0;0;0","0.0","28.8","intervals_fit","running trail","","","0.0","","","","9.29","7.16","81.9","78.5","1.0","1.0","","","0","0.771","","96.0","167.26715","","","","","","","work_moderate","typical","typical","endurance_moderate","","0","0","v3.11","1.0"
"i105062279","5857113.0","2025-11-03","07:39","trail_run","TrailRun","intervals","143","161","icu","68.5","68.4","8.71","342.0","340.0","39.3","665.0","132.0","161.0","154.0","79.64608","","13.326299","74.0","26.0","0.0","50.5","17.8","0.0","1","4.2","4.2","0","4.2","0","0.0","11.4","intervals_fit","running trail","","","0.0","","","","7.88","7.73","79.3","80.0","1.0","1.0","","","0","0.981","","52.0","88.74409","","","","","","","easy","typical","typical","endurance_easy","","0","0","v3.11","1.0"
"i105271532","","2025-11-04","14:13","strength","WeightTraining","intervals","142","163","icu","80.5","80.5","0.0","","","","298.0","88.0","127.0","","","","","100.0","0.0","0.0","80.5","0.0","0.0","0","0.0","0.0","0","","","","","","","","","0.0","","","","","","","","0.0","0.0","","","0","","","16.0","26.962948","","","","","","","NA","above","above","strength_unknown","","0","0","v3.11",""
"i105445890","","2025-11-05","15:44","strength","WeightTraining","intervals","142","163","icu","57.2","57.2","0.0","","","","229.0","89.0","122.0","","","","","100.0","0.0","0.0","57.2","0.0","0.0","0","0.0","0.0","0","","","","","","","","","0.0","","","","","","","","0.0","0.0","","","0","","","11.0","19.38386","","","","","","","NA","typical","typical","strength_unknown","","0","0","v3.11",""
"i105585418","","2025-11-06","15:12","swim","Swim","intervals","134","149","icu","45.0","44.0","1.45","","","","391.0","126.0","160.0","148.0","40.0","","","73.6","23.3","3.1","32.5","10.2","1.4","3","18.7","8.1","7","5.2;8.1;5.4","0;0;25","0.0","-10.4","","","","","0.0","","","","","","","","0.0","0.0","","","0","","","28.0","47.870144","4.0","3.0","","","","","work_moderate","below","below","endurance_moderate","","1","0","v3.11","1.0"
"i105754519","5857114.0","2025-11-07","15:01","bike","Ride","intervals","139","156","icu","155.4","141.6","41.84","850.0","866.0","20.3","1425.0","132.0","172.0","167.0","82.62459","38.0","17.30543","53.1","32.0","15.0","74.9","45.1","21.1","5","54.1","19.0","36","18.6;5.3;5.0;6.2;19.0","77;0;0;12;23","0.0","-8.5","","","","","0.0","","","","","","","","0.0","0.0","","","0","","","123.0","191.15836","5.0","3.0","","","","","work_intense","above","unknown","endurance_hard","","1","0","v3.11","1.0"
"i105823575","","2025-11-08","09:25","road_run","VirtualRun","intervals","143","161","icu","35.0","33.6","4.79","","","","377.0","144.0","182.0","182.0","76.59286","41.0","","57.5","6.3","36.2","19.0","2.1","12.0","1","12.8","12.8","91","12.8","91","0.0","41.4","intervals_fit","running indoor_running","","","0.0","","","","9.13","8.33","80.9","72.3","1.0","1.0","","","0","0.912","","41.0","58.832607","8.0","3.0","","","","","work_intense","below","unknown","endurance_hard","","1","0","v3.11","1.0"
"i106055654","5857115.0","2025-11-09","14:35","bike","Ride","intervals","139","156","icu","178.8","168.6","55.44","917.0","881.0","16.5","1658.0","132.0","157.0","151.0","85.92844","","14.781244","64.0","35.6","0.4","107.8","60.0","0.6","8","58.8","14.7","1","14.7;4.9;3.1;3.4;6.9;9.8;10.3;5.7","0;0;0;0;0;0;5;0","0.0","-43.0","","","","","0.0","","","","","","","","0.0","0.0","","","0","","","131.0","225.42752","5.0","2.0","","","","","work_steady","above","above","endurance_moderate","","1","0","v3.11","1.0"
"i106193921","","2025-11-10","14:02","strength","WeightTraining","intervals","142","163","icu","87.2","87.2","0.0","","","","450.0","98.0","132.0","","","","","100.0","0.0","0.0","87.2","0.0","0.0","0","0.0","0.0","0","","","","","","","","","0.0","","","","","","","","0.0","0.0","","","0","","","24.0","41.189297","4.0","2.0","","","","","NA","above","above","strength_unknown","","1","0","v3.11",""
"i106383907","5857117.0","2025-11-11","14:35","trail_run","TrailRun","intervals","143","161","icu","75.4","74.9","7.45","567.0","552.0","76.1","821.0","144.0","178.0","175.0","74.81645","47.0","19.720753","61.2","14.5","24.2","45.8","10.9","18.1","5","28.7","9.9","63","3.9;3.3;5.0;9.9;6.6","0;0;85;81;88","0.0","-12.3","intervals_fit","running trail","","","0.0","","","","6.29","6.05","73.7","75.9","1.0","1.0","","","0","0.962","","81.0","134.93904","7.0","2.0","","","","","work_intense","typical","unknown","endurance_hard","","1","0","v3.11","1.0"
"i106554657","5857122.0","2025-11-12","13:37","road_run","Run","intervals","143","161","icu","142.1","135.1","17.95","498.8","498.8","27.8","1224.0","122.0","144.0","135.0","","","19.583916","100.0","0.0","0.0","133.9","0.1","0.0","0","0.0","0.0","0","","","0.0","-1.6","intervals_fit","running generic","","","0.0","","","","7.87","7.97","","","1.0","0.0","","","1","1.013","","80.0","139.61028","5.0","3.0","","","","","easy","above","above","endurance_easy","","1","0","v3.11","1.0"
"i106739255","5857123.0","2025-11-13","14:24","bike","Ride","intervals","139","156","icu","67.5","64.4","20.04","491.0","497.0","24.5","619.0","130.0","160.0","156.0","81.42233","","19.094643","48.3","47.9","3.8","31.0","30.7","2.4","2","32.9","17.2","7","17.2;15.7","8;7","0.0","-18.3","","","","","0.0","","","","","","","","0.0","0.0","","","0","","","53.0","80.80114","5.0","2.0","","","","","work_steady","below","below","endurance_moderate","","1","0","v3.11","1.0"
"i106864652","","2025-11-14","08:52","strength","WeightTraining","intervals","142","163","icu","93.4","93.4","0.0","","","","501.0","99.0","137.0","","","","","100.0","0.0","0.0","93.4","0.0","0.0","0","0.0","0.0","0","","","","","","","","","0.0","","","","","","","","0.0","0.0","","","0","","","27.0","45.65921","4.0","","","","","","NA","above","above","strength_unknown","","1","0","v3.11",""
"i107011948","5857124.0","2025-11-15","08:02","bike","Ride","intervals","139","156","icu","180.6","173.6","60.77","892.0","861.0","14.7","1611.0","129.0","165.0","154.0","83.943054","","14.223086","72.2","26.3","1.5","125.1","45.7","2.6","3","40.5","29.8","6","3.5;29.8;7.2","0;2;26","0.0","-26.0","","","","","0.0","","","","","","","","0.0","0.0","","","0","","","127.0","214.30174","5.0","2.0","","","","","work_steady","above","typical","endurance_moderate","","1","0","v3.11","1.0"
"i107154063","5857127.0","2025-11-16","08:01","trail_run","TrailRun","intervals","143","161","icu","91.9","91.1","11.68","349.0","347.0","29.9","896.0","133.0","170.0","159.0","81.03804","49.0","16.590534","77.0","18.9","4.1","69.2","16.9","3.7","2","14.0","8.5","26","5.5;8.5","0;43","0.0","11.9","intervals_fit","running trail","","","0.0","","","","8.14","7.74","82.1","80.0","1.0","1.0","","","1","0.951","","70.0","121.36976","5.0","2.0","","","","","work_intense","typical","unknown","endurance_hard","","1","0","v3.11","1.001"
"i107388243","","2025-11-17","15:06","swim","Swim","intervals","134","149","icu","38.0","37.0","1.1","","","","291.0","116.0","138.0","132.0","41.0","","","98.4","1.6","0.0","36.4","0.6","0.0","0","0.0","0.0","0","","","0.0","17.2","","","","","0.0","","","","","","","","0.0","0.0","","","0","","","17.0","29.959845","4.0","3.0","","","","","easy","below","below","endurance_easy","","1","0","v3.11","1.001"
"i107388230","","2025-11-17","15:54","strength","WeightTraining","intervals","142","163","icu","30.7","30.7","0.0","","","","129.0","91.0","116.0","","","","","100.0","0.0","0.0","30.7","0.0","0.0","0","0.0","0.0","0","","","","","","","","","0.0","","","","","","","","0.0","0.0","","","0","","","6.0","10.3542795","3.0","2.0","","","","","NA","below","below","strength_unknown","","1","0","v3.11",""
"i107505457","","2025-11-18","09:06","road_run","VirtualRun","intervals","143","161","icu","58.5","58.0","8.02","","","","633.0","143.0","179.0","173.0","80.15106","25.0","","63.0","17.0","20.0","36.4","9.8","11.6","4","21.3","6.9","54","4.4;4.8;5.2;6.9","0;65;75;65","1.0","11.6","intervals_fit","running indoor_running","","","0.0","","","","8.77","7.93","81.9","78.4","1.0","1.0","","","0","0.904","","59.0","100.36933","7.0","2.0","","","","","work_intense","below","unknown","endurance_hard","","1","0","v3.11","1.0"
"i107558630","","2025-11-18","15:01","strength","WeightTraining","intervals","142","163","icu","55.0","55.0","0.0","","","","353.0","108.0","139.0","","","","","100.0","0.0","0.0","55.0","0.0","0.0","0","0.0","0.0","0","","","","","","","","","0.0","","","","","","","","0.0","0.0","","","0","","","21.0","34.847878","4.0","2.0","","","","","NA","above","above","strength_unknown","","1","0","v3.11",""
"i107716145","5857128.0","2025-11-19","13:14","bike","Ride","intervals","139","156","icu","97.7","93.5","27.08","685.0","686.0","25.3","887.0","129.0","157.0","153.0","80.981895","","12.221191","45.9","53.9","0.2","42.8","50.2","0.1","3","50.7","19.1","0","19.1;17.3;14.3","0;1;0","0.0","-35.5","","","","","0.0","","","","","","","","0.0","0.0","","","0","","","72.0","110.537445","5.0","2.0","","","","","work_steady","typical","typical","endurance_moderate","","1","0","v3.11","1.0"
"i107895039","","2025-11-20","13:53","elliptical","Elliptical","intervals","142","163","icu","80.1","80.0","0.0","","","","759.0","130.0","144.0","138.0","","","","99.6","0.4","0.0","79.7","0.3","0.0","0","0.0","0.0","0","","","0.0","","","","","","0.0","","","","","","","","0.0","0.0","","","0","","","54.0","94.58034","4.0","2.0","","","","","easy","typical","typical","endurance_easy","","1","0","v3.11","1.001"
"i108001959","","2025-11-21","09:09","strength","WeightTraining","intervals","142","163","icu","59.0","58.9","0.0","","","","339.0","102.0","143.0","","","","","99.7","0.3","0.0","58.8","0.2","0.0","0","0.0","0.0","0","","","","","","","","","0.0","","","","","","","","0.0","0.0","","","0","","","18.0","29.298378","5.0","2.0","","","","","NA","above","above","strength_unknown","","1","0","v3.11",""
"i108129290","","2025-11-21","14:53","strength","WeightTraining","intervals","142","163","icu","44.4","44.4","0.0","","","","126.0","81.0","103.0","","","","","100.0","0.0","0.0","44.4","0.0","0.0","0","0.0","0.0","0","","","","","","","","","0.0","","","","","","","","0.0","0.0","","","0","","","5.0","9.2549715","4.0","2.0","","","","","NA","below","below","strength_unknown","","1","0","v3.11",""
"i108144314","5857131.0","2025-11-22","07:37","trail_run","TrailRun","intervals","143","161","icu","140.7","138.2","20.0","166.0","172.0","8.3","1364.0","133.0","154.0","151.0","82.5646","","6.4532266","81.7","18.3","0.0","112.0","25.0","0.0","2","27.4","23.5","0","3.9;23.5","0;0","1.0","4.1","intervals_fit","running trail","","","0.0","","","","8.64","9.01","82.9","82.3","1.0","1.0","","","1","1.043","","101.0","174.77734","5.0","2.0","","","","","work_steady","above","typical","endurance_moderate","","1","0","v3.11","1.0"
"i108284391","5857132.0","2025-11-23","08:10","bike","Ride","intervals","139","156","icu","184.0","170.7","60.15","658.0","655.0","10.9","1540.0","124.0","159.0","151.0","86.619354","","5.4705963","81.3","18.0","0.7","138.4","30.7","1.2","2","25.7","21.3","5","4.4;21.3","0;6","0.0","-32.2","","","","","0.0","","","","","","","","0.0","0.0","","","0","","","108.0","173.0066","5.0","2.0","","","","","work_steady","above","typical","endurance_moderate","","1","0","v3.11","1.0"
"i108420463","5857134.0","2025-11-24","08:04","trail_run","TrailRun","intervals","143","161","icu","63.5","63.5","9.25","112.0","112.0","12.1","594.0","129.0","145.0","136.0","82.76432","","8.168137","99.0","1.0","0.0","62.5","0.7","0.0","0","0.0","0.0","0","","","0.0","4.4","intervals_fit","running trail","","","0.0","","","","9.08","8.65","83.4","82.1","1.0","1.0","","","0","0.953","","39.0","68.92086","4.0","3.0","","","","","easy","typical","typical","endurance_easy","","1","0","v3.11","1.0"
"i108641338","","2025-11-25","14:34","road_run","VirtualRun","intervals","143","161","icu","61.1","60.2","7.94","","","","645.0","140.0","168.0","166.0","79.27995","34.0","","59.9","15.3","24.8","36.0","9.2","14.9","5","24.4","5.6","61","5.6;4.8;4.7;4.6;4.7","44;63;66;71;65","0.0","4.6","intervals_fit","running indoor_running","","","0.0","","","","7.96","7.93","79.2","79.4","1.0","1.0","","","0","0.996","","59.0","98.92611","5.0","2.0","","","","","work_intense","below","unknown","endurance_hard","","1","0","v3.11","1.0"
"i108649341","","2025-11-25","15:47","strength","WeightTraining","intervals","142","163","icu","27.3","27.3","0.0","","","","141.0","97.0","111.0","","","","","100.0","0.0","0.0","27.3","0.0","0.0","0","0.0","0.0","0","","","","","","","","","0.0","","","","","","","","0.0","0.0","","","0","","","7.0","12.71538","4.0","2.0","","","","","NA","below","below","strength_unknown","","1","0","v3.11",""
"i108806010","","2025-11-26","14:34","elliptical","Elliptical","intervals","142","163","icu","61.9","61.9","0.0","","","","441.0","108.0","128.0","122.0","","","","100.0","0.0","0.0","61.9","0.0","0.0","0","0.0","0.0","0","","","1.0","","","","","","0.0","","","","","","","","0.0","0.0","","","0","","","24.0","39.898987","5.0","2.0","","","","","finish_strong","below","typical","endurance_easy","","1","0","v3.11","1.0"
"i108969506","","2025-11-27","14:42","road_run","VirtualRun","intervals","143","161","icu","61.8","61.0","9.25","","","","644.0","139.0","168.0","162.0","83.38587","15.0","","72.4","22.4","5.3","44.0","13.6","3.2","1","19.0","19.0","17","19.0","17","0.0","9.7","intervals_fit","running indoor_running","","","0.0","","","","9.24","9.09","84.0","82.8","1.0","1.0","","","0","0.984","","57.0","97.659515","6.0","3.0","","","","","work_intense","below","unknown","endurance_hard","","1","0","v3.11","1.001"
"i108973817","","2025-11-27","15:54","strength","WeightTraining","intervals","142","163","icu","19.5","19.4","0.0","","","","136.0","111.0","131.0","","","","","100.0","0.0","0.0","19.5","0.0","0.0","0","0.0","0.0","0","","","","","","","","","0.0","","","","","","","","0.0","0.0","","","0","","","8.0","14.206572","5.0","3.0","","","","","NA","typical","typical","strength_unknown","","1","0","v3.11",""
"i109076787","","2025-11-28","08:56","strength","WeightTraining","intervals","142","163","icu","51.0","51.0","0.0","","","","225.0","92.0","129.0","","","","","100.0","0.0","0.0","51.0","0.0","0.0","0","0.0","0.0","0","","","","","","","","","0.0","","","","","","","","0.0","0.0","","","0","","","11.0","17.91802","4.0","3.0","","","","","NA","typical","typical","strength_unknown","","1","0","v3.11",""
"i109135285","","2025-11-28","15:49","swim","Swim","intervals","134","149","icu","55.2","54.4","1.7","","","","465.0","122.0","160.0","132.0","38.0","","","97.2","1.2","1.6","52.9","0.6","0.9","0","0.0","0.0","0","","","0.0","-0.1","","","","","0.0","","","","","","","","0.0","0.0","","","0","","","30.0","52.698006","5.0","2.0","","","","","easy","typical","typical","endurance_easy","","1","0","v3.11","1.0"
"i109135278","","2025-11-28","16:57","strength","WeightTraining","intervals","142","163","icu","26.0","25.9","0.0","","","","125.0","95.0","118.0","","","","","100.0","0.0","0.0","26.0","0.0","0.0","0","0.0","0.0","0","","","","","","","","","0.0","","","","","","","","0.0","0.0","","","0","","","6.0","10.218376","3.0","2.0","","","","","NA","below","below","strength_unknown","","1","0","v3.11",""
"i109237609","5857135.0","2025-11-29","08:54","bike","Ride","intervals","139","156","icu","150.3","144.2","53.81","212.0","221.0","3.9","1215.0","120.0","150.0","139.0","86.48824","","8.361861","95.2","4.8","0.0","136.7","7.0","0.0","1","4.0","4.0","0","4.0","0","0.0","-16.4","","","","","0.0","","","","","","","","0.0","0.0","","","0","","","80.0","135.42831","5.0","2.0","","","","","easy","above","above","endurance_easy","","1","0","v3.11","1.0"
"i109373325","5857136.0","2025-11-30","09:00","road_run","Run","intervals","143","161","icu","78.5","78.3","12.28","232.0","232.0","18.9","727.0","128.0","141.0","136.0","84.39783","","8.803347","100.0","0.0","0.0","78.3","0.0","0.0","0","0.0","0.0","0","","","0.0","3.8","intervals_fit","running generic","","","0.0","","","","9.93","9.25","85.5","83.3","1.0","1.0","","","1","0.932","","49.0","86.90306","5.0","2.0","","","","","easy","typical","typical","endurance_easy","","1","0","v3.11","1.001"
"i109580015","","2025-12-01","14:28","swim","Swim","intervals","134","149","icu","60.0","59.2","1.62","","","","481.0","118.0","146.0","131.0","39.0","","","97.9","2.1","0.0","57.9","1.2","0.0","0","0.0","0.0","0","","","0.0","-1.4","","","","","0.0","","","","","","","","0.0","0.0","","","0","","","30.0","52.450397","4.0","2.0","","","","","easy","below","typical","endurance_easy","","1","0","v3.11","1.0"
"i109578501","","2025-12-01","15:45","strength","WeightTraining","intervals","142","163","icu","22.9","22.9","0.0","","","","97.0","88.0","113.0","","","","","100.0","0.0","0.0","22.9","0.0","0.0","0","0.0","0.0","0","","","","","","","","","0.0","","","","","","","","0.0","0.0","","","0","","","4.0","7.236963","4.0","3.0","","","","","NA","below","below","strength_unknown","","1","0","v3.11",""
"i109691315","","2025-12-02","08:37","strength","WeightTraining","intervals","142","163","icu","58.0","58.0","0.0","","","","228.0","89.0","113.0","","","","","100.0","0.0","0.0","58.0","0.0","0.0","0","0.0","0.0","0","","","","","","","","","0.0","","","","","","","","0.0","0.0","","","0","","","12.0","19.643667","4.0","2.0","","","","","NA","typical","typical","strength_unknown","","1","0","v3.11",""
"i109764725","","2025-12-02","15:14","swim","Swim","intervals","134","149","icu","60.4","59.6","1.65","","","","476.0","116.0","138.0","127.0","39.0","","","99.4","0.6","0.0","59.2","0.3","0.0","0","0.0","0.0","0","","","0.0","7.2","","","","","0.0","","","","","","","","0.0","0.0","","","0","","","29.0","50.5342","4.0","2.0","","","","","easy","below","typical","endurance_easy","","1","0","v3.11","1.001"
"i109973783","","2025-12-03","18:21","strength","WeightTraining","intervals","142","163","icu","38.7","38.7","0.0","","","","146.0","88.0","110.0","","","","","100.0","0.0","0.0","38.7","0.0","0.0","0","0.0","0.0","0","","","","","","","","","0.0","","","","","","","","0.0","0.0","","","0","","","6.0","10.479913","3.0","2.0","","","","","NA","below","below","strength_unknown","","1","0","v3.11",""
"i110118985","","2025-12-04","14:49","elliptical","Elliptical","intervals","142","163","icu","73.0","73.0","0.0","","","","607.0","119.0","137.0","133.0","","","","100.0","0.0","0.0","73.0","0.0","0.0","0","0.0","0.0","0","","","0.0","","","","","","0.0","","","","","","","","0.0","0.0","","","0","","","39.0","64.69867","4.0","2.0","","","","","easy","typical","typical","endurance_easy","","1","0","v3.11","1.001"
"i110348057","","2025-12-05","16:44","strength","WeightTraining","intervals","142","163","icu","85.8","85.8","0.0","","","","370.0","90.0","115.0","","","","","100.0","0.0","0.0","85.8","0.0","0.0","0","0.0","0.0","0","","","","","","","","","0.0","","","","","","","","0.0","0.0","","","0","","","18.0","29.420916","4.0","2.0","","","","","NA","above","above","strength_unknown","","1","0","v3.11",""
"i110445127","5857137.0","2025-12-06","08:39","bike","Ride","intervals","139","156","icu","148.8","142.7","55.03","168.0","196.0","3.1","1220.0","121.0","155.0","142.0","90.614204","","12.240002","92.2","7.8","0.0","131.3","11.1","0.0","2","6.7","3.5","0","3.5;3.2","0;0","0.0","25.5","","","","","0.0","","","","","","","","0.0","0.0","","","0","","","83.0","136.11171","4.0","2.0","","","","","work_moderate","typical","typical","endurance_moderate","","1","0","v3.11","1.0"
"i110600137","5857137.0","2025-12-07","08:10","bike","Ride","intervals","139","156","icu","147.3","141.3","55.16","120.0","128.0","2.2","1133.0","116.0","154.0","137.0","89.21326","","11.13992","97.0","3.0","0.0","136.6","4.2","0.0","0","0.0","0.0","0","","","0.0","13.7","","","","","0.0","","","","","","","","0.0","0.0","","","0","","","69.0","114.60958","4.0","2.0","","","","","easy","above","above","endurance_easy","","1","0","v3.11","1.0"
"i110855859","5857139.0","2025-12-08","17:00","road_run","Run","intervals","143","161","icu","65.1","64.8","10.04","221.00003","228.80003","22.0","627.0","131.0","148.0","143.0","82.50168","","16.149715","96.0","4.0","0.0","62.0","2.6","0.0","0","0.0","0.0","0","","","0.0","6.9","intervals_fit","running generic","","","0.0","","","","9.42","9.58","82.3","82.7","1.0","1.0","","","0","1.017","","47.0","84.353455","5.0","2.0","","","","","easy","typical","typical","endurance_easy","","1","0","v3.11","1.001"
"i111018545","","2025-12-09","14:37","strength","WeightTraining","intervals","142","163","icu","74.0","74.0","0.0","","","","360.0","96.0","123.0","","","","","100.0","0.0","0.0","74.0","0.0","0.0","0","0.0","0.0","0","","","","","","","","","0.0","","","","","","","","0.0","0.0","","","0","","","18.0","31.821127","4.0","2.0","","","","","NA","above","above","strength_unknown","","1","0","v3.11",""
"i111241615","","2025-12-10","15:19","swim","Swim","intervals","134","149","icu","16.9","16.0","0.57","","","","128.0","114.0","140.0","130.0","42.0","","","97.5","2.5","0.0","15.6","0.4","0.0","0","0.0","0.0","0","","","0.0","","","","","","0.0","","","","","","","","0.0","0.0","","","0","","","7.0","12.385861","3.0","2.0","","","","","easy","below","below","endurance_easy","","1","0","v3.11","1.003"
"i111241594","","2025-12-10","15:48","elliptical","Elliptical","intervals","142","163","icu","46.0","46.0","0.0","","","","390.0","121.0","140.0","130.0","","","","100.0","0.0","0.0","46.1","0.0","0.0","0","0.0","0.0","0","","","0.0","","","","","","0.0","","","","","","","","0.0","0.0","","","0","","","25.0","43.26378","3.0","2.0","","","","","easy","below","typical","endurance_easy","","1","0","v3.11","1.0"
"i111364081","","2025-12-11","09:25","strength","WeightTraining","intervals","142","163","icu","34.4","34.4","0.0","","","","115.0","85.0","113.0","","","","","100.0","0.0","0.0","34.4","0.0","0.0","0","0.0","0.0","0","","","","","","","","","0.0","","","","","","","","0.0","0.0","","","0","","","5.0","8.693593","3.0","2.0","","","","","NA","below","below","strength_unknown","","1","0","v3.11",""
"i111415187","","2025-12-11","14:18","road_run","VirtualRun","intervals","143","161","icu","65.9","64.2","8.72","","","","650.0","133.0","161.0","158.0","78.16379","","","69.8","30.2","0.0","44.7","19.4","0.0","3","20.6","8.3","0","6.5;5.8;8.3","0;0;0","1.0","11.5","intervals_fit","running indoor_running","","","0.0","","","","7.98","8.41","75.8","80.5","1.0","1.0","","","0","1.054","","53.0","83.77283","5.0","2.0","","","","","work_steady","below","below","endurance_moderate","","1","0","v3.11","1.001"
"i111731372","","2025-12-13","11:17","strength","WeightTraining","intervals","142","163","icu","91.3","91.3","0.0","","","","454.0","96.0","120.0","","","","","100.0","0.0","0.0","91.4","0.0","0.0","0","0.0","0.0","0","","","","","","","","","0.0","","","","","","","","0.0","0.0","","","0","","","22.0","36.494217","3.0","2.0","","","","","NA","above","above","strength_unknown","","1","0","v3.11",""
"i112098068","5857142.0","2025-12-15","14:43","trail_run","TrailRun","intervals","143","161","icu","64.2","63.3","8.03","203.99998","194.99998","25.4","619.0","132.0","151.0","145.0","79.10624","","13.024412","91.2","8.8","0.0","57.6","5.5","0.0","0","0.0","0.0","0","","","0.0","-13.3","intervals_fit","running trail","","","1.0","195.0","296.0","258.0","7.51","7.79","78.5","79.7","1.0","1.0","215.7","174.4","0","1.037","0.809","45.0","80.42386","3.0","2.0","207.0","0.0","0.0","17.40817","easy","typical","typical","endurance_easy","","1","0","v3.11","1.001"
"i112348994","","2025-12-16","08:42","strength","WeightTraining","intervals","142","163","icu","51.1","51.1","0.0","","","","192.0","87.0","110.0","","","","","100.0","0.0","0.0","51.1","0.0","0.0","0","0.0","0.0","0","","","","","","","","","0.0","","","","","","","","0.0","0.0","","","0","","","9.0","15.510993","3.0","2.0","","","","","NA","typical","typical","strength_unknown","","1","0","v3.11",""
"i112348984","","2025-12-16","17:40","road_run","VirtualRun","intervals","143","161","icu","55.9","53.6","7.26","","","","501.0","125.0","135.0","133.0","80.40992","","","100.0","0.0","0.0","53.5","0.0","0.0","0","0.0","0.0","0","","","0.0","5.8","intervals_fit","running indoor_running","","","0.0","","","","8.47","7.88","81.0","79.8","1.0","1.0","","","0","0.93","","33.0","58.060116","4.0","2.0","","","","","easy","typical","typical","endurance_easy","","1","0","v3.11","1.0"
"i112452910","5857143.0","2025-12-17","14:13","bike","Ride","intervals","139","156","icu","131.4","127.0","32.67","766.0","748.0","23.4","1106.0","122.0","147.0","141.0","85.3095","","14.264615","90.8","9.2","0.0","114.8","11.6","0.0","3","14.4","5.9","0","3.6;5.9;4.9","0;0;0","0.0","-30.7","","","","","0.0","","","","","","","","0.0","0.0","","","0","","","75.0","124.71027","4.0","2.0","","","","","work_moderate","typical","typical","endurance_moderate","","1","0","v3.11","1.0"
"i112652170","","2025-12-18","14:59","strength","WeightTraining","intervals","142","163","icu","65.5","65.5","0.0","","","","319.0","97.0","122.0","","","","","100.0","0.0","0.0","65.5","0.0","0.0","0","0.0","0.0","0","","","","","","","","","0.0","","","","","","","","0.0","0.0","","","0","","","15.0","25.134134","4.0","2.0","","","","","NA","typical","typical","strength_unknown","","1","0","v3.11",""
"i112779122","","2025-12-19","08:44","strength","WeightTraining","intervals","142","163","icu","74.4","74.4","0.0","","","","230.0","83.0","113.0","","","","","100.0","0.0","0.0","74.5","0.0","0.0","0","0.0","0.0","0","","","","","","","","","0.0","","","","","","","","0.0","0.0","","","0","","","9.0","15.232869","4.0","2.0","","","","","NA","typical","typical","strength_unknown","","1","0","v3.11",""
"i112824279","5857144.0","2025-12-19","15:52","bike","Ride","intervals","139","156","icu","103.5","99.0","26.76","619.0","596.0","23.1","850.0","121.0","146.0","142.0","83.26925","","14.045015","85.3","14.7","0.0","84.2","14.5","0.0","4","18.2","6.2","0","4.1;6.2;3.4;4.5","0;0;0;0","0.0","-34.8","","","","","0.0","","","","","","","","0.0","0.0","","","0","","","55.0","88.00682","4.0","3.0","","","","","work_moderate","below","below","endurance_moderate","","1","0","v3.11","1.0"
"i113028628","","2025-12-20","17:49","road_run","VirtualRun","intervals","143","161","icu","67.8","63.8","7.7","","","","660.0","133.0","151.0","143.0","77.68856","","","96.8","3.2","0.0","61.4","2.0","0.0","0","0.0","0.0","0","","","0.0","3.3","intervals_fit","running indoor_running","","","0.0","","","","7.34","7.28","78.2","77.2","1.0","1.0","","","0","0.992","","48.0","81.5274","4.0","3.0","","","","","easy","typical","typical","endurance_easy","","1","0","v3.11","1.0"
"i113063504","5857146.0","2025-12-21","09:26","bike","Ride","intervals","139","156","icu","98.8","95.5","37.35","163.0","141.0","4.4","797.0","121.0","149.0","141.0","90.82977","","10.699005","93.0","7.0","0.0","88.6","6.7","0.0","1","3.1","3.1","0","3.1","0","0.0","-4.3","","","","","0.0","","","","","","","","0.0","0.0","","","0","","","51.0","86.13601","4.0","3.0","","","","","easy","typical","typical","endurance_easy","","1","0","v3.11","1.0"
"i113300282","","2025-12-22","15:15","strength","WeightTraining","intervals","142","163","icu","117.1","117.0","0.0","","","","420.0","88.0","121.0","","","","","100.0","0.0","0.0","117.1","0.0","0.0","0","0.0","0.0","0","","","","","","","","","0.0","","","","","","","","0.0","0.0","","","0","","","16.0","25.345993","3.0","2.0","","","","","NA","typical","above","strength_unknown","","1","0","v3.11",""
"i113705329","","2025-12-24","08:07","strength","WeightTraining","intervals","142","163","icu","63.2","63.0","0.0","","","","150.0","76.0","109.0","","","","","100.0","0.0","0.0","63.2","0.0","0.0","0","0.0","0.0","0","","","","","","","","","0.0","","","","","","","","0.0","0.0","","","0","","","7.0","11.463171","3.0","3.0","","","","","NA","typical","below","strength_unknown","","1","0","v3.11",""
"i114239076","5857150.0","2025-12-28","09:11","road_run","Run","intervals","143","161","icu","101.2","100.3","13.31","60.06667","115.86667","4.5","931.0","128.0","145.0","137.0","81.66293","","12.389382","99.6","0.4","0.0","99.5","0.4","0.0","0","0.0","0.0","0","","","0.0","1.5","intervals_fit","running generic","","","0.0","","","","8.27","7.86","82.6","80.7","1.0","1.0","","","1","0.95","","64.0","115.28102","3.0","3.0","","","","","easy","above","above","endurance_easy","","1","0","v3.11","1.0"
"i114645894","5857151.0","2025-12-30","09:59","bike","Ride","intervals","139","156","icu","210.9","193.6","72.85","486.0","499.0","6.7","1962.0","132.0","162.0","150.0","92.58184","","11.461324","65.6","34.1","0.3","126.5","65.7","0.6","6","54.9","20.8","0","4.3;3.5;11.4;20.8;8.6;6.3","0;0;0;0;0;0","0.0","-0.2","","","","","0.0","","","","","","","","0.0","0.0","","","0","","","146.0","243.2524","5.0","3.0","","","","","work_steady","above","above","endurance_moderate","","1","0","v3.11","1.0"
"i114909198","5857153.0","2025-12-31","15:02","trail_run","TrailRun","intervals","143","161","icu","118.0","115.3","10.98","557.20013","576.4001","50.7","1079.0","128.0","154.0","145.0","68.76818","","10.279045","91.9","8.1","0.0","103.4","9.1","0.0","1","4.0","4.0","0","4.0","0","0.0","-5.9","intervals_fit","running trail","","","0.0","","","","5.93","6.13","67.1","70.4","1.0","1.0","","","1","1.034","","75.0","134.0374","5.0","3.0","","","","","easy","above","above","endurance_easy","Trail (sesión larga con RR) | Análisis técnico (estructura y carga) | Tiempo Z1/Z2/Z3 (Trail): Z1 dominante (~94%) · Z2 residual (~6%) · Z3 0%. | Terreno/estructura: trail largo con D+ relevante; segmentación subida/bajada no incluida aquí. | Continuidad/fragmentación Z2: NO DISPONIBLE (bloques). | RR (sesión): RR_OK | Calidad de señal: filtrado total reportado ~0,94% (bueno para trail). | RMSSD 1’/5’ (P10/P50/P90): NO DISPONIBLE | DFA-α1: mediana ~1,35; IQR ~1,12–1,52; %<0,75 ~5,4%; HR@α1≈0,75 ~140–141 lpm. | Sensibilidad: mínimos extremos de α1 en trail parcialmente atribuibles a no-estacionariedad/artefacto residual en tramos específicos. | Nota de calidad | Estímulo: aeróbico extensivo muy limpio por α1 (poco tiempo <0,75). | Z2 por FC marginal; coste metabólico bajo para la duración.","1","1","v3.11","1.0"
"i116606947","","2026-01-08","14:19","strength","WeightTraining","intervals","142","163","icu","52.3","52.2","0.0","","","","148.0","82.0","114.0","","","","","100.0","0.0","0.0","52.3","0.0","0.0","0","0.0","0.0","0","","","","","","","","","0.0","","","","","","","","0.0","0.0","","","0","","","6.0","9.705192","4.0","3.0","","","","","NA","below","below","strength_unknown","","1","0","v3.11",""
"i116781960","","2026-01-09","12:32","elliptical","Elliptical","intervals","142","163","icu","35.6","35.4","0.0","","","","297.0","119.0","130.0","126.0","","","","100.0","0.0","0.0","35.4","0.0","0.0","0","0.0","0.0","0","","","0.0","","","","","","0.0","","","","","","","","0.0","0.0","","","0","","","17.0","30.037346","4.0","4.0","","","","","easy","below","below","endurance_easy","","1","0","v3.11","1.005"
"i117173455","5856979.0","2026-01-11","10:33","road_run","Run","intervals","143","161","icu","31.1","31.1","4.48","1.2","5.2","0.3","300.0","132.0","148.0","144.0","83.666664","","8.548299","93.0","7.0","0.0","28.6","2.2","0.0","0","0.0","0.0","0","","","0.0","3.2","intervals_fit","running generic","","","1.0","211.1","250.0","232.0","8.52","8.83","84.1","83.3","1.0","1.0","207.1","215.0","0","1.036","1.038","22.0","39.92295","5.0","3.0","212.0","0.0","0.0","3.7452464","easy","below","typical","endurance_easy","","1","0","v3.11","1.009"
"i117435034","","2026-01-12","14:32","strength","WeightTraining","intervals","142","163","icu","60.0","59.9","0.0","","","","155.0","81.0","110.0","","","","","100.0","0.0","0.0","60.0","0.0","0.0","0","0.0","0.0","0","","","","","","","","","0.0","","","","","","","","0.0","0.0","","","0","","","4.0","5.831664","4.0","4.0","","","","","NA","below","below","strength_unknown","","1","0","v3.11",""
"i117590051","","2026-01-13","09:02","strength","WeightTraining","intervals","142","163","icu","56.4","56.4","0.0","","","","114.0","74.0","109.0","","","","","100.0","0.0","0.0","56.5","0.0","0.0","0","0.0","0.0","0","","","","","","","","","0.0","","","","","","","","0.0","0.0","","","0","","","5.0","7.120654","4.0","4.0","","","","","NA","below","below","strength_unknown","","1","0","v3.11",""
"i117686643","","2026-01-13","15:00","elliptical","Elliptical","intervals","142","163","icu","41.4","40.6","0.0","","","","355.0","123.0","131.0","128.0","","","","100.0","0.0","0.0","40.6","0.0","0.0","0","0.0","0.0","0","","","0.0","","","","","","0.0","","","","","","","","0.0","0.0","","","0","","","22.0","38.328323","5.0","5.0","","","","","easy","below","typical","endurance_easy","","1","0","v3.11","1.017"
"i117831186","","2026-01-14","10:05","strength","WeightTraining","intervals","142","163","icu","54.8","54.7","0.0","","","","291.0","99.0","130.0","","","","","100.0","0.0","0.0","54.8","0.0","0.0","0","0.0","0.0","0","","","","","","","","","0.0","","","","","","","","0.0","0.0","","","0","","","14.0","22.70689","4.0","3.0","","","","","NA","typical","typical","strength_unknown","","1","0","v3.11",""
"i117906255","5856981.0","2026-01-14","15:11","trail_run","TrailRun","intervals","143","161","icu","78.4","77.5","5.62","430.80008","431.80008","76.7","644.0","119.0","147.0","141.0","63.33479","","14.581547","98.5","1.5","0.0","76.2","1.2","0.0","0","0.0","0.0","0","","","0.0","-31.8","intervals_fit","running trail","","","1.0","151.1","344.0","258.0","3.84","5.07","61.2","65.5","1.0","1.0","169.9","132.3","1","1.32","0.779","39.0","64.784004","4.0","2.0","187.0","280.0","118.0","21.035208","easy","typical","typical","endurance_easy","","1","0","v3.11","1.001"
"i118127841","","2026-01-15","15:20","strength","WeightTraining","intervals","142","163","icu","67.6","67.5","0.0","","","","262.0","90.0","128.0","","","","","100.0","0.0","0.0","67.6","0.0","0.0","0","0.0","0.0","0","","","","","","","","","0.0","","","","","","","","0.0","0.0","","","0","","","11.0","16.838028","","","","","","","NA","typical","typical","strength_unknown","","0","0","v3.11",""
"i118389358","","2026-01-16","17:33","strength","WeightTraining","intervals","142","163","icu","91.2","91.1","0.0","","","","396.0","91.0","131.0","","","","","100.0","0.0","0.0","91.2","0.0","0.0","0","0.0","0.0","0","","","","","","","","","0.0","","","","","","","","0.0","0.0","","","0","","","18.0","26.407858","","","","","","","NA","above","above","strength_unknown","","0","0","v3.11",""
"i118725283","","2026-01-18","10:01","elliptical","Elliptical","intervals","142","163","icu","45.5","45.4","0.0","","","","419.0","129.0","160.0","150.0","","","","82.3","17.7","0.0","37.4","8.0","0.0","1","3.1","3.1","0","3.1","0","0.0","","","","","","0.0","","","","","","","","0.0","0.0","","","0","","","30.0","47.87471","4.0","3.0","","","","","easy","typical","typical","endurance_easy","","1","0","v3.11","1.001"
"i119077738","","2026-01-19","15:40","elliptical","Elliptical","intervals","142","163","icu","50.9","50.8","0.0","","","","508.0","136.0","158.0","155.0","","","","74.7","25.3","0.0","38.0","12.8","0.0","2","14.3","7.4","0","6.9;7.4","0;0","1.0","","","","","","0.0","","","","","","","","0.0","0.0","","","0","","","39.0","63.555946","","","","","","","work_moderate","below","below","endurance_moderate","","0","0","v3.11","1.001"
"i119077730","","2026-01-19","16:31","road_run","VirtualRun","intervals","143","161","icu","20.6","20.5","2.78","","","","219.0","143.0","154.0","151.4","79.700745","","","35.6","64.4","0.0","7.2","13.0","0.0","1","13.9","13.9","0","13.9","0","0.0","","intervals_fit","running indoor_running","","","0.0","","","","8.92","7.62","81.8","77.6","1.0","1.0","","","0","0.854","","18.0","32.01389","","","","","","","work_moderate","below","below","endurance_moderate","","0","0","v3.11","1.016"
"i119229657","","2026-01-20","09:23","strength","WeightTraining","intervals","142","163","icu","79.7","79.6","0.0","","","","327.0","91.0","125.0","","","","","100.0","0.0","0.0","79.7","0.0","0.0","0","0.0","0.0","0","","","","","","","","","0.0","","","","","","","","0.0","0.0","","","0","","","16.0","26.872757","","","","","","","NA","above","above","strength_unknown","","0","0","v3.11",""
"i119316634","","2026-01-20","16:39","road_run","VirtualRun","intervals","143","161","icu","60.0","54.1","5.91","","","","613.0","137.0","151.0","148.0","65.54227","","","69.2","30.8","0.0","36.8","16.4","0.0","3","24.3","15.8","0","3.3;15.8;5.2","0;0;0","0.0","13.3","intervals_fit","running indoor_running","","","0.0","","","","7.01","6.33","67.5","63.6","1.0","1.0","","","0","0.903","","46.0","79.41922","5.0","","","","","","work_steady","below","below","endurance_moderate","","1","0","v3.11","1.0"
"i119680578","","2026-01-22","08:54","strength","WeightTraining","intervals","142","163","icu","83.7","83.6","0.0","","","","445.0","99.0","125.0","","","","","100.0","0.0","0.0","83.7","0.0","0.0","0","0.0","0.0","0","","","","","","","","","0.0","","","","","","","","0.0","0.0","","","0","","","22.0","37.361717","3.0","","","","","","NA","above","above","strength_unknown","","1","0","v3.11",""
"i119746036","5856984.0","2026-01-22","14:18","trail_run","TrailRun","intervals","143","161","icu","70.1","68.4","6.44","406.40002","417.40002","63.1","727.0","139.0","166.0","156.0","69.372925","12.0","11.825552","58.0","40.9","1.1","39.6","27.9","0.8","3","23.7","12.3","3","8.0;3.4;12.3","0;23;0","0.0","-0.9","intervals_fit","running trail","","","1.0","180.1","344.0","266.0","5.83","5.69","70.1","68.7","1.0","1.0","185.9","174.3","0","0.976","0.938","61.0","104.93876","5.0","","205.0","188.0","188.0","9.846063","work_steady","typical","below","endurance_moderate","Trail (vertical/hike-run) | Análisis técnico (estructura y carga) | Tiempo Z1/Z2/Z3 (Trail): Z1 ~62% · Z2 ~37% · Z3 ~1%. | Terreno/estructura: subida dominante (pendientes altas), bajada relevante; Z2/Z3 concentrada en subida. | Continuidad/fragmentación Z2: NO DISPONIBLE (bloques exactos). | RR (sesión): RR_OK | Calidad señal: ~1,15% filtrado (bueno). | RMSSD 1’/5’ (P10/P50/P90): NO DISPONIBLE | DFA-α1: mediana ~1,19; IQR ~1,02–1,38; %<0,75 ~6,45%; HR@α1≈0,75 observado en rampas duras ~149–155 lpm (no comparable a llano como “umbral fisiológico”). | Nota de calidad | Estímulo: vertical aeróbico con Z2 largo en subida (por FC) pero α1 mayormente >0,75. | Picos de estrés (α1 bajo) concentrados en rampas extremas.","1","1","v3.11","1.0"
"i120053079","","2026-01-23","18:09","elliptical","Elliptical","intervals","142","163","icu","45.5","45.5","0.0","","","","414.0","127.0","141.0","136.0","","","","100.0","0.0","0.0","45.5","0.0","0.0","0","0.0","0.0","0","","","1.0","","","","","","0.0","","","","","","","","0.0","0.0","","","0","","","28.0","49.391556","3.0","","","","","","finish_strong","typical","typical","endurance_easy","","1","0","v3.11","1.0"
"i120239616","","2026-01-24","16:51","strength","WeightTraining","intervals","142","163","icu","105.7","105.7","0.0","","","","468.0","93.0","123.0","","","","","100.0","0.0","0.0","105.8","0.0","0.0","0","0.0","0.0","0","","","","","","","","","0.0","","","","","","","","0.0","0.0","","","0","","","22.0","36.556076","","","","","","","NA","above","above","strength_unknown","","0","0","v3.11",""
"i120383776","5856986.0","2026-01-25","10:04","bike","Ride","intervals","139","156","icu","138.6","131.1","48.92","620.0","151.0","12.7","1234.0","129.0","166.0","149.0","84.815735","30.0","9.700967","74.6","23.9","1.5","97.5","31.2","2.0","4","21.7","6.2","6","5.4;6.2;5.3;4.8","0;0;25;0","1.0","37.0","","","","","0.0","","","","","","","","0.0","0.0","","","0","","","87.0","144.26915","4.0","2.0","","","","","work_steady","above","typical","endurance_moderate","Ciclismo carretera (viento ida/favor y vuelta/contra) | Análisis técnico (estructura y carga) | Tiempo Z1/Z2/Z3 (Ciclismo): Z1 mayoritario con Z2 baja relevante (según reporte previo en el hilo); Z3 0%. | Terreno/estructura: sesión dominada por resistencia externa (viento); misma FC → distinta velocidad entre tramos. | Continuidad/fragmentación Z2: NO DISPONIBLE (bloques exactos). | RR (sesión): RR_OK | RMSSD 1’/5’ (P10/P50/P90): NO DISPONIBLE | DFA-α1 (según reporte previo): mediana ~1,08; %<0,75 ~6% (concentrado en la vuelta con viento en contra). | Nota de calidad | Estímulo: Z1–Z2 baja condicionado por viento; controlado si no hay Z3.","1","1","v3.11","1.0"
"i120646992","5856990.0","2026-01-26","14:23","trail_run","TrailRun","intervals","143","161","icu","77.8","72.7","7.1","455.60007","471.60007","64.2","786.0","137.0","159.0","156.0","70.272125","","13.437469","60.1","39.9","0.0","43.7","29.0","0.0","5","26.1","12.0","0","3.2;3.9;3.5;3.5;12.0","0;0;0;0;0","0.0","-5.4","intervals_fit","running trail","","","1.0","186.7","590.0","306.0","5.96","5.91","73.0","67.6","1.0","1.0","188.5","184.8","0","0.992","0.98","63.0","105.79682","4.0","","214.0","8982.0","3312.0","5.9283667","work_steady","typical","typical","endurance_moderate","Trail (vertical) | Análisis técnico (estructura y carga) | Tiempo Z1/Z2/Z3 (Trail): Z1 ~62,6% · Z2 ~37,4% · Z3 0%. | Terreno/estructura: subida “real” concentrando casi toda la Z2; bajada con FC baja. | Continuidad/fragmentación Z2: NO DISPONIBLE (bloques). | RR (sesión): RR_OK | Calidad señal: filtrado muy bajo (~0,48% reportado). | RMSSD 1’/5’ (P10/P50/P90): NO DISPONIBLE | DFA-α1: mediana ~1,15; IQR ~0,97–1,33; %<0,75 ~7%; α1<0,75 concentrado en subidas. | Nota de calidad | Estímulo: aeróbico con Z2 larga en subida; picos de estrés cortos (α1<0,75).","1","1","v3.11","1.0"
"i120850206","","2026-01-27","08:35","strength","WeightTraining","intervals","142","163","icu","52.4","52.4","0.0","","","","218.0","91.0","120.0","","","","","100.0","0.0","0.0","52.4","0.0","0.0","0","0.0","0.0","0","","","","","","","","","0.0","","","","","","","","0.0","0.0","","","0","","","9.0","15.683296","","","","","","","NA","typical","typical","strength_unknown","","0","0","v3.11",""
"i120947370","","2026-01-27","14:41","swim","Swim","intervals","134","149","icu","60.4","59.5","1.52","","","","497.0","120.0","140.0","132.0","39.0","","","97.4","2.6","0.0","57.2","1.5","0.0","0","0.0","0.0","0","","","0.0","-2.9","","","","","0.0","","","","","","","","0.0","0.0","","","0","","","30.0","51.334778","4.0","","","","","","easy","typical","typical","endurance_easy","","1","0","v3.11","1.0"
"i121127424","","2026-01-28","08:20","strength","WeightTraining","intervals","142","163","icu","68.7","68.7","0.0","","","","238.0","88.0","119.0","","","","","100.0","0.0","0.0","68.7","0.0","0.0","0","0.0","0.0","0","","","","","","","","","0.0","","","","","","","","0.0","0.0","","","0","","","11.0","18.582335","","","","","","","NA","typical","typical","strength_unknown","","0","0","v3.11",""
"i121195861","","2026-01-28","15:04","road_run","VirtualRun","intervals","143","161","icu","76.0","75.1","8.21","","","","762.0","135.0","146.0","142.0","66.77286","","","98.0","2.0","0.0","73.2","1.5","0.0","0","0.0","0.0","0","","","0.0","14.1","intervals_fit","running indoor_running","","","0.0","","","","7.0","6.23","68.6","65.0","1.0","1.0","","","1","0.89","","58.0","101.45343","5.0","2.0","","","","","easy","above","typical","endurance_easy","Cinta alternando inclinación (15% walk / 2–2,5% trot) | Análisis técnico (estructura y carga) | Tiempo Z1/Z2/Z3 (Trail): Z1 ~99,6% · Z2 residual · Z3 0%. | Terreno/estructura: alternancia por bloques: | 15% walk: ~40’ (≈3,38 km) | 2–2,5% trot: ~36’ (≈4,81 km) | Continuidad/fragmentación Z2: N/A (casi sin Z2 por FC). | RR (sesión): RR_OK | Calidad señal: ~0,05% filtrado (excelente). | RMSSD 1’/5’ (P10/P50/P90): NO DISPONIBLE | DFA-α1 global: mediana ~1,00; IQR ~0,87–1,13; %<0,75 ~2%. | DFA por bloque: walk α1 med ~1,09 (0%<0,75); trot α1 med ~0,91 (~3,85%<0,75). | HR@α1≈0,75 ~136,5 lpm (observación en esta sesión). | Nota de calidad | Estímulo: aeróbico “limpio” por FC; el coste aparece en el trote (α1 baja) pese a FC similar. | Transiciones explican la mayor parte de α1<0,75 (transitorios).","1","1","v3.11","1.0"
"i121318658","","2026-01-29","08:41","strength","WeightTraining","intervals","142","163","icu","33.6","33.6","0.0","","","","141.0","90.0","114.0","","","","","100.0","0.0","0.0","33.6","0.0","0.0","0","0.0","0.0","0","","","","","","","","","0.0","","","","","","","","0.0","0.0","","","0","","","6.0","10.575922","","","","","","","NA","below","below","strength_unknown","","0","0","v3.11",""
"i121406375","5535200.0","2026-01-29","14:38","bike","Ride","intervals","139","156","icu","127.5","122.2","43.5","133.0","119.0","3.1","1000.0","118.0","149.0","131.0","85.407005","","13.624927","99.0","1.0","0.0","120.7","1.2","0.0","0","0.0","0.0","0","","","0.0","-0.9","","","","","0.0","","","","","","","","0.0","0.0","","","0","","","60.0","103.68824","4.0","2.0","","","","","easy","above","typical","endurance_easy","(Z1 real, RR excelente) | Análisis técnico (estructura y carga) | Tiempo Z1/Z2/Z3 (Ciclismo): Z1 ~99% · Z2 ~1% · Z3 0%. | Terreno/estructura: rodador; deriva negativa (FC baja en segunda mitad). | Continuidad/fragmentación Z2: N/A (Z2 casi inexistente). | RR (sesión): RR_OK | Calidad señal: filtrado ~0,01% (prácticamente perfecto). | RMSSD 1’/5’ (P10/P50/P90): NO DISPONIBLE (solo se reportó RMSSD 1’ mediana ~2,64 ms en el hilo). | DFA-α1: mediana ~1,635; IQR ~1,52–1,721; %<0,75 0%. | Nota de calidad | Estímulo: base Z1 “barata” (α1 muy alto; sin tiempo <0,75). | Sesión útil como volumen sin estrés interno.","1","1","v3.11","1.0"
"i121531634","","2026-01-30","08:51","strength","WeightTraining","intervals","142","163","icu","58.7","58.5","0.0","","","","414.0","113.0","142.0","","","","","100.0","0.0","0.0","58.7","0.0","0.0","0","0.0","0.0","0","","","","","","","","","0.0","","","","","","","","0.0","0.0","","","0","","","24.0","39.790215","","","","","","","NA","above","above","strength_unknown","","0","0","v3.11",""
"i121618109","5548981.0","2026-01-30","16:24","trail_run","TrailRun","intervals","143","161","icu","63.5","63.0","8.14","16.828571","20.828571","2.1","594.0","128.0","146.0","134.0","80.23651","","15.528315","99.3","0.7","0.0","62.5","0.4","0.0","0","0.0","0.0","0","","","0.0","4.4","intervals_fit","running trail","","","1.0","188.6","274.0","208.0","8.0","7.44","80.9","79.5","1.0","1.0","191.6","185.6","0","0.93","0.969","39.0","69.01851","4.0","","190.0","0.0","0.0","4.183092","easy","typical","typical","endurance_easy","","1","0","v3.11","1.0"
"i121938240","","2026-02-01","09:49","elliptical","Elliptical","intervals","139","156","icu","60.0","60.0","0.0","","","","588.0","135.0","169.0","166.0","","34.0","","71.5","10.7","17.7","43.0","6.4","10.7","4","16.9","4.8","63","3.7;4.6;4.8;3.8","55;62;63;70","0.0","","","","","","0.0","","","","","","","","0.0","0.0","","","0","","","50.0","81.9209","5.0","2.0","","","","","work_intense","unknown","unknown","endurance_hard","","1","0","v3.11","1.0"
"i122191890","","2026-02-02","10:58","mobility","Workout","intervals","142","163","icu","67.7","67.7","0.0","","","","480.0","114.0","146.0","","","","","99.4","0.6","0.0","67.3","0.4","0.0","0","0.0","0.0","0","","","","","","","","","0.0","","","","","","","","0.0","0.0","","","0","","","29.0","48.390633","5.0","2.0","","","","","NA","unknown","unknown","mobility","","1","0","v3.11",""
"i122272318","","2026-02-02","16:02","elliptical","Elliptical","intervals","139","156","icu","74.2","74.2","0.0","","","","724.0","133.0","153.0","151.0","","","","64.2","35.8","0.0","47.6","26.6","0.0","2","37.7","31.4","0","31.4;6.3","0;0","1.0","","","","","","0.0","","","","","","","","0.0","0.0","","","0","","","55.0","94.84191","5.0","2.0","","","","","work_steady","typical","below","endurance_moderate","","1","0","v3.11","1.0"
"i122406497","","2026-02-03","08:47","strength","WeightTraining","intervals","142","163","icu","51.2","51.2","0.0","","","","163.0","86.0","111.0","","","","","100.0","0.0","0.0","51.2","0.0","0.0","0","0.0","0.0","0","","","","","","","","","0.0","","","","","","","","0.0","0.0","","","0","","","8.0","14.460416","","","","","","","NA","typical","typical","strength_unknown","","0","0","v3.11",""
"i122483974","5535200.0","2026-02-03","13:59","bike","Ride","intervals","139","156","icu","128.0","119.4","43.37","188.0","246.0","4.3","1017.0","119.0","146.0","133.0","85.694824","","15.322965","99.2","0.8","0.0","118.1","0.9","0.0","0","0.0","0.0","0","","","0.0","8.3","","","","","0.0","","","","","","","","0.0","0.0","","","0","","","63.0","107.447685","5.0","2.0","","","","","easy","above","above","endurance_easy","","1","0","v3.11","1.0"
"i122741398","","2026-02-04","14:03","road_run","VirtualRun","intervals","143","161","icu","93.6","90.8","10.4","","","","979.0","140.0","168.0","162.0","67.70496","23.0","","67.9","27.0","5.1","61.4","24.4","4.6","5","36.4","10.3","12","8.3;9.6;4.7;3.5;10.3","0;0;0;0;41","0.0","2.9","intervals_fit","running indoor_running","","","0.0","","","","6.83","7.0","67.0","68.4","1.0","1.0","","","0","1.025","","83.0","144.37547","5.0","2.0","","","","","work_steady","above","typical","endurance_moderate","","1","0","v3.11","1.0"
"i122976754","","2026-02-05","09:13","strength","WeightTraining","intervals","142","163","icu","55.3","55.3","0.0","","","","212.0","89.0","119.0","","","","","100.0","0.0","0.0","55.1","0.0","0.0","0","0.0","0.0","0","","","","","","","","","0.0","","","","","","","","0.0","0.0","","","0","","","9.0","15.650684","","","","","","","NA","typical","typical","strength_unknown","","0","0","v3.11",""
"i123049429","","2026-02-05","14:08","swim","Swim","intervals","134","149","icu","41.3","40.6","1.2","","","","386.0","130.0","182.0","182.0","35.0","59.0","","78.6","4.2","17.3","31.4","1.7","6.9","2","8.7","5.6","80","3.1;5.6","81;79","0.0","-13.8","","","","","0.0","","","","","","","","0.0","0.0","","","0","","","33.0","47.686115","5.0","3.0","","","","","work_moderate","below","below","endurance_moderate","","1","0","v3.11","1.0"
"i123199516","","2026-02-06","09:01","strength","WeightTraining","intervals","142","163","icu","63.6","63.5","0.0","","","","387.0","104.0","136.0","","","","","100.0","0.0","0.0","63.6","0.0","0.0","0","0.0","0.0","0","","","","","","","","","0.0","","","","","","","","0.0","0.0","","","0","","","21.0","35.283463","","","","","","","NA","above","above","strength_unknown","","0","0","v3.11",""
"i123309489","5535200.0","2026-02-06","15:52","bike","Ride","intervals","139","156","icu","122.6","118.5","43.65","142.0","183.0","3.3","1001.0","121.0","145.0","136.0","89.53796","","16.797874","97.5","2.5","0.0","115.0","2.9","0.0","1","4.0","4.0","0","4.0","0","0.0","0.6","","","","","0.0","","","","","","","","0.0","0.0","","","0","","","64.0","113.0077","4.0","2.0","","","","","easy","above","above","endurance_easy","","1","0","v3.11","1.0"
"i123431324","5681762.0","2026-02-07","08:49","trail_run","TrailRun","intervals","143","161","icu","77.5","76.5","7.02","457.59998","474.8","65.2","781.0","136.0","182.0","165.0","69.91963","26.0","9.926383","63.3","30.8","5.9","48.3","23.5","4.5","4","14.5","3.8","0","3.8;3.6;3.6;3.5","0;0;0;0","0.0","12.6","intervals_fit","running trail","","","1.0","179.0","422.0","302.0","5.91","5.28","73.2","66.6","1.0","1.0","193.1","164.9","0","0.893","0.854","64.0","106.23087","5.0","2.0","211.0","3848.0","834.0","10.538464","work_moderate","typical","typical","endurance_moderate","","1","0","v3.11","1.001"
"i123671944","5700650.0","2026-02-08","09:02","bike","Ride","intervals","139","156","icu","149.2","143.9","52.11","196.0","222.0","3.8","1055.0","110.0","133.0","125.0","84.377014","","10.845522","100.0","0.0","0.0","143.5","0.0","0.0","0","0.0","0.0","0","","","0.0","19.0","","","","","0.0","","","","","","","","0.0","0.0","","","0","","","53.0","89.90362","5.0","3.0","","","","","easy","typical","typical","endurance_easy","","1","0","v3.11","1.0"
"i123954664","","2026-02-09","13:30","strength","WeightTraining","intervals","142","163","icu","61.4","61.4","0.0","","","","260.0","92.0","131.0","","","","","100.0","0.0","0.0","61.4","0.0","0.0","0","0.0","0.0","0","","","","","","","","","0.0","","","","","","","","0.0","0.0","","","0","","","13.0","22.760588","","","","","","","NA","typical","typical","strength_unknown","","0","0","v3.11",""
"i123954654","","2026-02-09","14:39","swim","Swim","intervals","134","149","icu","31.9","31.2","0.93","","","","264.0","119.0","130.0","126.0","39.0","","","100.0","0.0","0.0","31.2","0.0","0.0","0","0.0","0.0","0","","","0.0","-5.5","","","","","0.0","","","","","","","","0.0","0.0","","","0","","","16.0","28.44587","4.0","3.0","","","","","easy","below","below","endurance_easy","","1","0","v3.11","0.999"
"i124140517","","2026-02-10","09:43","strength","WeightTraining","intervals","142","163","icu","67.4","67.4","0.0","","","","373.0","102.0","136.0","","","","","100.0","0.0","0.0","67.5","0.0","0.0","0","0.0","0.0","0","","","","","","","","","0.0","","","","","","","","0.0","0.0","","","0","","","20.0","32.80758","","","","","","","NA","above","above","strength_unknown","","0","0","v3.11",""
"i124208202","5740403.0","2026-02-10","14:53","trail_run","TrailRun","intervals","143","161","icu","70.2","69.2","7.85","339.6","341.40002","43.3","725.0","139.0","162.0","158.0","75.36224","","18.328255","68.4","31.3","0.3","47.3","21.7","0.2","2","17.9","11.3","1","6.6;11.3","3;0","0.0","19.9","intervals_fit","running trail","","","1.0","193.9","364.0","268.0","7.24","6.48","77.8","72.9","1.0","1.0","214.2","173.7","0","0.895","0.811","60.0","105.24961","5.0","2.0","211.0","612.0","299.0","19.865904","work_moderate","typical","below","endurance_moderate","","1","0","v3.11","1.0"
"i124363304","","2026-02-11","08:25","strength","WeightTraining","intervals","142","163","icu","57.0","57.0","0.0","","","","259.0","93.0","127.0","","","","","100.0","0.0","0.0","57.0","0.0","0.0","0","0.0","0.0","0","","","","","","","","","0.0","","","","","","","","0.0","0.0","","","0","","","12.0","20.270584","3.0","2.0","","","","","NA","typical","typical","strength_unknown","","1","0","v3.11",""
"i124452750","5535200.0","2026-02-11","13:45","bike","Ride","intervals","139","156","icu","138.0","123.9","43.71","164.0","141.0","3.8","1145.0","122.0","153.0","140.0","90.29694","","20.514545","94.1","5.9","0.0","116.0","7.3","0.0","0","0.0","0.0","0","","","1.0","6.2","","","","","0.0","","","","","","","","0.0","0.0","","","0","","","73.0","118.47803","5.0","2.0","","","","","finish_strong","above","above","endurance_easy","","1","0","v3.11","1.0"
"i124693608","","2026-02-12","14:26","strength","WeightTraining","intervals","142","163","icu","70.4","70.4","0.0","","","","271.0","89.0","135.0","","","","","100.0","0.0","0.0","70.4","0.0","0.0","0","0.0","0.0","0","","","","","","","","","0.0","","","","","","","","0.0","0.0","","","0","","","13.0","20.585949","","","","","","","NA","typical","typical","strength_unknown","","0","0","v3.11",""
"i124899998","","2026-02-13","09:23","road_run","VirtualRun","intervals","143","161","icu","60.3","57.6","6.73","","","","622.0","138.0","152.0","150.0","68.4215","","","65.8","34.2","0.0","37.6","19.6","0.0","4","24.2","6.7","0","6.1;6.7;6.1;5.3","0;0;0;0","0.0","12.6","intervals_fit","running indoor_running","","","0.0","","","","6.9","7.22","67.7","69.1","1.0","1.0","","","0","1.046","","48.0","82.86738","5.0","4.0","","","","","work_steady","below","below","endurance_moderate","Sensación de motor poco fresco. No coincide la sensación con los buenos datos matinales. | Molestia de cadera inicial y final.","1","1","v3.11","1.0"
"i125866327","5859811.0","2026-02-17","14:12","trail_run","TrailRun","intervals","143","161","icu","70.2","69.0","7.03","422.0","425.0","60.0","728.0","139.0","166.0","159.0","72.837845","","14.7775755","60.4","38.3","1.3","41.7","26.4","0.9","3","18.3","10.5","0","4.0;3.8;10.5","0;0;0","0.0","0.6","intervals_fit","running trail","","","1.0","190.4","368.0","288.0","6.3","6.15","73.0","72.7","1.0","1.0","194.1","186.8","0","0.976","0.962","62.0","107.76699","4.0","","214.0","702.0","488.0","7.555334","work_moderate","typical","below","endurance_moderate","Molestias iniciales de cadera. Algo de inestabiblidad en la rodilla izquierda al inico. Gemelos cargados en las subidas. Sensación de falta de fuelle, especialmente en la primera subida, la segunda un poco mejor. | Nota de calidad (analítica IA)  | Firma de sesión: rodaje aeróbico condicionado por perfil: el estímulo cardiovascular se concentra en subida y la bajada actúa como “reset” (FC cae), con coste mecánico asociado al descenso. | Carga interna por FC: predominio Z1 con Z2 significativa y Z3 testimonial (picos breves, no sostenidos). Es base con “puntas” por pendiente, no intensidad estructurada. | Continuidad del estímulo: la Z2 aparece principalmente en subidas y de forma poco sostenida (más intermitente por terreno que bloque estable tipo AeT). | RR (valor añadido): señal buena (≈2% latidos descartados tras limpieza). DFA-α1 mediana ~1,00 con ~20% del tiempo <0,75 y HR@0,75 ~146 lpm → sesión cerca del umbral aeróbico en partes (probablemente subidas/variabilidad), pero globalmente aeróbica. | Implicación operativa: carga mecánica moderada (bajada) + estímulo aeróbico útil; no sustituye un AeT continuo si ese era el objetivo (por falta de continuidad en Z2). | Confianza: 0,87 | Advertencia clave: en trail, el %Z2 puede sobreestimar “AeT” si viene de pendientes con oscilación de ritmo; la métrica clave es bloque continuo y tiempo bajando como coste. | Etiqueta fisiológica: BASE_ONDULADA + AET_FRAGMENTADO | Hallazgo diferencial: Z2 relevante pero construida sobre subidas cortas/medias; no hubo bloque continuo útil de AeT. | Coste dominante: mixto; cardiometabólico moderado en subida + mecánico moderado por bajadas. | RR/α1: RR usable; α1 mediana ~1,00 con ~20% <0,75 → episodios alrededor de AeT, no tramo sostenido estable. | Lectura útil a futuro: sesión de base con desnivel; no comparable con un AeT continuo en cinta o subida constante.","1","1","v3.11","1.0"
"i126035326","","2026-02-18","07:58","strength","WeightTraining","intervals","142","163","icu","57.4","57.4","0.0","","","","208.0","86.0","121.0","","","","","100.0","0.0","0.0","57.4","0.0","0.0","0","0.0","0.0","0","","","","","","","","","0.0","","","","","","","","0.0","0.0","","","0","","","10.0","16.710636","","","","","","","NA","typical","typical","strength_unknown","","0","0","v3.11",""
"i126120223","5871002.0","2026-02-18","13:32","bike","Ride","intervals","139","156","icu","141.8","136.9","49.56","350.0","358.0","7.1","1204.0","123.0","153.0","143.0","93.2562","","17.05354","87.4","12.6","0.0","119.3","17.2","0.0","2","17.7","14.3","0","3.4;14.3","0;0","0.0","13.5","","","","","0.0","","","","","","","","0.0","0.0","","","0","","","82.0","140.14572","5.0","","","","","","work_moderate","above","typical","endurance_moderate","Nota de calidad (analítica IA)  | Firma de sesión: salida predominantemente fácil con un bloque claro de subida (segmento lento y sostenido) que concentra casi todo el tiempo “alto” de FC; el resto es rodaje estable. | Carga interna por FC: Z1 dominante con Z2 minoritaria; no hay Z3. Esto la clasifica más como recuperación/volumen fácil que como construcción específica en Z2. | Continuidad del estímulo: la mayor parte del tiempo en Z2 está concentrada en un único tramo (subida) y no en bloques múltiples sostenidos tipo tempo; por tanto el estímulo “cerca de umbral aeróbico” es limitado. | RR (valor añadido): señal muy limpia (artefactos tras limpieza ~0,08%). DFA-α1 alto y estable (mediana ~1,57; 0% <0,75) → sesión claramente por debajo de umbrales, compatible con carga aeróbica suave. RMSSD en ejercicio bajo de forma consistente (estado de ejercicio mantenido sin picos). | Implicación operativa: día “barato” para acumular; si el objetivo semanal era Z2 efectivo, esta sesión aporta poco por continuidad, pero es útil para sumar volumen sin fatiga intensa. | Confianza: 0,88 | Advertencia clave: sin potencia, la lectura de “durabilidad/deriva” basada en velocidad puede contaminarse por viento/perfil; aquí la capa RR confirma que fue baja intensidad real. | Etiqueta fisiológica: Z1_REGENERATIVO + SUBIDA_Z2_AISLADA | Hallazgo diferencial: casi toda la carga moderada se concentra en una subida clara; fuera de eso, salida baja de intensidad. | Coste dominante: cardiometabólico bajo; mecánico bajo-moderado. | RR/α1: RR muy limpio; α1 alto y estable (mediana ~1,57; 0% <0,75) → sesión claramente subumbral. | Lectura útil a futuro: útil para acumular sin fatiga alta; aporta poco como sesión específica de Z2.","1","1","v3.11","1.0"
"i126262461","","2026-02-19","08:44","strength","WeightTraining","intervals","142","163","icu","39.8","39.8","0.0","","","","118.0","84.0","111.0","","","","","100.0","0.0","0.0","39.8","0.0","0.0","0","0.0","0.0","0","","","","","","","","","0.0","","","","","","","","0.0","0.0","","","0","","","5.0","9.60513","","","","","","","NA","below","below","strength_unknown","","0","0","v3.11",""
"i126336483","5882664.0","2026-02-19","14:07","trail_run","TrailRun","intervals","143","161","icu","77.5","77.1","8.02","434.00006","443.80005","54.1","778.0","135.0","164.0","152.0","74.32278","","14.629861","69.4","30.1","0.5","53.5","23.1","0.4","4","15.7","4.7","3","4.1;3.3;4.7;3.6","0;0;9;0","0.0","-11.7","intervals_fit","running trail","","","1.0","191.7","448.0","308.0","5.86","6.81","72.2","76.4","1.0","1.0","206.1","177.3","0","1.162","0.86","61.0","106.26882","5.0","3.0","218.0","8020.0","2755.0","10.948157","work_moderate","typical","below","endurance_moderate","En las subidas noté bastante falta de motor. FC alta bastante rapido. Algo de molestia en la rodilla izquierda al final de todo. En La ultima bajada me dio la sensación de ir mas justo de rodillas. | Nota de calidad (analítica IA)  | Firma de sesión: rodaje aeróbico condicionado por terreno, con estímulo cardiovascular concentrado en subidas y recuperación cardiaca en bajadas; carga mecánica relevante por alto tiempo descendiendo. | Carga interna por FC: predominio Z1 con Z2 moderada y Z3 prácticamente nula (picos breves). Es un día de base “controlada”, no de intensidad. | Continuidad del estímulo (punto clave): el tiempo en Z2 está muy fragmentado: 11 bloques de Z2, bloque máx ~2:45; la separación entre bloques (Z1) suele ser ~0:41–5:18. Esto indica estímulo intermitente por perfil, no un AeT continuo. | RR (valor añadido): señal buena (artefactos tras limpieza ~1,35%). DFA-α1 mediana ~1,27 (IQR ~0,29) con ~1,7% <0,75 → dominante aeróbico estable; la estimación HR@0,75 ~143 lpm cae cerca de VT1, pero aquí se interpreta como consistencia del esfuerzo más que como test. | Implicación operativa: sesión adecuada para acumular base con desnivel sin picos de intensidad, pero no sustituye un trabajo AeT estructurado (por falta de continuidad en Z2). Tratarla como carga mecánica moderada por bajadas. | Confianza: 0,90 | Advertencia clave: en trail ondulado, el sumatorio de Z2 puede sobreestimar el estímulo “AeT” si está troceado en bloques <3’; la métrica útil es duración de bloques continuos y el tiempo descendiendo como coste mecánico. | Etiqueta fisiológica: BASE_ONDULADA_CONTROLADA | Hallazgo diferencial: Z2 moderada pero muy fragmentada (11 bloques; máx ~2:45); Z3 prácticamente nula. | Coste dominante: mecánico moderado por bajada, más que intensidad interna. | RR/α1: RR bueno; α1 mediana ~1,27 y ~1,7% <0,75 → dominante aeróbico estable. | Lectura útil a futuro: buena sesión de acumulación con desnivel; no sustituye trabajo AeT estructurado.","1","1","v3.11","1.0"
"i126500370","","2026-02-20","09:02","strength","WeightTraining","intervals","142","163","icu","49.2","49.2","0.0","","","","197.0","87.0","126.0","","","","","100.0","0.0","0.0","49.2","0.0","0.0","0","0.0","0.0","0","","","","","","","","","0.0","","","","","","","","0.0","0.0","","","0","","","10.0","15.845709","","","","","","","NA","typical","typical","strength_unknown","","0","0","v3.11",""
"i126714469","5909728.0","2026-02-21","08:13","trail_run","TrailRun","intervals","143","161","icu","62.2","62.2","8.43","108.60004","115.400024","12.9","580.0","128.0","146.0","140.0","82.602066","","1.8947792","99.3","0.7","0.0","61.7","0.4","0.0","0","0.0","0.0","0","","","0.0","-3.3","intervals_fit","running trail","","","1.0","205.1","360.0","260.0","7.97","8.6","82.4","82.8","1.0","1.0","209.3","200.8","0","1.079","0.959","41.0","71.54053","4.0","2.0","214.0","214.0","214.0","6.841969","easy","typical","typical","endurance_easy","Nota de calidad (analítica IA) | Firma de sesión: rodaje claramente fácil (carga interna baja), con pacing bastante estable tras el calentamiento; sin deriva cardiovascular relevante (FC no sube progresivamente a igualdad de ritmo). | Carga interna por FC: Z1 prácticamente total; Z2 es residual/testimonial (no hay estímulo cerca de VT1). | Continuidad del estímulo: al no existir tiempo sostenido en Z2, esta sesión funciona como acumulación/regeneración, no como construcción AeT. | RR (valor añadido): señal excelente (artefactos ~0,01%). DFA-α1 mediana ~1,04 (IQR ~0,28); tiempo <0,75 ~6–7% → dominante aeróbico estable, con pequeñas caídas atribuibles a variabilidad del gesto/terreno/respiración (no indica umbral). Estimación HR@0,75 poco fiable aquí por rango de FC estrecho. | Implicación operativa: sesión “barata” para sumar volumen y facilitar recuperación entre días con desnivel o carga mecánica. | Confianza: 0,89 | Advertencia clave: en sesiones tan fáciles y con rango estrecho de FC, no uses HR@α1≈0,75 para ajustar umbrales; sirve más como control de estabilidad que como test. | Bien de molestias, al cabo de un rato se quejó la cadera y la rodilla izquierda, pero nu feu a más. Hacia al final sensación de terreno más duro. Parece que la recuperación articular y muscular ha ido bien, también es cierto que se ha andado mucho durante el día, | Etiqueta fisiológica: Z1_REGENERATIVO | Hallazgo diferencial: Z1 casi total; no hay estímulo útil cerca de VT1. | Coste dominante: bajo, sesión “barata”. | RR/α1: RR excelente; α1 mediana ~1,04, tiempo <0,75 bajo (~6–7%) → estabilidad aeróbica clara. | Lectura útil a futuro: comparable con rodajes fáciles de recuperación; no usar para inferir umbral ni progreso AeT.","1","1","v3.11","1.002"
"i126954273","5924653.0","2026-02-22","08:18","trail_run","TrailRun","intervals","143","161","icu","62.7","62.4","9.03","102.00006","107.00006","11.3","663.0","139.0","170.0","162.0","84.35388","16.0","1.4940805","60.7","34.0","5.3","37.9","21.2","3.3","2","20.1","16.8","16","3.3;16.8","3;19","1.0","13.0","intervals_fit","running trail","","","1.0","217.2","380.0","285.5","8.65","8.92","84.3","84.4","1.0","1.0","223.6","210.8","0","1.031","0.943","58.0","100.762924","5.0","2.0","227.0","1374.0","864.0","17.220125","work_intense","unknown","unknown","endurance_hard","Bien de molestias. Noté el terreno duro, la fc se fue un poco al final, pero tambien es verdad que fui solo con reloj. Tengo sensación de que las peirnas no me dan para correr mas rápido. | Nota de calidad (analítica IA) | Firma de sesión: rodaje aeróbico con bloque final más exigente (progresión), evidenciado por aumento de FC en el último tercio sin que el ritmo mejore proporcionalmente. | Carga interna: mayoritariamente Z1–Z2, con Z3 breve pero no nulo concentrado cerca del final (pico de FC alto al cierre). Esto lo clasifica más como “aeróbico + finish” que como rodaje fácil. | Continuidad del estímulo: el tiempo en Z2 fue alto pero muy fragmentado (bloques cortos por ondulación/ritmo), por lo que no equivale a un trabajo AeT continuo tipo 2×20’. | RR (valor añadido): no disponible/ no usable (sesión grabada solo con reloj en Polar Flow; el “RR.csv” exportado no contiene serie RR válida). No se reportan DFA-α1/RMSSD. | Implicación operativa: catalogar como día aeróbico con carga moderada (por el finish). Para un bloque de reacumulación post-parón, conviene que la siguiente sesión sea Z1 real (llano/bici) para consolidar sin acumular fatiga. | Confianza: 0,87 | Advertencia clave: en trail ondulado, %Z2 total puede sobreestimar “AeT” si está troceado; la lectura útil es la estructura (finish/progresión) y continuidad, no solo el sumatorio. | (deleted) | T | Etiqueta fisiológica: AEROBICO_CON_FINISH | Hallazgo diferencial: rodaje mayoritariamente aeróbico con último tercio más exigente; Z2 alta pero fragmentada, Z3 breve al final. | Coste dominante: cardiometabólico moderado por progresión final. | RR/α1: RR_NO_DISPONIBLE (solo reloj/OHR). | Lectura útil a futuro: no fue “easy puro”; fue un aeróbico con cierre más intenso.","1","1","v3.11","1.0"
"i127462014","","2026-02-24","09:54","strength","WeightTraining","intervals","142","163","icu","63.9","63.9","0.0","","","","180.0","80.0","113.0","","","","","100.0","0.0","0.0","63.9","0.0","0.0","0","0.0","0.0","0","","","","","","","","","0.0","","","","","","","","0.0","0.0","","","0","","","9.0","16.340511","","","","","","","NA","typical","typical","strength_unknown","","0","0","v3.11",""
"i127535780","5961645.0","2026-02-24","14:15","bike","Ride","intervals","139","156","icu","101.8","100.0","29.8","655.0","752.0","22.0","963.0","132.0","158.0","154.0","87.99807","","19.560211","44.7","54.3","1.0","44.5","54.1","1.0","4","56.4","19.7","2","18.8;19.7;14.0;3.9","2;4;0;0","0.0","-26.3","","","","","0.0","","","","","","","","0.0","0.0","","","0","","","81.0","136.25478","5.0","2.0","","","","","work_steady","above","typical","endurance_moderate","Buena sesión de ""cuestas"". La primera del año. Busque trabajo en Z2 en las subidad. Evidentemente me notaba  que me faltaba chispa y noté cierto esfuerzo en ellas pero sin dramas. La tercera subida fue algo mas relajada porque subí. acompañado. Buenas sensaciones de rodillas, en algun momento noté algo la derecha pero sin mas. En la ultima bajada noté algo la izquierda pero sin mas también. A nivel perineal de las veces que mas comodo he subido, quizá esta posición del sillín sea la buena. | Unas horas después de la sesión noto las rodillas cargadas. un 3 o 4 sobre 10. | Molestia en biceps femoral izq. La molestia ya estaba antes de la sesion. | Molestia en el codo izq. La temperatura a bajado, así que no es evidente atribuir la molestia a la bicicleta. | Nota de calidad (analítica IA) ) | Firma de sesión: salida muy condicionada por perfil (prácticamente “subir + bajar”, con muy poco llano). El estímulo cardiovascular se concentra en la subida, con bajada larga como “recuperación” (FC baja) pero no implica baja carga total. | Carga interna por FC: predominio de FC en Z2 con Z3 residual (poco tiempo ≥157), lo que sugiere sesión aeróbica sostenida sin esfuerzos máximos, pero no “fácil” por el volumen de subida. | Continuidad del estímulo: Z2 incluye bloques continuos relevantes (top ~16–17 min, además de otros ~10 min y ~8–9 min), pero el conjunto sigue siendo intermitente por alternancia subida/bajada; no es un “steady” de llano. | RR (valor añadido): señal excelente (artefactos tras limpieza ~0,07%). DFA-α1 mediana ~1,10 con ~18% de tiempo <0,75, concentrado casi íntegramente en subida (marcador de tramos exigentes/variables). Interpretarlo como exigencia segmentaria, no como recalibración de umbral (no-estacionariedad del terreno). | Implicación operativa: clasificar como día de carga moderada (mucho tiempo “en motor” por subida, aunque sin Z3 sostenida) → si el objetivo global es reacumulación post-parón, conviene que la siguiente sesión sea Z1 real para consolidar sin acumular fatiga periférica. | Confianza: 0,88 | Advertencia clave: sin potencia, las conclusiones son sobre FC/estado interno; el “trabajo” mecánico exacto depende de viento/pendiente/cadencia, así que la lectura buena es segmentada (subida vs bajada), no un promedio global. | Etiqueta fisiológica: SUBIDA_Z2_SOSTENIDA / BASE_HILLY | Hallazgo diferencial: mucho tiempo útil en Z2 con bloques reales (máx ~16:47; otros ~10’ y ~8:35), sin Z3 sostenida. | Coste dominante: cardiometabólico moderado por subida prolongada; mecánico bajo. | RR/α1: RR excelente; α1 mediana ~1,10 con ~18% <0,75, casi todo en subida → tramo exigente, pero no adecuado para recalibrar umbrales. | Lectura útil a futuro: buena sesión de construcción aeróbica en bici; no es recuperación.","1","1","v3.11","1.0"
"i127717007","","2026-02-25","08:15","strength","WeightTraining","intervals","142","163","icu","60.0","59.9","0.0","","","","244.0","90.0","142.0","","","","","100.0","0.0","0.0","60.0","0.0","0.0","0","0.0","0.0","0","","","","","","","","","0.0","","","","","","","","0.0","0.0","","","0","","","13.0","20.528347","","","","","","","NA","typical","typical","strength_unknown","Algo de molestias en las rodillas. No hubo problemas salvo con |  el de zancadas con 9*2 kg, porque vi que me podía hacer daño.","0","1","v3.11",""
"i127783816","5977969.0","2026-02-25","15:16","trail_run","TrailRun","intervals","143","161","icu","80.7","79.9","8.21","474.0","478.0","57.7","915.0","148.0","170.0","165.0","74.18172","25.0","14.254792","41.7","39.3","19.0","33.4","31.4","15.2","4","43.4","11.8","35","11.8;10.4;9.4;11.8","17;75;39;14","0.0","-3.7","intervals_fit","running trail","","","1.0","191.6","396.0","298.0","6.57","5.94","75.2","73.2","1.0","1.0","201.6","181.6","0","0.904","0.901","90.0","157.95615","5.0","2.0","219.0","3340.0","1702.0","8.5244055","work_intense","unknown","unknown","endurance_hard","Sesión dura, sobre todo al principio. Noté que la fc subía rápido, asi que, ya que estaba miré de hacer las subidas intensas pero sin quemarme. Después de la primera subida ya fuí con la fc alta en general durante toda la sesión. Las articulaciones durante la sesión han respondido bien. En las bajadas finales notaba que los músculos estaban cargados (trabajo de piernas por la mañana) | Nota de calidad (analítica IA)  | Firma de sesión: esfuerzo dominante en subidas con recuperación cardiaca en bajadas; el estímulo principal es fuerza-resistencia/umbral en subida + carga excéntrica por descenso (no es sesión “base”). | Carga interna: distribución con fracción de Z3 relevante (≈1/5 del moving), no solo picos; sugiere tramos de subida con FC frecuentemente ≥VT2. | Continuidad del estímulo: el tiempo en Z2/Z3 está fragmentado por el perfil (pocos tramos largos sostenidos), por lo que no sustituye a un AeT continuo tipo 2×20’ aunque acumule minutos en Z2. | RR (valor añadido): señal utilizable (sin offline; ~5–6% de latidos descartados por saltos). DFA-α1 mediana ~0,89 y ~30% de ventanas <0,75, consistente con segmentos exigentes/variables propios de subida en trail; no usar esta sesión para recalibrar HR@0,75. | Implicación operativa: clasificar como día de carga mecánica alta | Etiqueta fisiológica: DESNIVEL_ESPECIFICO + CARGA_MECANICA_ALTA | Hallazgo diferencial: sesión de desnivel intencional con Z3 relevante (~19%); carga claramente superior a una base fácil. | Coste dominante: mecánico alto por desnivel/bajadas + cardiometabólico moderado-alto en subidas. | RR/α1: RR usable; α1 mediana ~0,89 con ~30% <0,75 → muchos segmentos exigentes/variables. | Lectura útil a futuro: útil como fuerza-resistencia en trail; no es sesión de acumulación barata ni AeT continuo.","1","1","v3.11","1.0"
"i128018945","","2026-02-26","14:34","swim","Swim","intervals","134","149","icu","58.7","58.7","1.62","","","","465.0","116.0","132.0","","41.0","","","","","","","","","0","0.0","0.0","0","","","","","","","","","0.0","","","","","","","","0.0","0.0","","","0","","","28.0","46.146652","5.0","4.0","","","","","easy","below","typical","endurance_easy","Desde la vuelta a nadar este año siempre me siento torpe y flojo en el agua. Sesión mediocre como todas las de nadar.","1","1","v3.11",""
"i128378153","6019436.0","2026-02-28","07:50","trail_run","TrailRun","intervals","143","161","icu","61.5","60.2","8.71","147.8","157.8","17.0","642.0","138.0","168.0","162.0","82.86646","22.0","13.336118","57.6","36.5","5.9","34.6","22.0","3.5","3","22.7","14.8","16","3.8;14.8;4.1","0;18;23","1.0","10.3","intervals_fit","running trail","","","1.0","223.1","404.0","312.0","8.94","8.5","82.8","83.0","1.0","1.0","222.8","223.4","0","0.951","1.003","55.0","91.63049","5.0","2.0","233.0","4560.0","1281.0","5.8331513","work_intense","unknown","unknown","endurance_hard","Ruta urbana. Todo cemento. La noto dura pero aceptable. El gluteo izquierdo se queja bastante  !? El derecho bien. Al final la rodilla izq se queja, normal por la dureza del terreno | En el enfriamiento noto las rodillas, especialmente la izquierda. A ver que tal reaccionan con el descanso nocturno. | Resumen conciso para notas (calidad) | Tipo de estímulo: rodaje aeróbico ondulado con Z2 relevante y Z3 breve; no es “easy puro”, pero tampoco intensidad sostenida. | Continuidad real: Z2 muy fragmentada (16 bloques, máx 3:01, mediana ~1:17) → no sustituye un AeT continuo. | Dónde ocurre la carga: subidas con FC típica en Z2; bajadas reducen FC pero mantienen coste mecánico. | Control de intensidad: Z3 total ~3:32 (picos/segmentos cortos) → vigilar si el objetivo era día fácil. | RR: RR_NO_DISPONIBLE (solo TCX) → sin DFA-α1/RMSSD. | Implicación operativa: sesión “acumulable” si el día siguiente es Z1 real; si se buscaba AeT, conviene un entorno más estable (cinta/subida constante) para bloques ≥15–20’. | Confianza: 0,86 (alta en zonas/fragmentación/estructura; media en “durabilidad” por confusión de terreno). | Advertencia clave: el %Z2 por sí solo sobreestima el estímulo AeT cuando los bloques son <3’. | Etiqueta fisiológica: BASE_ONDULADA | Hallazgo diferencial: Z2 relevante, pero en bloques cortos (16 bloques; máx ~3:01); Z3 breve. | Coste dominante: mixto bajo-moderado, con componente mecánico por terreno. | RR/α1: RR_NO_DISPONIBLE. | Lectura útil a futuro: rodaje aeróbico ondulado útil para acumular; no equivale a trabajo continuo de umbral aeróbico.","1","1","v3.11","1.0"
"i128607227","6040602.0","2026-03-01","08:20","trail_run","TrailRun","intervals","143","161","icu","67.7","63.6","8.38","213.8","201.0","25.5","698.0","137.0","163.0","158.0","80.84229","","15.161673","59.7","39.7","0.6","38.0","25.2","0.4","4","19.8","6.1","1","4.6;6.1;4.8;4.3","0;5;0;0","0.0","3.5","intervals_fit","running trail","","","1.0","212.2","570.0","314.0","8.18","7.95","81.1","80.6","1.0","1.0","216.7","207.8","0","0.972","0.959","58.0","99.25964","6.0","2.0","233.0","7244.0","1598.0","7.9151344","work_moderate","typical","below","endurance_moderate","esumen conciso para notas (calidad) | Tipo de estímulo: rodaje aeróbico ondulado con Z2 relevante y Z3 prácticamente nula; carga interna moderada, sin bloques duros. | Continuidad real: Z2 muy fragmentada (30 bloques, máx 3:10, mediana ~25 s). Útil como trail controlado, no equivalente a AeT continuo. | Estructura terreno: la carga interna se concentra en subidas (FC típica ~148); bajadas limpian FC y aumentan coste mecánico relativo. | Paradas: 8 pausas ≥15 s (máx 61 s) → parte de la “fragmentación” viene de stop/lento, no solo de perfil. | RR: RR_NO_DISPONIBLE (TCX-only) → sin DFA-α1/RMSSD. | Implicación operativa: sesión acumulable como base ondulada; si el objetivo fuese AeT, conviene un entorno más estable para bloques ≥15–20’. | Confianza: 0,87 | Advertencias clave: (1) D+ es estimación sensible a filtro; (2) “durabilidad” en trail sin potencia se interpreta solo como bandera, no como diagnóstico. | Noto cansancio acumulado. Molestias en glúteo izquierdo y un poco rodilla al final, logico por otra parte al ser el terreno tan duro. | Etiqueta fisiológica: BASE_ONDULADA_FRAGMENTADA | Hallazgo diferencial: Z2 total relativamente alta, pero muy troceada (30 bloques; máx ~3:10; mediana ~25 s); Z3 casi nula. | Coste dominante: bajo-moderado; parte de la fragmentación viene también de paradas/ralentizaciones. | RR/α1: RR_NO_DISPONIBLE. | Lectura útil a futuro: sesión de base ondulada controlada; poca utilidad como estímulo AeT específico.","1","1","v3.11","1.0"
"i129155291","","2026-03-02","08:07","strength","WeightTraining","intervals","142","163","icu","51.5","51.5","0.0","","","","100.0","65.0","94.0","","","","","100.0","0.0","0.0","51.5","0.0","0.0","0","0.0","0.0","0","","","","","","","","","0.0","","","","","","","","0.0","0.0","","","0","","","3.0","4.6190276","","","","","","","NA","below","below","strength_unknown","","0","0","v3.11",""
"i129393214","","2026-03-04","08:11","strength","WeightTraining","intervals","142","163","icu","36.1","36.1","0.0","","","","118.0","85.0","125.0","","","","","100.0","0.0","0.0","36.1","0.0","0.0","0","0.0","0.0","0","","","","","","","","","0.0","","","","","","","","0.0","0.0","","","0","","","6.0","9.758218","","","","","","","NA","below","below","strength_unknown","","0","0","v3.11",""
"i129490792","6092260.0","2026-03-04","14:36","bike","Ride","intervals","139","156","icu","125.3","122.8","37.34","817.0","870.0","21.9","1167.0","131.0","157.0","152.0","91.09779","","16.069366","55.4","44.2","0.4","67.9","54.2","0.5","4","55.7","22.2","1","18.7;22.2;8.5;6.3","2;0;0;0","0.0","-19.0","","","","","0.0","","","","","","","","0.0","0.0","","","0","","","94.0","155.00891","5.0","2.0","","","","","work_steady","above","typical","endurance_moderate","Buena sesión en general, noto que me sigue faltando algo de motor a la que elevo la intensidad pero las sensaciones han sido mejores que otras veces. Noto que me sube mas fácilmente las pulsaciones en la primera subida y que en el resto. De hecho en cada subida parece que le cuesta mas subir. | Resumen conciso para notas (calidad) | Tipo de estímulo: sesión aeróbica de carretera con Z2 relevante y Z3 prácticamente inexistente (carga interna moderada, no “día duro”). | Continuidad real Z2: 54’ en Z2, pero fragmentada (31 bloques; máx 9:09; solo ~19,5’ en bloques ≥5’). | Perfil: altitud 66–347 m; D+ estimado ~800 m (orden de magnitud hilly). | Cadencia/coasting: pedaleo consistente (~92 rpm) con ~10% coasting → patrón compatible con sube/baja o variaciones de ritmo. | Stop&go: 6 paradas ≥15 s (3:09 total); el resto del tiempo lento no son paradas largas. | RR: RR_NO_DISPONIBLE → sin DFA-α1/RMSSD. | Confianza: 0,88 | Advertencias clave: (1) D+ es estimación dependiente de filtro; (2) sin potencia, la lectura de “durabilidad/deriva” es poco robusta en terreno variable; lo fiable aquí es zonas + continuidad de bloques + stop/coasting. | Etiqueta fisiológica: BASE_HILLY_MODERADA | Hallazgo diferencial: bastante Z2 total (~54’) pero distribuida en pocos bloques útiles; solo ~19,5’ en bloques ≥5’. | Coste dominante: cardiometabólico moderado, sin Z3 sostenida. | RR/α1: RR_NO_DISPONIBLE. | Lectura útil a futuro: salida aeróbica con desnivel y Z2 intermitente; más “trabajo moderado” que recuperación, menos útil que una Z2 continua.","1","1","v3.11","1.0"
"i129768857","","2026-03-05","15:15","road_run","VirtualRun","intervals","143","161","icu","88.7","86.3","10.21","","","","921.0","139.0","156.0","152.0","69.250244","","","58.5","41.5","0.0","50.0","35.5","0.0","4","39.1","16.4","0","16.4;9.3;4.5;8.9","0;0;0;0","0.0","6.8","intervals_fit","running indoor_running","","","0.0","","","","7.34","7.09","69.9","68.6","1.0","1.0","","","0","0.966","","75.0","130.14806","6.0","3.0","","","","","work_steady","typical","typical","endurance_moderate","Sesión dura y un poco agonica en algunos momentos. Será por ser en cinta? Alguna queja en rodilla izquierda y cadera derecha que no fue a mas. | Etiqueta fisiológica: BLOQUES_ALTERNOS_SUBIDA/LLANO | Hallazgo diferencial: patrón 10’/10’ bien visible por velocidad; la clave no es la FC media global, sino la deriva clara entre bloques equivalentes. | Coste dominante: mixto; muscular local en tramos de pendiente alta + aeróbico en tramos rápidos. | RR/α1: RR_NO_DISPONIBLE. | Lectura útil a futuro: sesión de carga aeróbica + muscular; no regenerativa. La comparación útil aquí es entre bloques equivalentes, no contra una salida trail.","1","1","v3.11","1.0"
"i129984489","","2026-03-06","09:19","strength","WeightTraining","intervals","142","163","icu","24.9","24.9","0.0","","","","51.0","76.0","107.0","","","","","100.0","0.0","0.0","24.9","0.0","0.0","0","0.0","0.0","0","","","","","","","","","0.0","","","","","","","","0.0","0.0","","","0","","","2.0","3.025628","","","","","","","NA","below","below","strength_unknown","","0","0","v3.11",""
"i130144951","6142302.0","2026-03-07","08:59","trail_run","TrailRun","intervals","143","161","icu","100.3","98.1","12.23","329.0","332.0","26.9","1033.0","138.0","177.0","160.0","80.45406","41.0","12.769499","67.0","28.7","4.3","65.5","28.1","4.2","5","28.4","9.3","15","9.3;3.4;3.1;7.6;5.0","6;0;0;48;0","0.0","10.6","intervals_fit","running trail","","","1.0","198.4","392.0","290.0","7.89","7.31","80.4","80.5","1.0","1.0","201.6","195.3","0","0.926","0.969","86.0","146.56741","5.0","2.0","219.0","5058.0","3556.0","6.8033366","work_intense","unknown","unknown","endurance_hard","Resumen conciso para notas (calidad) — Trail 07-mar-2026 | Tipo de estímulo: rodaje aeróbico ondulado con dosis de Z2; Z3 baja y en bloques cortos (no es trabajo continuo alrededor de VT1). | Continuidad real: Z2 muy fragmentada (≈25 bloques; máx ~5:12, mediana ~0:37) → estímulo intermitente por perfil. | Coste mecánico: tiempo de bajada alto (descenso ≈ equivalente a la subida en tiempo) → tratar como carga mecánica moderada aunque la FC baje. | RR (calidad): RR_OK; offline despreciable. Tras limpieza, ~95% de latidos válidos; ΔRR>20% ~4,6% con artefactos locales (algunos minutos inflan RMSSD si no se filtran por validez). | RMSSD ejercicio (solo minutos buenos ≥90% válidos): 1’ P50 ~3,64 ms (P90 ~11,6); 5’ P50 ~5,40 ms (P90 ~15,1). | DFA-α1: mediana ~0,90; ~28% de ventanas <0,75; HR@0,75 no estimable (α1 no correlaciona con FC → esfuerzo no estacionario/terreno variable). | Implicación operativa: sesión acumulable como base; si el objetivo fuese AeT, mejor entorno estable (cinta/subida continua) para bloques ≥15–20’. | Confianza: 0,87 | Advertencia clave: el %α1<0,75 aquí funciona como marcador de variabilidad/exigencia segmentaria, no como “tiempo en umbral” por falta de estacionariedad. | Buenas sensaciones en esta sesión. La cadera izq se quejó al inicio pero no fue a mas. Es la primera vez en el año que noto que el motor empieza a funcionar en las subidas. Estoy contento. | Etiqueta fisiológica: BASE_ONDULADA + RR_INTERPRETABLE_CON_CAUTELA | Hallazgo diferencial: Z2 presente pero muy fragmentada (25 bloques; máx ~5:12; mediana ~0:37); Z3 baja. | Coste dominante: mecánico moderado por alto tiempo de bajada. | RR/α1: RR_OK con artefactos locales; α1 mediana ~0,90 y ~28% <0,75, pero sin relación estable con FC → marcador de exigencia/no estacionariedad, no de umbral. | Lectura útil a futuro: trail aeróbico con variabilidad alta; no usar para HR@0,75.","1","1","v3.11","1.001"
"i130379501","6159198.0","2026-03-08","08:27","trail_run","TrailRun","intervals","143","161","icu","99.3","97.6","11.9","340.0","349.0","28.6","993.0","135.0","166.0","154.0","80.62901","48.0","11.081669","72.3","27.0","0.8","70.5","26.3","0.7","4","22.2","7.3","3","6.0;3.6;7.3;5.3","0;0;10;0","0.0","-6.0","intervals_fit","running trail","","","1.0","195.3","334.0","280.0","7.23","7.68","79.7","81.6","1.0","1.0","194.7","195.9","0","1.062","1.006","78.0","134.53058","5.0","","215.0","490.0","275.0","0.0035176717","work_steady","typical","typical","endurance_moderate","Hoy he notado el cansancio del dia se ayer y tenia las piernas mas cansadas. Queja en la cadera izquierda al inicio pero luego bien. El motor hoy nonandaba tan fino. | Nota resumen (calidad) — Trail 08-mar-2026 | Tipo de estímulo: base aeróbica ondulada; Z1 dominante con Z2 moderada y Z3 residual (picos cortos, no trabajo sostenido). | Continuidad real: Z2 muy fragmentada (30 bloques, máx ~3:34, mediana ~0:27) → estímulo intermitente por perfil; no sustituye AeT continuo. | Coste mecánico: D+ ~360 m y tiempo de bajada alto → clasificar como carga mecánica moderada aunque FC baje en descenso. | RR (QA): RR_OK (0% offline; total eliminado ~0,81% tras filtros; señal limpia y estable). | RMSSD ejercicio: 1’ P50 ~2,89 ms; 5’ P50 ~3,02 ms (predominio de estado de ejercicio, sin outliers relevantes). | DFA-α1: mediana ~1,13; ~6% de ventanas <0,75 → mayoritariamente aeróbico estable; HR@0,75 no estimable (sin cruce estable). | Implicación operativa: sesión acumulable; si se busca progreso AeT, conviene entorno más estable para bloques ≥15–20’. | Confianza: 0,90 | Advertencia clave: el D+ es estimación dependiente de filtro; lo robusto aquí es la combinación zonas + fragmentación + RR_QA + α1. | Etiqueta fisiológica: BASE_ONDULADA_ACUMULABLE | Hallazgo diferencial: Z1 dominante; Z2 moderada pero muy fragmentada (30 bloques; máx ~3:34); Z3 residual. | Coste dominante: mecánico moderado por D+/D− y tiempo bajando. | RR/α1: RR muy limpio; α1 mediana ~1,13 con ~6% <0,75 → sesión mayoritariamente aeróbica estable. | Lectura útil a futuro: muy buena como acumulación con desnivel; poca transferencia a AeT continuo.","1","1","v3.11","1.0"
"i130707160","6180146.0","2026-03-09","13:44","bike","Ride","intervals","139","156","icu","129.9","125.3","44.95","409.0","428.0","9.1","1057.0","120.0","155.0","144.0","92.731636","","14.156834","91.9","8.1","0.0","114.8","10.1","0.0","1","7.2","7.2","0","7.2","0","0.0","36.4","","","","","0.0","","","","","","","","0.0","0.0","","","0","","","64.0","104.69073","4.0","2.0","","","","","work_moderate","typical","typical","endurance_moderate","Nota resumen (calidad) — Ciclismo 09-mar-2026 | Tipo de estímulo: salida base Z1 dominante con un único bloque Z2 claro en subida; sin Z3 y sin firma HIIT. | Continuidad real: Z2 total ~10’, pero está prácticamente concentrado en un bloque principal de 7:06 (≈6% de pendiente media); el resto son toques cortos. | RR (QA): RR_OK muy limpio (≈99,6% latidos válidos tras filtros; offline 0; ΔRR>20% muy bajo). | RMSSD ejercicio: 1’ P50 ~2,82 ms; 5’ P50 ~3,33 ms → sesión globalmente “en modo ejercicio” con tramos de relajación/coasting reflejados en P90 altos. | DFA-α1 global: mediana ~1,58 (IQR 1,40–1,70); %<0,75 ~5% (bajo). | DFA-α1 en el bloque Z2 (7:06): α1 consistentemente <0,75 (ventanas completas: mediana ~0,48, 100% <0,75) → el tramo de subida fue el único segmento “exigente” según α1. | Implicación operativa: clasificar como día acumulable; si se pretende Z2 “por debajo de umbral” usando α1, esa subida concreta se pasó (α1<0,75), pero el resto de la sesión quedó claramente aeróbica. | Confianza: 0,90 | Advertencia clave: el tramo α1<0,75 es corto y coincide con subida; no usar esta sesión para estimar HR@0,75 (no hay barrido suficiente alrededor del cruce). | Sesión de ciclismo Z1 con un toque de Z2 en subida. Nada a destacar. Después de la sesión noté un poco cargado en menisco interno de la pierna izquierda. | Me he encontrado bien haciéndola. En la primera subida me he encontrado cómodo subiendo en Z1, no he tenido que frenar especialmente para que no se me fuera el pulso. En la segunda he ido exigido. Esperaba que la fc me subiera mas. Tengo la sensación que los pulmones me ""frenan"" mas que el corazón. | Etiqueta fisiológica: Z1_REGENERATIVO + SUBIDA_Z2_UNICA | Hallazgo diferencial: casi toda la sesión es Z1; la única parte realmente exigente es una subida de 7:06. | Coste dominante: bajo, con un solo segmento moderado. | RR/α1: RR muy limpio; α1 global muy alto (~1,58), pero dentro del bloque Z2 largo α1 cae consistentemente <0,75 → único tramo con exigencia fisiológica real. | Lectura útil a futuro: salida fácil con una subida puntual; útil para acumular, no para construir Z2 global.","1","1","v3.11","1.0"
"i130897638","6191090.0","2026-03-10","08:59","trail_run","TrailRun","intervals","143","161","icu","68.6","64.7","8.12","285.00006","296.00006","35.1","695.0","137.0","163.0","157.0","80.35838","","9.525381","59.5","39.1","1.4","38.5","25.3","0.9","2","23.2","14.3","4","8.9;14.3","0;6","0.0","1.5","intervals_fit","running trail","","","1.0","202.4","310.0","282.0","7.63","7.59","81.2","79.5","1.0","1.0","221.6","183.2","0","0.995","0.827","56.0","94.133224","5.0","2.0","225.0","0.0","0.0","16.023329","work_steady","typical","below","endurance_moderate","Etiqueta fisiológica: BASE_ONDULADA + SUBIDA_Z2_SOSTENIDA | Hallazgo diferencial: la mayor parte del Z2 útil viene de 2 bloques claros (11:48 y 7:54); el resto son toques. | Coste dominante: mixto, con subida moderadamente exigente y carga mecánica moderada por descenso. | RR/α1: RR muy limpio; α1 mediana ~0,865 con ~32,5% <0,75, concentrado sobre todo en los tramos Z2 de subida. | Lectura útil a futuro: buena sesión de base con desnivel y dos segmentos sostenidos; más específica que la mayoría de trails previos del bloque.","1","1","v3.11","1.0"
"i131027860","","2026-03-10","17:49","strength","WeightTraining","intervals","142","163","icu","69.5","69.5","0.0","","","","211.0","83.0","118.0","","","","","","","","","","","0","0.0","0.0","0","","","","","","","","","0.0","","","","","","","","0.0","0.0","","","0","","","9.0","15.983224","","","","","","","NA","typical","typical","strength_unknown","","0","0","v3.11",""
"i131337194","","2026-03-11","08:20","strength","WeightTraining","intervals","142","163","icu","52.7","52.7","0.0","","","","192.0","87.0","124.0","","","","","100.0","0.0","0.0","52.7","0.0","0.0","0","0.0","0.0","0","","","","","","","","","0.0","","","","","","","","0.0","0.0","","","0","","","9.0","14.104622","","","","","","","NA","typical","typical","strength_unknown","A pesar de las molestias matinales la rodilla responde bien al entrenamineto de fuerza.","0","1","v3.11",""
"i131254440","5535200.0","2026-03-11","14:41","bike","Ride","intervals","139","156","icu","118.8","115.9","43.71","146.0","151.0","3.3","920.0","117.0","143.0","132.1","92.6621","","16.808134","99.0","1.0","0.0","114.5","1.1","0.0","0","0.0","0.0","0","","","0.0","10.1","","","","","0.0","","","","","","","","0.0","0.0","","","0","","","55.0","93.92956","3.0","2.0","","","","","easy","typical","typical","endurance_easy","Nota resumen (calidad) | Etiqueta fisiológica: Z1_REGENERATIVO / BASE_BAJA | Continuidad del estímulo: Z2 prácticamente inexistente (1:02 total, bloque máx 0:28) | Coste dominante: bajo; cardiometabólico bajo y mecánico bajo-moderado | RR/α1 interpretabilidad: RR_OK; α1 global muy alto y estable; HR@0,75 no usable | Comparabilidad: comparable con salidas de recuperación/base llana; no comparable con sesiones Z2 o AeT | Encaje en el bloque: sesión de acumulación barata | Desviación respecto al objetivo: alineada si tocaba recuperación; demasiado fácil si tocaba estímulo aeróbico específico | Confianza: 0,92 | Advertencias clave: el dato más importante de esta sesión no es la FC media, sino que no hubo bloque útil en Z2. Si la intención era “trabajo”, los datos no lo respaldan. | Salida en bici por debajo de VT1 para descarar y acumular volumen sin fatiga. Nada destacable, algo de viento fuerte en algunos tramos, tanto a favor como en contra. | Etiqueta fisiológica: Z1_REGENERATIVO / BASE_BAJA | Hallazgo diferencial: ausencia práctica de Z2 útil (1:02 total, bloque máx ~0:28). | Coste dominante: bajo. | RR/α1: RR excelente; α1 muy alto y estable (~1,63) → carga interna muy baja. | Lectura útil a futuro: sesión de recuperación clara; si el objetivo era trabajo aeróbico específico, no lo aporta.","1","1","v3.11","1.0"
"i131434954","","2026-03-12","09:36","strength","WeightTraining","intervals","142","163","icu","37.8","37.8","0.0","","","","94.0","76.0","110.0","","","","","100.0","0.0","0.0","37.8","0.0","0.0","0","0.0","0.0","0","","","","","","","","","0.0","","","","","","","","0.0","0.0","","","0","","","4.0","6.300533","","","","","","","NA","below","below","strength_unknown","","0","0","v3.11",""
"i131571592","","2026-03-12","14:42","swim","Swim","intervals","134","149","icu","59.6","58.8","1.73","","","","455.0","114.0","131.0","123.0","39.0","","","100.0","0.0","0.0","58.8","0.0","0.0","0","0.0","0.0","0","","","0.0","-10.8","","","","","0.0","","","","","","","","0.0","0.0","","","0","","","25.0","44.85479","5.0","3.0","","","","","easy","below","typical","endurance_easy","Aburrida y larga y costosa como todas las sesiones de natación","1","1","v3.11","1.0"
"i131777097","6258803.0","2026-03-13","16:15","bike","Ride","intervals","139","156","icu","138.0","126.2","40.12","797.0","809.0","19.9","1258.0","130.0","169.0","151.0","88.106636","25.0","15.260614","50.3","46.4","3.3","63.1","58.3","4.2","3","57.9","33.5","7","19.1;33.5;5.3","3;0;67","0.0","-3.2","","","","","0.0","","","","","","","","0.0","0.0","","","0","","","99.0","155.1031","5.0","1.0","","","","","work_steady","above","typical","endurance_moderate","Etiqueta fisiológica: SUBIDA_Z2_SOSTENIDA_CONTROLADA | Hallazgo diferencial: mucho tiempo en Z2 por FC, con 2 bloques principales (30:55 y 13:37), pero la capa RR indica que el esfuerzo fue controlado, no de umbral alto. | Coste dominante: volumen de subida + duración total; no intensidad máxima. | RR/α1: RR_OK; α1 global alto (~1,40) y en el bloque largo de Z2 se mantiene mayoritariamente >0,75 → subida sostenible, no sesión dura. | Lectura útil a futuro: buena construcción aeróbica específica en bici; no confundir “mucho Z2 por FC” con “sesión dura”. | Sesión donde se buscó Z2 en las subidas. Buena respuesta y buenas sensaciones en las subidas. | En la subida al Tibidabo se busco Z3. Se hizo duro pero fue gratificante. | Satisfecho con la sesión.","1","1","v3.11","1.0"
"i131932523","","2026-03-14","11:55","road_run","VirtualRun","intervals","143","161","icu","92.1","85.5","9.03","","","","968.0","141.0","169.0","167.0","67.06945","33.0","","53.9","35.1","11.0","45.3","29.5","9.2","5","40.0","12.4","22","7.7;3.0;12.4;8.3;8.6","6;0;68;0;0","0.0","-19.8","intervals_fit","running indoor_running","","","0.0","","","","6.24","6.77","67.4","66.7","1.0","1.0","","","0","1.085","","84.0","139.46208","6.0","3.0","","","","","work_intense","typical","unknown","endurance_hard","Nota resumen (calidad) — Cinta 14-mar-2026 | Etiqueta fisiológica: FUERZA-RESISTENCIA EN PENDIENTE + CARGA MIXTA CENTRAL/PERIFÉRICA. No es sesión fácil, no es AeT continuo, no es HIIT clásico. | Hallazgo clave: la parte central del protocolo concentra la carga real. Los bloques 15% @ 6,0 km/h fueron los más exigentes, especialmente el bloque 4 (FC media ~165, 8:27 en Z3, α1 mediana ~0,45). | Fatiga acumulada intra-sesión: la misma consigna externa en pendiente se encarece con el paso de la sesión: 15% @ 4,5 km/h pasa de FC ~143 / α1 ~0,81 en bloque 3 a FC ~150 / α1 ~0,68 en bloque 5. Esto indica acumulación de fatiga real, no solo variación aleatoria. | Discrepancia FC vs RR relevante: el bloque 2% @ 8,7 km/h parece moderado por FC (~145 lpm, sin Z3), pero por RR sale claramente exigente (α1 mediana ~0,70, ~88% <0,75). Lectura correcta: bloque fisiológicamente duro aunque la FC no lo parezca. | Carga global: sobre los 90’ útiles, la distribución fue ~57% Z1 / 32% Z2 / 10% Z3. El coste dominante no fue un único pico corto, sino una parte media sostenidamente demandante. | RR / α1 interpretabilidad: RR_OK (≈99,5% válido). RMSSD 1’ P50 ~2,75 ms y α1 global mediana ~0,79 con ~42% <0,75 → sesión globalmente exigente para ser cinta “a bloques”. | Comparabilidad: comparable con futuros protocolos escalonados de cinta con pendiente alta; no comparable con TEST-CINTA estándar, AeT continuo ni rodajes estables en llano. | Lectura práctica correcta: sesión útil como trabajo de tolerancia muscular en pendiente + carga aeróbica exigente, pero demasiado cara para clasificarla como sesión de acumulación barata. | Confianza: 0,91 | Advertencia clave: el dato más fácil de malinterpretar es el bloque 2% @ 8,7; por FC parece moderado, pero la capa RR muestra que llegó ya con fatiga acumulada y salió claramente más costoso de lo aparente. | Sesión dura, especialmente los bloques 2 al 4. | Noté la fatiga acumulado de ayer y la de hoy porque la fc no me bajó mucho a pesar de meter algun bloque no muy rápido. La cadera se quejó un poco al pricipio y luego noto como el tendón un poco inflamado.","1","1","v3.11","1.004"
"i132252950","6297849.0","2026-03-15","16:38","bike","Ride","intervals","139","156","icu","133.7","129.6","51.64","213.0","204.0","4.1","1043.0","117.0","144.0","131.0","92.687805","","15.547679","99.1","0.9","0.0","128.2","1.2","0.0","0","0.0","0.0","0","","","0.0","-8.3","","","","","0.0","","","","","","","","0.0","0.0","","","0","","","63.0","109.95596","4.0","2.0","","","","","easy","above","above","endurance_easy","","1","0","v3.11","1.0"
"i132381084","","2026-03-16","09:12","strength","WeightTraining","intervals","142","163","icu","38.3","38.3","0.0","","","","158.0","88.0","116.0","","","","","100.0","0.0","0.0","38.3","0.0","0.0","0","0.0","0.0","0","","","","","","","","","0.0","","","","","","","","0.0","0.0","","","0","","","8.0","12.828335","4.0","3.0","","","","","NA","below","typical","strength_unknown","Entrenamiento fuerza piernas. Rodillas algo sensibles pero aceptable","1","1","v3.11",""
"i132659323","","2026-03-17","08:40","mobility","Workout","intervals","142","163","icu","60.0","60.0","0.0","","","","140.0","76.0","106.0","","","","","100.0","0.0","0.0","60.0","0.0","0.0","0","0.0","0.0","0","","","","","","","","","0.0","","","","","","","","0.0","0.0","","","0","","","7.0","10.003624","","","","","","","NA","unknown","unknown","mobility","","0","0","v3.11",""
"i132739221","6330154.0","2026-03-17","14:09","trail_run","TrailRun","intervals","143","161","icu","100.0","96.0","11.4","441.0","430.8","38.7","1033.0","139.0","168.0","161.0","75.94885","","17.46401","60.7","35.4","3.9","58.1","34.0","3.7","3","27.2","13.6","14","13.6;5.4;8.2","27;0;0","0.0","-30.1","intervals_fit","running trail","","","1.0","196.2","334.0","292.0","6.51","8.01","72.4","79.5","1.0","1.0","210.0","182.5","0","1.23","0.869","87.0","148.53741","5.0","3.0","219.0","718.0","402.0","10.2334385","work_steady","above","typical","endurance_moderate","Salida agradable pero se ha hecho larga al final. He notado el cansancio físico y el cansancio muscular, sobre todo en gemelos. Glúteo izquierdo se ha ido quejando un poco mas que las últimas veces pero sin entorpecer .","1","1","v3.11","1.006"
"i133012203","6349892.0","2026-03-18","13:45","bike","Ride","intervals","139","156","icu","128.9","125.5","43.1","498.0","515.0","11.6","1102.0","124.0","150.0","141.0","89.200966","","15.706978","90.6","9.4","0.0","113.5","11.8","0.0","3","12.9","5.3","0","4.0;5.3;3.6","0;0;0","0.0","-4.4","","","","","0.0","","","","","","","","0.0","0.0","","","0","","","77.0","130.4953","5.0","3.0","","","","","work_moderate","typical","typical","endurance_moderate","Salida VT1. No me he notado tan fluido como otras veces.  | En la parte final llana no me subía mucho la fc para mi rpe. Viento de cara.","1","1","v3.11","1.0"
"i133173462","","2026-03-19","08:51","mobility","Workout","intervals","142","163","icu","40.9","40.9","0.0","","","","112.0","83.0","155.0","","","","","97.8","2.2","0.0","40.0","0.9","0.0","0","0.0","0.0","0","","","","","","","","","0.0","","","","","","","","0.0","0.0","","","0","","","7.0","10.815013","","","","","","","NA","unknown","unknown","mobility","","0","0","v3.11",""
"i133197703","","2026-03-19","09:34","mobility","Workout","intervals","142","163","icu","18.7","18.7","0.0","","","","74.0","88.0","105.0","","","","","100.0","0.0","0.0","18.5","0.0","0.0","0","0.0","0.0","0","","","","","","","","","0.0","","","","","","","","0.0","0.0","","","0","","","3.0","6.1015644","","","","","","","NA","unknown","unknown","mobility","","0","0","v3.11",""
"i133273117","6367999.0","2026-03-19","14:25","trail_run","TrailRun","intervals","143","161","icu","86.0","82.9","13.1","32.42857","20.428572","2.5","901.0","139.0","165.0","156.0","83.15642","","15.143774","74.4","24.9","0.6","61.7","20.7","0.5","3","18.6","6.4","2","6.4;6.2;6.0","0;0;5","0.0","4.4","intervals_fit","running trail","","","1.0","233.1","364.0","280.0","9.61","9.36","84.1","82.2","1.0","1.0","233.8","232.5","0","0.974","0.994","76.0","131.58519","4.0","2.0","238.0","1202.0","876.0","2.9386716","work_moderate","typical","typical","endurance_moderate","Carrera en vt1 con tres aceleraciones por encima de VT1. Buenas sensaciones aunque note el impacto en los músculos. Cadera se quejó al inicio.  | ,","1","1","v3.11","1.0"
"i133588829","","2026-03-20","16:05","strength","WeightTraining","intervals","142","163","icu","40.4","40.4","0.0","","","","225.0","102.0","148.0","","","","","99.4","0.6","0.0","40.1","0.2","0.0","0","0.0","0.0","0","","","","","","","","","0.0","","","","","","","","0.0","0.0","","","0","","","14.0","20.950157","","","","","","","NA","above","typical","strength_unknown","","0","0","v3.11",""
"i133698636","6396743.0","2026-03-21","09:15","bike","Ride","intervals","139","156","icu","258.8","247.3","95.96","277.0","260.0","2.9","2092.0","121.0","149.0","136.0","34.25","","14.455265","98.6","1.4","0.0","243.6","3.4","0.0","0","0.0","0.0","0","","","0.0","19.6","","","","","0.0","","","","","","","","0.0","0.0","","","0","","","130.0","226.37198","5.0","2.0","","","","","easy","above","above","endurance_easy","Cardiovascular rpe 4, musular rpe 5","1","1","v3.11","1.002"
"i133874358","6417818.0","2026-03-22","08:59","trail_run","TrailRun","intervals","143","161","icu","75.5","75.0","10.04","290.60004","292.60004","28.9","776.0","137.0","164.0","157.0","82.62559","","10.763374","73.0","25.5","1.5","54.7","19.1","1.1","3","17.1","6.0","7","6.0;5.3;5.8","0;0;20","0.0","-2.8","intervals_fit","running trail","","","1.0","211.0","340.0","292.0","7.89","8.35","81.1","84.2","1.0","1.0","223.1","198.9","0","1.058","0.892","63.0","109.143135","5.0","2.0","228.0","288.0","150.0","9.555092","work_moderate","typical","typical","endurance_moderate","Carrera en formato libre sin estar pendiente de la fc, aunque la idea era ir tranquilo. Notaba las piernas y el sistema un poco cansado pero todo a respondido aceptablemente bien. Me ha gustado mucho la zona.","1","1","v3.11","1.0"
"i134209735","","2026-03-23","15:16","mobility","Workout","intervals","142","163","icu","40.7","40.7","0.0","","","","138.0","83.0","111.0","","","","","100.0","0.0","0.0","40.7","0.0","0.0","0","0.0","0.0","0","","","","","","","","","0.0","","","","","","","","0.0","0.0","","","0","","","7.0","11.805893","","","","","","","NA","unknown","unknown","mobility","","0","0","v3.11",""
"i134210657","","2026-03-23","16:03","other","Other","intervals","142","163","icu","15.0","15.0","0.0","","","","","","","","","","","","","","","","","0","0.0","0.0","0","","","","","","","","","0.0","","","","","","","","0.0","0.0","","","0","","","","","","","","","","","NA","unknown","unknown","other","","0","0","v3.11",""
"i134418254","","2026-03-24","09:24","road_run","VirtualRun","intervals","143","161","icu","56.3","50.8","4.88","","","","593.0","144.0","171.0","169.0","59.82262","22.0","","45.9","23.0","31.1","22.9","11.4","15.5","5","23.7","5.3","65","4.3;4.6;4.7;5.3;4.8","8;66;84;83;77","1.0","11.5","intervals_fit","running indoor_running","","","0.0","","","","6.14","5.72","60.1","59.5","1.0","1.0","","","0","0.932","","56.0","90.805374","7.0","2.0","","","","","work_intense","typical","unknown","endurance_hard","Sesión en cinta buscando trabajo de vo2 en series. | Se buscaron 5 bloques de 5 minutos. | Toda la sesión fue realizada con una inclinación del 15% | Para reducir impacto toda la sesión se realizo caminando. | Bloques: | - 5km/h 8 min aprox | - 6.5 km/h 5min | - 4km/h 5min | - 6.4 km/h 5min | - 4km/h 5min | - 6.4 km/h 5min | - 4km/h 5min | - 6.3 km/h 5min | - 3.5km/h 5min | - 6.1 km/h 5min | - 3.5km/h hasta el final","1","1","v3.11","1.0"
"i134523214","","2026-03-24","18:44","strength","WeightTraining","intervals","142","163","icu","48.7","48.7","0.0","","","","273.0","101.0","135.0","","","","","","","","","","","0","0.0","0.0","0","","","","","","","","","0.0","","","","","","","","0.0","0.0","","","0","","","","24.938787","","","","","","","NA","unknown","unknown","strength_unknown","","0","0","v3.11",""
"i134627982","","2026-03-25","08:16","mobility","Workout","intervals","142","163","icu","42.1","42.1","0.0","","","","105.0","77.0","102.0","","","","","100.0","0.0","0.0","42.1","0.0","0.0","0","0.0","0.0","0","","","","","","","","","0.0","","","","","","","","0.0","0.0","","","0","","","5.0","8.405812","","","","","","","NA","below","unknown","mobility","","0","0","v3.11",""
"i134708917","6482211.0","2026-03-25","13:39","bike","Ride","intervals","139","156","icu","137.7","132.2","50.83","181.0","244.0","3.6","1098.0","118.0","149.0","132.0","87.756935","","19.818197","98.3","1.7","0.0","129.7","2.3","0.0","0","0.0","0.0","0","","","0.0","14.4","","","","","0.0","","","","","","","","0.0","0.0","","","0","","","70.0","118.88166","4.0","3.0","","","","","easy","above","above","endurance_easy","Salida de acumular volumen por debajo de VT1. He notado las piernas cargadas, y la habitual bajada de fc en la segunda parte. Viento a favor y de cara en diversas partes del recorrido. | Un poco de hambre hacia el final.","1","1","v3.11","1.0"
"i134951739","6498638.0","2026-03-26","14:03","trail_run","TrailRun","intervals","143","161","icu","64.5","64.4","9.65","341.0","341.0","35.3","770.0","153.0","171.0","167.0","83.6346","18.0","13.601798","15.2","63.5","21.3","9.8","40.9","13.8","4","57.7","19.0","24","18.8;16.9;19.0;3.0","13;50;15;0","0.0","4.0","intervals_fit","running trail","","","1.0","231.0","402.0","310.0","9.12","8.97","83.1","84.2","1.0","1.0","248.6","213.5","0","0.984","0.859","81.0","140.77669","5.0","2.0","248.0","3236.0","1905.0","15.147244","work_intense","typical","unknown","endurance_hard","Salida sin plan especifico. Noté que la fc me subía rápido y la deje correr y hice la sesión sin fijarme mucho ni buscar bajarla. Corrí y ya está. La rpe no está en consonancía con la fc media, hoy la fc ha estado alta de inicio. | Al finalde la sesión la cadera se ha empezado a quejar un poco mas. He notado el cansancio físico pero no me sentido frenado.","1","1","v3.11","1.0"
"i135238313","","2026-03-27","17:21","strength","WeightTraining","intervals","142","163","icu","71.7","71.7","0.0","","","","335.0","96.0","140.0","","","","","100.0","0.0","0.0","71.7","0.0","0.0","0","0.0","0.0","0","","","","","","","","","0.0","","","","","","","","0.0","0.0","","","0","","","19.0","30.83209","","","","","","","NA","typical","above","strength_unknown","","0","0","v3.11",""
"i135583336","6538032.0","2026-03-29","08:32","road_run","Run","intervals","143","161","icu","70.5","70.0","10.74","59.34262","72.67612","5.5","709.0","135.0","159.0","147.0","84.56056","","4.8452706","90.9","9.1","0.0","63.6","6.3","0.0","1","3.1","3.1","0","3.1","0","0.0","-0.7","intervals_fit","running generic","","","1.0","226.8","334.0","272.0","8.97","9.39","83.9","85.2","1.0","1.0","221.9","231.7","1","1.047","1.044","56.0","99.32736","4.0","3.0","230.0","322.0","300.0","-1.1715778","easy","typical","typical","endurance_easy","muscular rpe 5 | Algo de molestias en la cadera derecha","1","1","v3.11","1.0"
"i135863677","6562559.0","2026-03-30","09:29","road_run","Run","intervals","143","161","icu","77.6","77.1","11.86","141.1144","141.29428","11.9","755.0","132.0","156.0","144.0","85.074844","","6.9583974","93.4","6.6","0.0","72.0","5.1","0.0","0","0.0","0.0","0","","","0.0","-1.1","intervals_fit","running generic","","","1.0","228.9","378.0","282.0","9.18","9.39","84.1","86.1","1.0","1.0","228.9","229.0","1","1.023","1.0","57.0","103.08887","5.0","3.0","234.0","1416.0","728.0","5.5049644","easy","typical","typical","endurance_easy","","1","0","v3.11","1.0"
"i136729528","","2026-04-02","17:26","strength","WeightTraining","intervals","142","163","icu","70.2","70.2","0.0","","","","334.0","95.0","137.0","","","","","100.0","0.0","0.0","69.6","0.0","0.0","0","0.0","0.0","0","","","","","","","","","0.0","","","","","","","","0.0","0.0","","","0","","","17.0","27.682987","","","","","","","NA","typical","above","strength_unknown","","0","0","v3.11",""
"i136952015","6654017.0","2026-04-03","15:13","bike","Ride","intervals","139","156","icu","132.6","126.3","40.22","843.0","836.0","21.0","1332.0","138.0","170.0","161.0","89.0471","20.0","17.69445","44.2","40.5","15.3","55.8","51.1","19.4","6","66.9","33.9","29","3.7;13.8;4.3;5.2;33.9;6.0","0;15;0;0;37;78","0.0","-1.1","","","","","0.0","","","","","","","","0.0","0.0","","","0","","","117.0","190.49072","5.0","2.0","","","","","work_intense","above","unknown","endurance_hard","Salida ciclismo despues de viaje y parón. Se buscó hacer las subidas de forma alegre. Buenas sensaciones,  especialmente en la segunda. La fc subia con facilidad.","1","1","v3.11","1.0"
"i137317737","6688522.0","2026-04-05","07:13","bike","Ride","intervals","139","156","icu","160.5","149.6","50.87","816.0","825.0","16.0","1384.0","124.0","156.0","149.0","89.29416","","11.103059","76.1","23.9","0.0","113.8","35.7","0.0","5","33.8","17.3","0","3.4;3.3;5.7;17.3;4.1","0;0;0;0;0","0.0","-30.3","","","","","0.0","","","","","","","","0.0","0.0","","","0","","","98.0","155.56856","5.0","2.0","","","","","work_steady","above","typical","endurance_moderate","Salida ciclismo buscando hacer la subida del día rápida. A pesar de esto la fc no llegó a VT2, no se que puede decir esto.","1","1","v3.11","1.001"
"i137524201","5857059.0","2026-04-06","07:39","trail_run","TrailRun","intervals","143","161","icu","81.8","79.6","10.63","261.9733","262.21497","24.6","834.0","137.0","180.0","167.0","82.62076","38.0","11.0914345","63.6","26.5","9.9","50.5","21.1","7.9","4","22.5","7.6","35","5.2;5.2;7.6;4.5","0;76;51;0","0.0","15.1","intervals_fit","running trail","","","1.0","212.5","412.0","310.0","8.6","7.65","83.5","81.7","1.0","1.0","218.5","206.4","0","0.89","0.945","71.0","115.76301","6.0","3.0","234.0","7370.0","4329.0","10.416331","work_intense","typical","unknown","endurance_hard","Ciertas molestias cadera derecha al comenzar. Hoy sensación de motor gripado y piernas pesadas.","1","1","v3.11","1.0"
"i138090502","","2026-04-07","15:16","swim","Swim","intervals","134","149","icu","41.8","41.1","1.2","","","","319.0","114.0","132.0","125.0","38.0","","","100.0","0.0","0.0","40.3","0.0","0.0","0","0.0","0.0","0","","","0.0","-2.0","","","","","0.0","","","","","","","","0.0","0.0","","","0","","","18.0","30.30231","5.0","4.0","","","","","easy","below","typical","endurance_easy","Sensación costosa, como siempre en natación. La idea es que fuera una sesión de recuperación con poca carga. en los giros notaba las rodillas de vez en cuando. ""0 minutos de sauna después de la sesión.","1","1","v3.11","1.0"
"i138137906","6755155.0","2026-04-08","14:07","bike","Ride","intervals","139","156","icu","123.1","120.2","34.09","879.0","870.0","25.8","983.0","117.0","140.0","138.0","83.23911","","19.304018","99.7","0.3","0.0","119.8","0.3","0.0","0","0.0","0.0","0","","","0.0","-6.9","","","","","0.0","","","","","","","","0.0","0.0","","","0","","","61.0","100.48415","4.0","2.0","","","","","easy","typical","typical","endurance_easy","Salida de ciclismo con colinas buscando sumar volumen sin pasar de vt1 y buscando un poco de regeneración. Nada destacable.","1","1","v3.11","1.0"
"i138431944","6771518.0","2026-04-09","14:55","trail_run","TrailRun","intervals","143","161","icu","90.1","88.7","13.19","40.0","30.0","3.0","916.0","136.0","172.0","163.0","81.48239","36.0","21.892223","88.4","6.3","5.3","78.4","5.6","4.7","1","13.5","13.5","35","13.5","35","0.0","5.3","intervals_fit","running trail","","","1.0","219.3","376.0","276.0","8.85","8.99","81.7","81.3","1.0","1.0","214.8","223.9","1","1.016","1.042","73.0","125.583885","4.0","2.0","225.0","1630.0","1476.0","3.702046","work_intense","typical","unknown","endurance_hard","Salida en sendero plano buscando salida larga suave por debajo de VT1.  El último km se hizo intenso buscando un detalle de calidad con kms acumulados. Algo de molestias al incio en cadera derecha. Algo de rodilla izquierda algun momento.","1","1","v3.11","1.0"
"i138775052","","2026-04-10","15:21","strength","WeightTraining","intervals","142","163","icu","65.4","65.4","0.0","","","","195.0","83.0","124.0","","","","","100.0","0.0","0.0","65.4","0.0","0.0","0","0.0","0.0","0","","","","","","","","","0.0","","","","","","","","0.0","0.0","","","0","","","10.0","16.727255","","","","","","","NA","typical","typical","strength_unknown","","0","0","v3.11",""
"i138879060","6800893.0","2026-04-11","09:36","bike","Ride","intervals","139","156","icu","207.8","195.6","74.36","659.0","664.0","8.9","1942.0","132.0","176.0","167.0","91.70372","38.0","22.534996","71.8","13.2","15.0","140.2","25.8","29.3","2","36.8","25.5","80","25.5;11.3","84;69","0.0","-2.7","","","","","0.0","","","","","","","","0.0","0.0","","","0","","","157.0","253.65027","6.0","2.0","","","","","work_intense","above","unknown","endurance_hard","Salida larga de ciclismo donde se ha buscado estar bajo/alrededor de VT1 hasta llegar a la primera subido que se ha hecho a tope aprovechando para descansar el breve periodo de bajada que había en medio. Bajada tranquila y de nuevo llano bajo VT1 hasta llegar a la subida 2 que también se volvió hacer a tope. Luego regreso tranquilo a casa. Buenas sensaciones. | Globalmente el rpe no sería de 6 en el llano sería de 4, pewro las subidas fueron de 7 u 8.","1","1","v3.11","1.0"
"i139065750","6819312.0","2026-04-12","08:51","trail_run","TrailRun","intervals","143","161","icu","67.3","67.1","10.61","20.0","103.240555","1.9","663.0","133.0","166.0","142.0","84.934044","","15.729812","96.6","2.4","1.0","64.8","1.6","0.7","0","0.0","0.0","0","","","0.0","4.1","intervals_fit","running trail","","","1.0","231.1","268.0","250.0","9.38","9.54","85.2","84.7","1.0","1.0","232.1","230.1","0","1.017","0.991","50.0","88.554306","4.0","2.0","234.0","0.0","0.0","6.656706","easy","typical","typical","endurance_easy","Salida sobre la hora buscando estar por debajo de VT1 despues de la sesión dura de ayer. sesión en pista plana. Curiosamente consigo mi mejor tiempo en 10k corriendo por debajo de VT1. Bien de molestias. Noto algo en rodilla izquierda y cadera derecha pero muy leve, solo un recuerdo de que están allí. Sensación de cansancio general pero bien llevada por ser terreno plano, de hecho voy bastante mejor de lo esperado. No tengo mucha explicación para las subidas de fc de los últimos minutos.","1","1","v3.11","1.0"
"i139780826","","2026-04-13","14:44","strength","WeightTraining","intervals","142","163","icu","80.6","80.6","0.0","","","","265.0","84.0","127.0","","","","","100.0","0.0","0.0","80.6","0.0","0.0","0","0.0","0.0","0","","","","","","","","","0.0","","","","","","","","0.0","0.0","","","0","","","14.0","22.957909","","","","","","","NA","typical","typical","strength_unknown","","0","0","v3.11",""
"i139780822","","2026-04-14","09:33","mobility","Workout","intervals","142","163","icu","53.2","53.2","0.0","","","","181.0","84.0","117.0","","","","","100.0","0.0","0.0","53.2","0.0","0.0","0","0.0","0.0","0","","","","","","","","","0.0","","","","","","","","0.0","0.0","","","0","","","9.0","14.674999","3.0","2.0","","","","","NA","above","unknown","mobility","","1","0","v3.11",""
"i139782179","6863110.0","2026-04-14","14:08","trail_run","TrailRun","intervals","143","161","icu","97.0","93.7","8.97","680.0","639.24316","75.8","1058.0","144.0","170.0","167.0","72.19879","48.0","19.164734","50.2","18.2","31.5","47.0","17.1","29.5","5","47.7","13.8","62","13.1;10.3;4.3;13.8;6.2","34;72;89;73;60","0.0","13.1","intervals_fit","running trail","","","1.0","197.1","408.0","332.0","6.04","5.71","72.5","71.9","1.0","1.0","217.5","176.7","0","0.945","0.812","100.0","168.80891","7.0","2.0","242.0","13876.0","5781.0","15.761743","work_intense","above","unknown","endurance_hard","Sesión de trail con cuestas en bucle donde se ha buscado estar por encima de VT2 en las subidas. He notado piernas cansadas pero bien. He ido notando como mi capacidad iba bajando en cada vuelta. El interior de la rotula la he notado un poco.","1","1","v3.11","1.0"
"i140070246","6882494.0","2026-04-15","13:59","bike","Ride","intervals","139","156","icu","123.9","119.0","46.71","129.0","135.0","2.8","969.0","116.0","140.0","130.0","88.162766","","18.977018","100.0","0.0","0.0","118.9","0.0","0.0","0","0.0","0.0","0","","","0.0","7.2","","","","","0.0","","","","","","","","0.0","0.0","","","0","","","58.0","97.93244","3.0","2.0","","","","","easy","typical","typical","endurance_easy","","1","0","v3.11","1.0"
"i140535493","","2026-04-16","14:43","mobility","Workout","intervals","142","163","icu","47.7","47.7","0.0","","","","156.0","86.0","111.0","","","","","100.0","0.0","0.0","47.7","0.0","0.0","0","0.0","0.0","0","","","","","","","","","0.0","","","","","","","","0.0","0.0","","","0","","","8.0","13.885072","","","","","","","NA","above","unknown","mobility","","0","0","v3.11",""
"i140535491","","2026-04-16","15:33","elliptical","Elliptical","intervals","139","156","icu","45.2","45.2","0.0","","","","383.0","120.0","135.0","130.0","","","","100.0","0.0","0.0","45.2","0.0","0.0","0","0.0","0.0","0","","","1.0","","","","","","0.0","","","","","","","","0.0","0.0","","","0","","","24.0","42.480865","3.0","2.0","","","","","finish_strong","below","typical","endurance_easy","Sesión de elíptica suave para descargar.","1","1","v3.11","1.0"
"i140569750","","2026-04-17","09:45","road_run","VirtualRun","intervals","143","161","icu","51.0","50.8","8.08","","","","537.0","139.0","169.0","166.0","86.64132","46.0","","62.5","21.4","16.1","31.7","10.8","8.2","3","17.4","6.2","42","5.2;6.0;6.2","5;64;52","0.0","3.2","intervals_fit","running indoor_running","","","0.0","","","","10.11","9.09","87.6","85.7","1.0","1.0","","","0","0.899","","47.0","76.49118","6.0","2.0","","","","","work_intense","below","unknown","endurance_hard","4 serie de tempo run en cinta de 5 minutos.1% de inclinacion. Las dos primeros a 5m/km. como veía que se me estaba iendo la mano de dureza hice las otras 2 a 5,15m/km. | La cinta de HR parece que se saturó de sudor y no capto bien los latidos de la ultima serie. | Me quedo con la sensación que estoy un poco lejos a día de hoy de poder hacer un 10k en menos de 50mins.","1","1","v3.11","1.0"
"i140938746","6937491.0","2026-04-18","16:12","bike","Ride","intervals","139","156","icu","141.2","136.7","55.24","277.0","281.0","5.0","1149.0","120.0","147.0","139.0","92.41477","","22.510265","95.3","4.7","0.0","130.2","6.4","0.0","1","4.5","4.5","0","4.5","0","0.0","-5.5","","","","","0.0","","","","","","","","0.0","0.0","","","0","","","70.0","130.16396","4.0","2.0","","","","","easy","above","above","endurance_easy","Salida por debajo de VT1, para construir base sin sobrecargar sistema.","1","1","v3.11","1.0"
"i141219736","6961949.0","2026-04-19","15:56","bike","Ride","intervals","139","156","icu","193.8","183.2","70.02","145.0","145.0","2.1","1483.0","115.0","142.0","131.0","91.619736","","20.711159","99.5","0.5","0.0","182.2","0.8","0.0","0","0.0","0.0","0","","","0.0","9.7","","","","","0.0","","","","","","","","0.0","0.0","","","0","","","86.0","148.62439","5.0","3.0","","","","","easy","above","above","endurance_easy","Salida por debajo de VT1, para construir base sin sobrecargar sistema. | Tengo la sensación que, llegado a un determinado momento.la fc ya no me sube porque vaya mejor de resisténcia, si no porque las piernas no me dan lo suficiente para mantener el ritmo.","1","1","v3.11","1.0"
"i141710399","","2026-04-20","09:24","mobility","Workout","intervals","142","163","icu","47.6","47.6","0.0","","","","122.0","77.0","115.0","","","","","100.0","0.0","0.0","47.6","0.0","0.0","0","0.0","0.0","0","","","","","","","","","0.0","","","","","","","","0.0","0.0","","","0","","","6.0","10.256556","","","","","","","NA","typical","unknown","mobility","","0","0","v3.11",""
"i141760234","","2026-04-21","09:00","strength","WeightTraining","intervals","142","163","icu","57.6","57.6","0.0","","","","213.0","85.0","127.0","","","","","100.0","0.0","0.0","57.4","0.0","0.0","0","0.0","0.0","0","","","","","","","","","0.0","","","","","","","","0.0","0.0","","","0","","","10.0","17.10533","","","","","","","NA","typical","typical","strength_unknown","","0","0","v3.11",""
"i141760231","7006687.0","2026-04-21","14:56","trail_run","TrailRun","intervals","143","161","icu","62.5","61.6","8.75","245.0","250.20354","28.0","691.0","145.0","173.0","167.0","82.89854","33.0","21.527067","48.8","35.7","15.5","30.1","22.0","9.6","5","34.2","11.4","28","3.3;3.5;11.4;9.0;7.0","0;0;75;0;14","0.0","-14.0","intervals_fit","running trail","","","1.0","223.7","378.0","310.0","8.56","8.7","82.0","83.8","1.0","1.0","247.8","199.5","0","1.016","0.805","65.0","114.62176","5.0","3.0","241.0","3678.0","1920.0","21.58079","work_intense","typical","unknown","endurance_hard","El la subida larga se apretó consientemente. Ligera sensación de debilidad al comienzo que luego desapareció. Ciertas molestias en cadera derecha y rodilla izquierda que luego desaparecieron. Sol y calor aunque no excesiva sudoración.","1","1","v3.11","1.0"
"i141930643","","2026-04-22","08:20","mobility","Workout","intervals","142","163","icu","56.8","56.8","0.0","","","","165.0","83.0","115.0","","","","","100.0","0.0","0.0","56.8","0.0","0.0","0","0.0","0.0","0","","","","","","","","","0.0","","","","","","","","0.0","0.0","","","0","","","9.0","15.00886","","","","","","","NA","above","unknown","mobility","","0","0","v3.12",""
"i142032696","","2026-04-22","15:25","swim","Swim","intervals","134","149","icu","35.0","34.2","1.1","","","","253.0","110.0","136.0","125.0","38.0","","","99.5","0.5","0.0","34.1","0.2","0.0","0","0.0","0.0","0","","","0.0","0.7","","","","","0.0","","","","","","","","0.0","0.0","","","0","","","14.0","24.240843","4.0","3.0","","","","","easy","below","below","endurance_easy","","1","0","v3.12","1.0"
"i142316033","","2026-04-23","15:42","road_run","VirtualRun","intervals","143","161","icu","63.6","62.4","9.47","","","","687.0","142.0","156.0","154.0","84.203606","","","32.1","67.9","0.0","19.9","42.1","0.0","2","43.6","22.7","0","22.7;20.9","0;0","0.0","4.2","intervals_fit","running indoor_running","","","0.0","","","","9.39","9.06","84.1","84.3","1.0","1.0","","","0","0.965","","62.0","102.69702","5.0","2.0","","","","","work_steady","below","below","endurance_moderate","Carrera en cinta buscando trabajo en tempo. Después de 10 minutos de calentamiento se coloco el desnivel al 2÷ y velocidad a 10.2km/h asi durante 20 minutos hasta que la máquina tuvo un fallo y se reseteo. Una vez solventado se hicieron 20 minutos mas a la misma velocidad y 1÷ de inclinacion. Posteriormente se hice una paulatima vuelta a reposo. | Durante la actividad la rodilla izquierda no molestó.","1","1","v3.12","1.0"
"i142617552","","2026-04-24","12:55","mobility","Workout","intervals","142","163","icu","63.1","63.1","0.0","","","","186.0","80.0","124.0","","","","","100.0","0.0","0.0","63.2","0.0","0.0","0","0.0","0.0","0","","","","","","","","","0.0","","","","","","","","0.0","0.0","","","0","","","8.0","11.979132","","","","","","","NA","typical","unknown","mobility","","0","0","v3.12",""
"i142617544","7065382.0","2026-04-24","16:33","bike","Ride","intervals","139","156","icu","148.5","144.7","41.22","1012.0","1003.0","24.6","1164.0","115.0","137.0","134.0","88.7235","","17.63614","100.0","0.0","0.0","144.6","0.0","0.0","0","0.0","0.0","0","","","0.0","-17.9","","","","","0.0","","","","","","","","0.0","0.0","","","0","","","69.0","110.204124","4.0","2.0","","","","","easy","above","above","endurance_easy","Salida buscando acumular volumen por debajo de VT1. | Buenas sensaciones sin mas. un poco de molestias en la rodilla izquierda a pesar de la cadencia alta.","1","1","v3.12","1.0"
"i142878819","7091099.0","2026-04-25","16:37","trail_run","TrailRun","intervals","143","161","icu","107.1","104.5","15.31","37.199997","36.199997","2.4","966.0","116.0","171.0","140.0","81.951","","20.031595","99.0","0.3","0.7","103.4","0.3","0.8","0","0.0","0.0","0","","","0.0","-30.0","intervals_fit","running trail","","","1.0","214.3","328.0","240.0","8.72","8.78","81.3","82.6","1.0","1.0","217.7","210.9","1","1.007","0.969","85.0","88.615074","4.0","2","217.0","36.0","36.0","-32.388165","easy","above","above","endurance_easy","Salida por debajo de VT1 de volumen. Terrero de pista plano. Calor y sol en la ida, sombra y viento de cara en la vuelta. El la vuelta la banda de fc presento problemas y no capto correctamente la fc. Hacia el final note la acumulación de km en la piernas, pero sin mayor problema. Noté la rodilla izquierda.","1","1","v3.12","1.005"
"i143153678","7119126.0","2026-04-26","16:43","bike","Ride","intervals","139","156","icu","144.2","138.7","55.75","244.0","254.0","4.4","1128.0","117.0","145.0","133.0","94.30114","","21.90194","99.7","0.3","0.0","138.2","0.5","0.0","0","0.0","0.0","0","","","0.0","-5.8","","","","","0.0","","","","","","","","0.0","0.0","","","0","","","69.0","119.36929","4.0","2.0","","","","","easy","typical","above","endurance_easy","Salida por debajo de VT1 y alta cadencia para acumular volumen y base.","1","1","v3.12","1.0"
"i143392215","","2026-04-27","14:26","road_run","VirtualRun","intervals","143","161","icu","60.4","58.5","8.71","","","","655.0","143.0","173.0","171.0","80.51686","36.0","","47.4","16.6","36.0","27.5","9.7","20.9","5","30.9","6.6","68","6.2;6.0;6.2;6.6;5.9","46;69;74;73;77","1.0","10.2","intervals_fit","running indoor_running","","","0.0","","","","8.82","9.22","78.7","82.3","1.0","1.0","","","0","1.045","","66.0","102.78894","7.0","","","","","","work_intense","typical","unknown","endurance_hard","Sesión en cinta de 5 series de 5x1000 a 1% vel 12km/h (5m/km) | Hubo 15 minutos de calentamiento y luego las 5 series con 4 minutos entre ellas a una velocidad de 7km/h.","1","1","v3.12","1.0"
"i143639539","","2026-04-28","09:56","mobility","Workout","intervals","142","163","icu","54.0","54.0","0.0","","","","152.0","80.0","110.0","","","","","100.0","0.0","0.0","54.0","0.0","0.0","0","0.0","0.0","0","","","","","","","","","0.0","","","","","","","","0.0","0.0","","","0","","","7.0","12.46623","","","","","","","NA","typical","unknown","mobility","","0","0","v3.12",""
"i143714303","","2026-04-28","14:45","elliptical","Elliptical","intervals","139","156","icu","79.9","79.9","0.0","","","","690.0","121.0","130.0","127.0","","","","100.0","0.0","0.0","80.0","0.0","0.0","0","0.0","0.0","0","","","0.0","","","","","","0.0","","","","","","","","0.0","0.0","","","0","","","44.0","78.30577","3.0","2.0","","","","","easy","below","typical","endurance_easy","Sesión de elípica suave para acumular volumen a bajo coste y descargar de la sesión de ayer.","1","1","v3.12","1.0"
"i143941233","","2026-04-29","08:24","strength","WeightTraining","intervals","142","163","icu","56.3","56.3","0.0","","","","152.0","76.0","104.0","","","","","100.0","0.0","0.0","56.3","0.0","0.0","0","0.0","0.0","0","","","","","","","","","0.0","","","","","","","","0.0","0.0","","","0","","","7.0","12.006758","","","","","","","NA","typical","below","strength_unknown","","0","0","v3.12",""
"i144059555","7185534.0","2026-04-29","14:26","bike","Ride","intervals","139","156","icu","121.5","119.7","34.88","835.0","830.0","23.9","985.0","118.0","146.0","141.0","89.95312","","19.462059","92.8","7.2","0.0","111.0","8.6","0.0","1","5.5","5.5","0","5.5","0","0.0","-29.8","","","","","0.0","","","","","","","","0.0","0.0","","","0","","","68.0","112.02987","4.0","2.0","","","","","work_moderate","typical","typical","endurance_moderate","Salida de ciclismo para acumular volumen.","1","1","v3.12","1.0"
"i144490005","7214957.0","2026-05-01","08:05","bike","Ride","intervals","139","156","icu","162.1","148.8","35.79","1169.0","1173.0","32.7","1385.0","122.0","151.0","145.0","86.36512","","11.026823","80.3","19.7","0.0","119.4","29.3","0.0","6","29.3","6.6","0","3.9;5.9;3.8;6.6;4.9;4.2","0;0;0;0;0;0","0.0","-32.7","","","","","0.0","","","","","","","","0.0","0.0","","","0","","","93.0","138.29636","5.0","2","","","","","work_steady","above","typical","endurance_moderate","Salida montañosa por el Berguedà. La tomé con calma dada la dureza del  recorrido. No me subió mucho la fc, no se si por ser primera hora, por el fresco o otra cosa. Tampoco fui a tope. Bien de piernas.","1","1","v3.12","1.0"
"i144733291","7234677.0","2026-05-02","08:01","trail_run","TrailRun","intervals","143","161","icu","161.7","147.2","15.21","859.02234","821.2528","56.5","1549.0","131.0","157.0","150.0","74.12361","","8.729423","70.8","29.2","0.0","104.2","43.0","0.0","3","30.8","21.2","0","21.2;3.3;6.3","0;0;0","0.0","38.3","intervals_fit","running trail","","","1.0","173.7","402.0","266.0","7.53","5.13","76.4","71.8","1.0","1.0","199.3","148.1","0","0.681","0.743","112.0","185.85498","6.0","2","201.0","876.0","424.0","29.140947","work_steady","above","typical","endurance_moderate","Salida de trail con desnivel y larga. Algo de molestia en la rodilla en la subida grande. buen comportamiento después,","1","1","v3.12","1.0"
"i144961992","7257344.0","2026-05-03","08:26","trail_run","TrailRun","intervals","143","161","icu","63.9","62.4","9.23","125.33972","131.98596","13.6","564.0","123.0","172.0","136.0","82.48779","","8.177487","98.3","1.2","0.6","61.2","0.7","0.3","0","0.0","0.0","0","","","0.0","-4.5","intervals_fit","running trail","","","1.0","220.2","296.0","260.0","8.0","9.75","78.7","86.2","1.0","1.0","216.5","223.8","0","1.219","1.034","37.0","63.863876","5.0","2.0","225.0","0.0","0.0","3.4416366","easy","below","typical","endurance_easy","Salida suave por debajo de vt1. A pesar de lo suave, noté que el motor tampoco daba para mucho mas. Sin molestias relevantes. | Agujetas de ayer","1","1","v3.12","1.0"
"i145321917","","2026-05-04","10:39","mobility","Workout","intervals","142","163","icu","25.7","25.7","0.0","","","","71.0","77.0","99.0","","","","","100.0","0.0","0.0","25.7","0.0","0.0","0","0.0","0.0","0","","","","","","","","","0.0","","","","","","","","0.0","0.0","","","0","","","3.0","5.949188","","","","","","","NA","below","unknown","mobility","","0","0","v3.12",""
"i145353423","","2026-05-04","14:40","swim","Swim","intervals","134","149","icu","60.4","59.7","2.0","","","","522.0","122.0","138.0","132.0","38.0","","","98.7","1.3","0.0","58.9","0.8","0.0","0","0.0","0.0","0","","","0.0","-3.7","","","","","0.0","","","","","","","","0.0","0.0","","","0","","","36.0","63.145084","4.0","2.0","","","","","easy","below","typical","endurance_easy","Buenas sensaciones, no hacer crol me hace llevar mejor la sesión.","1","1","v3.12","1.0"
"i145541302","","2026-05-05","09:02","road_run","VirtualRun","intervals","143","161","icu","60.1","59.4","8.86","","","","668.0","147.0","179.0","175.0","81.08998","31.0","","38.0","19.0","43.0","22.6","11.3","25.5","4","37.0","20.0","69","5.6;5.5;5.9;20.0","37;69;77;75","1.0","17.4","intervals_fit","running indoor_running","","","0.0","","","","8.73","9.26","79.5","82.7","1.0","1.0","","","0","1.061","","73.0","117.55615","9.0","2.0","","","","","work_intense","typical","unknown","endurance_hard","Sesion de series en cinta. 15 minutos de calentamiento. Luego 6 series de 5 minutos al 12 km/h y 1÷ de inclinacion. 2 minutos de descanso entre series a 6 km/h. Última serie rpe 9.5 | Las 4 primeras series duras pero mas o menos ""llevables"" la 5 ya muy dura, la 6 en agonia.","1","1","v3.12","1.0"
"i145877975","","2026-05-06","09:21","mobility","Workout","intervals","142","163","icu","66.0","65.9","0.0","","","","249.0","87.0","138.0","","","","","100.0","0.0","0.0","65.3","0.0","0.0","0","0.0","0.0","0","","","","","","","","","0.0","","","","","","","","0.0","0.0","","","0","","","13.0","20.021532","","","","","","","NA","above","unknown","mobility","","0","0","v3.12",""
"i145933840","7185534.0","2026-05-06","14:30","bike","Ride","intervals","139","156","icu","122.1","121.6","34.97","847.0","835.0","24.2","1038.0","122.0","144.0","140.0","91.85842","","18.880312","91.8","8.2","0.0","111.6","10.0","0.0","2","11.7","8.3","0","8.3;3.4","0;0","0.0","-19.1","","","","","0.0","","","","","","","","0.0","0.0","","","0","","","72.0","120.97535","4.0","2.0","","","","","work_moderate","typical","typical","endurance_moderate","Sesión de ciclismo de rodaje sobre VT1 y alta cadencia.","1","1","v3.12","1.0"
"i146204411","7347740.0","2026-05-07","14:31","road_run","Run","intervals","143","161","icu","90.1","90.0","14.16","98.40001","86.40001","6.9","964.0","141.0","153.0","149.0","82.18195","","18.53817","64.4","35.6","0.0","57.9","32.0","0.0","4","38.4","12.7","0","9.1;12.7;5.3;11.3","0;0;0;0","0.0","3.3","intervals_fit","running generic","","","1.0","236.2","374.0","274.0","9.8","9.35","82.4","82.0","1.0","1.0","242.5","229.9","0","0.954","0.948","81.0","146.72063","4.0","3","239.0","604.0","494.0","4.5671215","work_steady","typical","typical","endurance_moderate","Salida tranquila de inspección de recorrido de la 10k del día 17. Aunque la intención era ir suave he notado que me costaba un poco y que la fc se elevaba mas de lo normal. Después de recorrer la ruta he alargado de forma suave hasta llegar a los 90 minutos. | RPE muscular 5 especialmente a partir de la hora.","1","1","v3.12","1.0"
"i146525748","","2026-05-08","15:53","swim","Swim","intervals","134","149","icu","61.8","61.1","1.93","","","","511.0","119.0","136.0","127.0","37.0","","","99.5","0.5","0.0","59.4","0.3","0.0","0","0.0","0.0","0","","","0.0","-5.7","","","","","0.0","","","","","","","","0.0","0.0","","","0","","","33.0","58.844025","4.0","3","","","","","easy","below","typical","endurance_easy","1 hora de natacion a ritmo. Sensación  de cuerpo cansado.","1","1","v3.12","1.007"
"i146658843","7378512.0","2026-05-09","08:19","bike","Ride","intervals","139","156","icu","159.9","157.6","54.43","867.0","856.0","15.9","1378.0","125.0","161.0","155.0","89.89742","","15.959649","79.7","18.3","2.1","125.6","28.8","3.2","3","30.1","23.3","11","3.1;3.7;23.3","0;12;12","0.0","-35.5","","","","","0.0","","","","","","","","0.0","0.0","","","0","","","101.0","164.40953","5.0","3","157.0","46654.0","8560.0","20.707808","work_steady","above","typical","endurance_moderate","","1","0","v3.12","1.0"
"i147169632","","2026-05-11","09:32","road_run","VirtualRun","intervals","143","161","icu","83.0","80.6","12.27","","","","922.0","146.0","171.0","168.0","82.805435","25.0","","35.1","32.1","32.8","28.3","25.9","26.4","5","55.4","34.3","48","4.8;5.2;5.4;5.7;34.3","0;0;16;58;65","0.0","14.5","intervals_fit","running indoor_running","","","0.0","","","","9.12","9.2","81.7","83.9","1.0","1.0","","","0","1.009","","94.0","152.67136","8.0","1.0","","","","","work_intense","above","unknown","endurance_hard","Sesión de series. en cinta. | 9x5min a 12km/h. | Descansos de 2 min a 6km/h | 14 min de calentamiento (aprox) | y bajada suave como enfriamiento. | Buenas sensaciones, la idea era llegar a las 7 repeticiones y acabé haciendo 9, en parte porque perdí un poco la cuenta :) | Bastante mejor de lo esperado. | Sensación de isquios cargados en las ultimas repeticiones.","1","1","v3.12","1.0"
"i147437498","","2026-05-12","08:49","mobility","Workout","intervals","142","163","icu","78.7","78.7","0.0","","","","206.0","78.0","110.0","","","","","100.0","0.0","0.0","78.7","0.0","0.0","0","0.0","0.0","0","","","","","","","","","0.0","","","","","","","","0.0","0.0","","","0","","","11.0","17.78841","","","","","","","NA","above","unknown","mobility","","0","0","v3.12",""
"i147556729","","2026-05-12","15:00","swim","Swim","intervals","134","149","icu","61.5","60.8","2.02","","","","500.0","118.0","131.0","126.0","38.0","","","100.0","0.0","0.0","60.8","0.0","0.0","0","0.0","0.0","0","","","0.0","-0.7","","","","","0.0","","","","","","","","0.0","0.0","","","0","","","31.0","56.160374","4.0","2.0","","","","","easy","below","typical","endurance_easy","Sesión de natación a ritmo para volumen suave sin cargar articulaciones.","1","1","v3.12","1.0"
"i147766416","","2026-05-13","08:50","strength","WeightTraining","intervals","142","163","icu","59.8","59.8","0.0","","","","291.0","94.0","122.0","","","","","100.0","0.0","0.0","59.9","0.0","0.0","0","0.0","0.0","0","","","","","","","","","0.0","","","","","","","","0.0","0.0","","","0","","","15.0","26.885351","","","","","","","NA","typical","typical","strength_unknown","","0","0","v3.12",""
"i147861112","7459166.0","2026-05-13","13:38","bike","Ride","intervals","139","156","icu","153.0","151.2","42.35","993.0","990.0","23.4","1224.0","118.0","144.0","138.0","90.24063","","19.493397","98.4","1.6","0.0","148.7","2.4","0.0","0","0.0","0.0","0","","","0.0","-13.0","","","","","0.0","","","","","","","","0.0","0.0","","","0","","","84.0","143.40031","4.0","2.0","136.0","5530.0","2622.0","8.434036","easy","above","above","endurance_easy","Salida de colinas sin pasar vt1 y sin forzar para acumular volumen. Alguna sensación rara en algún momento en el izquio izquierdo.","1","1","v3.12","1.0"
"i148429416","","2026-05-15","08:12","mobility","Workout","intervals","142","163","icu","29.9","29.9","0.0","","","","64.0","75.0","99.0","","","","","100.0","0.0","0.0","29.9","0.0","0.0","0","0.0","0.0","0","","","","","","","","","0.0","","","","","","","","0.0","0.0","","","0","","","3.0","5.3860264","","","","","","","NA","below","unknown","mobility","","0","0","v3.12",""
"i148627698","","2026-05-15","17:34","mobility","Workout","intervals","142","163","icu","41.5","41.4","0.0","","","","116.0","80.0","120.0","","","","","100.0","0.0","0.0","41.0","0.0","0.0","0","0.0","0.0","0","","","","","","","","","0.0","","","","","","","","0.0","0.0","","","0","","","6.0","9.565139","","","","","","","NA","typical","unknown","mobility","","0","0","v3.12",""
"i148969374","7541599.0","2026-05-17","09:00","road_run","Run","intervals","143","161","icu","48.3","48.3","10.08","53.0","58.0","5.3","673.0","172.0","182.0","178.0","88.83511","","15.514738","0.5","6.9","92.6","0.2","3.3","44.8","1","48.1","48.1","93","48.1","93","0.0","-1.4","intervals_fit","running generic","","","1.0","306.3","412.0","338.0","12.3","12.7","88.5","89.2","1.0","1.0","312.1","300.5","0","1.033","0.963","93.0","167.10797","9.0","1.0","307.0","18436.0","11000.0","7.3410516","work_intense","typical","unknown","endurance_hard","Carrera Nou Barris. Dura, como tiene que ser pero bastante bien. Objetivo de sub 50k cumplidos. Sensación de ""control"" durante toda la carrera. Los últimos km se hicieron un poco eternos pero en ningún momento agónicos. Bastante contento.","1","1","v3.12","1.0"
"i149604843","","2026-05-19","09:41","mobility","Workout","intervals","142","163","icu","38.0","38.0","0.0","","","","108.0","79.0","99.0","","","","","100.0","0.0","0.0","38.0","0.0","0.0","0","0.0","0.0","0","","","","","","","","","0.0","","","","","","","","0.0","0.0","","","0","","","5.0","8.365104","","","","","","","NA","below","unknown","mobility","","0","0","v3.12",""
"i149720727","","2026-05-19","15:30","swim","Swim","intervals","134","149","icu","59.8","59.1","1.85","","","","502.0","120.0","138.0","130.0","36.0","","","99.1","0.9","0.0","55.0","0.5","0.0","0","0.0","0.0","0","","","0.0","8.3","","","","","0.0","","","","","","","","0.0","0.0","","","0","","","32.0","56.242504","","","","","","","easy","below","typical","endurance_easy","","0","0","v3.12","1.0"
"i150026602","7610060.0","2026-05-20","14:24","bike","Ride","intervals","139","156","icu","112.5","108.5","41.14","116.0","108.0","2.8","867.0","115.0","146.0","132.0","94.200165","","23.249546","99.2","0.8","0.0","107.5","0.9","0.0","0","0.0","0.0","0","","","0.0","8.8","","","","","0.0","","","","","","","","0.0","0.0","","","0","","","51.0","89.30788","4.0","2.0","129.0","13892.0","3088.0","-9.29575","easy","typical","typical","endurance_easy","Salida de ciclismo suave para hacer volumen y recuperar sensaciones.","1","1","v3.12","1.0"
"i150246347","","2026-05-21","10:21","strength","WeightTraining","intervals","142","163","icu","66.3","66.3","0.0","","","","246.0","88.0","132.0","","","","","100.0","0.0","0.0","66.3","0.0","0.0","0","0.0","0.0","0","","","","","","","","","0.0","","","","","","","","0.0","0.0","","","0","","","13.0","20.383041","","","","","","","NA","typical","typical","strength_unknown","","0","0","v3.12",""
"i150394165","","2026-05-21","15:41","mobility","Workout","intervals","142","163","icu","82.4","82.4","0.0","","","","736.0","125.0","151.0","","","","","83.7","16.3","0.0","69.0","13.4","0.0","0","0.0","0.0","0","","","","","","","","","0.0","","","","","","","","0.0","0.0","","","0","","","51.0","86.74087","4.0","3.0","","","","","NA","above","unknown","mobility","","1","0","v3.12",""
"i150512507","","2026-05-22","09:01","mobility","Workout","intervals","142","163","icu","65.9","65.9","0.0","","","","207.0","81.0","115.0","","","","","100.0","0.0","0.0","65.9","0.0","0.0","0","0.0","0.0","0","","","","","","","","","0.0","","","","","","","","0.0","0.0","","","0","","","9.0","15.375192","","","","","","","NA","typical","unknown","mobility","","0","0","v3.12",""
"i150587255","7642999.0","2026-05-22","15:14","trail_run","TrailRun","intervals","143","161","icu","93.8","93.5","12.88","139.82837","138.29439","10.9","925.0","133.0","157.0","147.0","80.404816","","24.768888","90.6","9.4","0.0","84.8","8.8","0.0","1","7.1","7.1","0","7.1","0","0.0","12.3","intervals_fit","running trail","","","1.0","202.4","240.0","226.0","8.63","7.91","82.1","78.7","1.0","1.0","209.1","195.7","1","0.917","0.936","71.0","125.90408","","","206.0","0.0","0.0","10.259405","work_moderate","typical","typical","endurance_moderate","","0","0","v3.12","1.0"
"i150783418","7657212.0","2026-05-23","10:01","bike","Ride","intervals","139","156","icu","174.1","159.8","61.5","126.0","140.0","2.0","1315.0","116.0","149.0","136.0","89.738304","","23.803757","97.8","2.2","0.0","156.2","3.6","0.0","0","0.0","0.0","0","","","0.0","-4.2","","","","","0.0","","","","","","","","0.0","0.0","","","0","","","80.0","131.60571","4.0","3.0","136.0","39424.0","5026.0","3.07934","easy","above","above","endurance_easy","Salida tranquila para acumular volumen","1","1","v3.12","1.0"
"i151158967","7682156.0","2026-05-24","16:41","bike","Ride","intervals","139","156","icu","151.4","144.7","57.18","283.0","276.0","4.9","1193.0","118.0","160.0","138.0","91.494064","","26.918829","96.0","3.4","0.6","138.9","4.9","0.8","0","0.0","0.0","0","","","0.0","-4.4","","","","","0.0","","","","","","","","0.0","0.0","","","0","","","74.0","126.43652","4.0","3.0","144.0","46596.0","9669.0","-7.8907213","easy","above","above","endurance_easy","Salida tranquila para acumular volumen","1","1","v3.12","1.002"
"i151268890","7689934.0","2026-05-25","08:44","road_run","Run","intervals","143","161","icu","72.5","72.3","11.18","246.79785","244.43118","22.1","709.0","132.0","151.0","146.0","84.29295","","21.245005","90.0","10.0","0.0","65.0","7.2","0.0","1","10.4","10.4","0","10.4","0","0.0","-11.1","intervals_fit","running generic","","","1.0","236.4","356.0","296.0","9.31","9.42","83.3","85.3","1.0","1.0","265.1","207.7","1","1.012","0.783","53.0","94.78798","5.0","2.0","248.0","790.0","414.0","17.35926","work_moderate","below","below","endurance_moderate","Salida de asfalto para probar las piernas. Sin molestias destables salvo algo de carga en los laterales de las piernas.","1","1","v3.12","1.0"
"i151574033","","2026-05-26","09:40","strength","WeightTraining","intervals","142","163","icu","77.3","77.3","0.0","","","","239.0","84.0","112.0","","","","","100.0","0.0","0.0","77.3","0.0","0.0","0","0.0","0.0","0","","","","","","","","","0.0","","","","","","","","0.0","0.0","","","0","","","12.0","22.68245","","","","","","","NA","typical","typical","strength_unknown","","0","0","v3.12",""
"i151640199","","2026-05-26","14:41","swim","Swim","intervals","134","149","icu","60.5","60.5","2.08","","","","502.0","120.0","133.0","128.0","35.0","","","100.0","0.0","0.0","60.5","0.0","0.0","0","0.0","0.0","0","","","0.0","-0.3","","","","","0.0","","","","","","","","0.0","0.0","","","0","","","32.0","59.115173","","","","","","","easy","below","typical","endurance_easy","","0","0","v3.12","1.0"
"i151859355","","2026-05-27","09:21","mobility","Workout","intervals","142","163","icu","69.1","69.1","0.0","","","","192.0","78.0","117.0","","","","","100.0","0.0","0.0","61.7","0.0","0.0","0","0.0","0.0","0","","","","","","","","","0.0","","","","","","","","0.0","0.0","","","0","","","8.0","15.049946","","","","","","","NA","typical","unknown","mobility","","0","0","v3.12",""
"i151963991","7742644.0","2026-05-27","15:41","road_run","Run","intervals","143","161","icu","89.0","88.7","12.33","334.40002","329.2","27.1","983.0","144.0","174.0","165.0","81.28665","39.0","28.865736","50.1","38.9","11.0","44.4","34.5","9.7","4","37.0","14.6","24","14.6;5.2;10.5;6.7","18;61;30;0","0.0","-7.0","intervals_fit","running generic","","","1.0","222.4","388.0","312.0","8.41","8.6","79.5","83.1","1.0","1.0","242.5","202.2","0","1.023","0.834","91.0","160.875","5.0","2.0","244.0","4944.0","1946.0","19.216665","work_intense","typical","unknown","endurance_hard","Salida de asfalto con cuestas. Salida sin a rodar sin pretensiones. El desnivel y el calor elevan la fc, | Algina molestia ligera en la rotula.","1","1","v3.12","1.0"
"i152272455","","2026-05-28","15:15","swim","Swim","intervals","134","149","icu","54.0","53.2","1.75","","","","380.0","108.0","134.0","115.0","34.0","","","100.0","0.0","0.0","53.2","0.0","0.0","0","0.0","0.0","0","","","0.0","-0.8","","","","","0.0","","","","","","","","0.0","0.0","","","0","","","19.0","36.027798","4.0","3.0","","","","","easy","below","typical","endurance_easy","Sesión de natación para acumular volumen sin cargar y evitar el calor. Sensación de cansancio.","1","1","v3.12","1.0"
"i152561014","7802047.0","2026-05-29","17:44","bike","Ride","intervals","139","156","icu","117.8","113.4","40.19","584.0","583.0","14.5","986.0","122.0","159.0","152.0","89.01997","","24.958963","69.2","29.5","1.3","78.4","33.4","1.5","3","34.5","15.6","4","14.8;15.6;4.1","5;5;0","0.0","11.1","","","","","0.0","","","","","","","","0.0","0.0","","","0","","","71.0","109.853455","6.0","3.0","168.0","56532.0","14085.0","-4.438138","work_steady","typical","typical","endurance_moderate","Salida de ciclismo con dos subidas importantes que se hicieron rápido. La sensación fue de costar mas de lo que la fc refleja.","1","1","v3.12","1.0"
"i152762467","7822713.0","2026-05-30","17:10","road_run","Run","intervals","143","161","icu","86.9","86.7","14.14","89.8","86.8","6.4","886.0","136.0","150.0","144.0","84.306625","","24.294117","94.9","5.1","0.0","82.3","4.5","0.0","1","4.4","4.4","0","4.4","0","0.0","7.9","intervals_fit","running generic","","","1.0","242.4","368.0","276.0","10.23","9.49","85.4","83.2","1.0","1.0","244.7","240.1","1","0.928","0.981","70.0","127.49154","5.0","3.0","245.0","566.0","434.0","4.336562","easy","above","above","endurance_easy","Salida de alfalto con 3 o 4 km de pista. Se hizo con cierta relajación, noté que la segunda parte se me hacía mas dura. Especialmente en lo muscular. Molestias al inicio interior rotula izquierda.","1","1","v3.12","1.0"
"i153005960","5857151.0","2026-05-31","17:19","bike","Ride","intervals","139","156","icu","191.9","184.1","72.1","401.0","409.0","5.6","1417.0","112.0","145.0","130.0","92.61529","","24.239824","99.6","0.4","0.0","183.2","0.8","0.0","0","0.0","0.0","0","","","0.0","-8.1","","","","","0.0","","","","","","","","0.0","0.0","","","0","","","83.0","138.59303","5.0","3.0","139.0","36742.0","5288.0","6.5070114","easy","above","above","endurance_easy","Rpe cardio 4, Rpe muscular 6. | Salida algo larga en bici para hacer base. Habia una subida de 3km en medio (parpers). La fc no ha subido en relación a la rpe muscular, en la segunda parte me ha parecido anormalmente baja. Es cierto que sensacion era mas de piernas no frescas y de cardio relajado. | Sin molestias destacadas.","1","1","v3.12","1.0"
"i153158008","","2026-06-01","14:53","strength","WeightTraining","intervals","142","163","icu","63.3","63.3","0.0","","","","205.0","83.0","120.0","","","","","100.0","0.0","0.0","63.3","0.0","0.0","0","0.0","0.0","0","","","","","","","","","0.0","","","","","","","","0.0","0.0","","","0","","","10.0","17.82201","","","","","","","NA","typical","typical","strength_unknown","","0","0","v3.12",""
"i153369702","7871736.0","2026-06-02","09:06","trail_run","TrailRun","intervals","143","161","icu","118.4","117.4","14.15","503.45294","502.79913","35.6","1218.0","137.0","182.0","172.0","78.39048","54.0","23.358952","53.3","31.2","15.5","62.5","36.6","18.2","8","50.0","14.8","25","14.8;3.9;8.9;4.9;4.2;3.3;5.5;4.5","0;18;58;0;0;87;15;68","0.0","3.7","intervals_fit","running trail","","","1.0","193.3","340.0","280.0","8.0","6.59","81.5","75.3","1.0","1.0","211.9","174.7","0","0.824","0.824","115.0","183.15056","6.0","2.0","213.0","546.0","240.0","10.71736","work_intense","above","unknown","endurance_hard","Salida de trail ondulada para recuperar sensaciones. Corrida de forma libre. mucho sudor. La fc no refleja muy bien el esfuerzo, super alta en las bajadas, muy baja en otros tramos.","1","1","v3.12","1.0"
"i153839772","","2026-06-03","08:36","mobility","Workout","intervals","142","163","icu","66.2","66.1","0.0","","","","185.0","79.0","109.0","","","","","100.0","0.0","0.0","66.2","0.0","0.0","0","0.0","0.0","0","","","","","","","","","0.0","","","","","","","","0.0","0.0","","","0","","","10.0","15.634424","","","","","","","NA","above","unknown","mobility","","0","0","v3.12",""
"i153961545","7903735.0","2026-06-03","13:59","bike","Ride","intervals","139","156","icu","157.0","154.6","46.74","1040.0","1030.0","22.3","1252.0","118.0","145.0","139.0","84.183754","","24.625961","95.4","4.6","0.0","147.5","7.1","0.0","1","3.8","3.8","0","3.8","0","0.0","-7.3","","","","","0.0","","","","","","","","0.0","0.0","","","0","","","85.0","142.85709","5.0","2.0","149.0","18540.0","2430.0","2.324932","easy","above","above","endurance_easy","Salida de ciclismo de colinas para acumular volumen. Alguna molestia en la rodilla izquierda hacia el final. La sensación de falta de motor no ha sido tan acusada como la ultima vez, de todas formas tampoco he apretado.","1","1","v3.12","1.0"
"i154199300","7921448.0","2026-06-04","09:21","trail_run","TrailRun","intervals","143","161","icu","110.6","109.8","13.96","404.30908","411.24854","29.0","1143.0","138.0","181.0","170.0","80.719376","72.0","22.522753","67.2","21.2","11.6","73.8","23.2","12.8","5","25.7","8.6","40","7.7;3.1;8.6;3.2;3.1","54;0;61;0;33","0.0","10.8","intervals_fit","running trail","","","1.0","201.5","374.0","308.0","7.96","7.43","81.2","80.3","1.0","1.0","220.7","182.4","0","0.933","0.826","101.0","172.88655","7.0","3.0","226.0","4852.0","2942.0","17.756798","work_intense","above","unknown","endurance_hard","Salida de trail con dos subidas cortas pero duras corridas fuertes. El resto por sensaciones sin forzar. No mucha calor pero si bastante humedad. Piernas y motor cargados al principio. | Rodilla izquierda se quejaba un pocobde vez en cuando.","1","1","v3.12","1.0"
