Fecha,ssm_input_ready,ssm_warmup_complete,ssm_recovery_state,ssm_baseline_state,ssm_fatigue_state,sleep_recovery_index,sleep_recovery_index_var,sleep_recovery_index_sd,sleep_obs_missing,sleep_input_quality,sleep_obs_var_multiplier,sleep_innovation,ssm_state_lo,ssm_state_hi,ssm_state_var,ssm_state_sd,ssm_baseline_state_var,ssm_fatigue_state_var,ssm_baseline_state_sd,ssm_fatigue_state_sd,ssm_obs_missing,ssm_load_missing,ssm_load_context_mode,ssm_proc_var_multiplier,ssm_input_quality,ssm_obs_var_multiplier,ssm_innovation,control_rolling_hrv_7d,control_load_7d
2025-05-12,True,False,,,,,,,True,suppressed,1.15,,,,,,,,,,True,False,session_recorded,1.0,suppressed,3.5,,3.858273905731509,
2025-05-13,True,False,,,,,,,True,suppressed,1.2,,,,,,,,,,False,False,session_recorded,1.0,clean,1.0,0.14957925828255103,3.9139966755601447,17.0
2025-05-14,True,False,,,,,,,True,suppressed,1.15,,,,,,,,,,False,False,session_recorded,1.0,clean,1.0,0.20965156567262389,3.9714790448537722,74.0
2025-05-15,True,False,,,,,,,True,suppressed,1.0,,,,,,,,,,False,False,session_recorded,1.0,clean,1.0,-0.48035169627882457,3.8320863642222154,176.0
2025-05-16,True,False,,,,,,,True,suppressed,1.15,,,,,,,,,,False,False,session_recorded,1.0,clean,1.0,0.1622584808203973,3.8442788643831243,217.0
2025-05-17,True,False,,,,,,,True,suppressed,1.25,,,,,,,,,,False,False,session_recorded,1.0,clean,1.0,0.1912048064159113,3.8576400525371892,311.0
2025-05-18,True,False,,,,,,,True,suppressed,1.15,,,,,,,,,,True,False,session_recorded,1.0,suppressed,1.0,,3.8576400525371892,346.0
2025-05-19,True,False,,,,,,,True,suppressed,1.15,,,,,,,,,,False,False,session_recorded,1.0,clean,1.0,0.2876789745686512,3.8773657750593915,525.0
2025-05-20,True,False,,,,,,,True,suppressed,1.0,,,,,,,,,,True,False,session_recorded,1.0,suppressed,1.0,,3.858895040993514,519.0
2025-05-21,True,False,,,,,,,True,suppressed,1.15,,,,,,,,,,False,False,session_recorded,1.0,clean,1.0,-0.13454154227923487,3.7708639650094598,530.0
2025-05-22,True,False,,,,,,,True,suppressed,1.0,,,,,,,,,,False,False,session_recorded,1.0,clean,1.0,-0.19697271108517,3.796604581757637,481.0
2025-05-23,True,False,,,,,,,True,suppressed,1.0,,,,,,,,,,False,False,session_recorded,1.0,clean,1.0,0.09310211855680617,3.777421222544903,471.0
2025-05-24,True,False,,,,,,,True,suppressed,1.15,,,,,,,,,,True,False,session_recorded,1.0,suppressed,3.5,,3.7473482354968297,539.0
2025-05-25,True,False,,,,,,,True,suppressed,1.15,,,,,,,,,,False,False,rest_day_no_session,1.15,clean,1.0,0.1971176656594067,3.761364170304842,
2025-05-26,True,False,,,,,,,True,suppressed,1.0,,,,,,,,,,False,False,session_recorded,1.0,clean,1.0,0.31998172344554776,3.774547876746219,431.0
2025-05-27,True,False,,,,,,,True,suppressed,1.25,,,,,,,,,,False,False,session_recorded,1.0,clean,1.0,-0.019622742878206978,3.7780238164897466,469.0
2025-05-28,True,False,,,,,,,True,suppressed,1.0,,,,,,,,,,True,False,session_recorded,1.0,suppressed,2.5,,3.799427924393695,418.0
2025-05-29,True,False,,,,,,,True,suppressed,1.25,,,,,,,,,,False,False,session_recorded,1.0,degraded,3.5,0.027552641212873485,3.8427592331428078,433.0
2025-05-30,True,False,,,,,,,True,suppressed,1.0,,,,,,,,,,False,False,session_recorded,1.0,clean,1.0,0.2166841966065869,3.8783574629317625,436.0
2025-05-31,True,False,,,,,,,True,suppressed,1.0,,,,,,,,,,False,False,session_recorded,1.0,clean,1.0,-0.36949788926931504,3.840526343713625,330.0
2025-06-01,True,False,,,,,,,True,suppressed,1.25,,,,,,,,,,False,False,session_recorded,1.0,clean,1.0,-0.044329676623505065,3.8253612379722726,299.0
2025-06-02,True,False,,,,,,,True,suppressed,1.15,,,,,,,,,,False,False,session_recorded,1.0,clean,1.0,0.17479450126964302,3.808041264121176,356.0
2025-06-03,True,False,,,,,,,True,suppressed,1.25,,,,,,,,,,False,False,session_recorded,1.0,clean,1.0,0.2660420100085461,3.8505058747041017,315.0
2025-06-04,True,False,,,,,,,True,suppressed,1.2,,,,,,,,,,False,False,session_recorded,1.0,clean,1.0,0.18229052804788282,3.887939243463942,361.0
2025-06-05,True,False,,,,,,,True,suppressed,1.0,,,,,,,,,,False,False,session_recorded,1.0,clean,1.0,-0.3473063901924869,3.8451865105639684,366.0
2025-06-06,True,False,,,,,,,True,suppressed,1.0,,,,,,,,,,False,False,rest_day_no_session,1.15,clean,1.0,0.06982109802895398,3.826658421853367,
2025-06-07,True,False,,,,,,,True,suppressed,1.25,,,,,,,,,,False,False,rest_day_no_session,1.15,clean,1.0,-0.14645254743335956,3.8601502866113817,
2025-06-08,True,False,,,,,,,True,suppressed,1.25,,,,,,,,,,True,False,calendar_gap_no_session,1.35,suppressed,1.0,,3.882627317020706,
2025-06-09,True,False,,,,,,,True,suppressed,1.0,,,,,,,,,,False,False,calendar_gap_no_session,1.35,clean,1.0,-0.2234835730153999,3.8398148192551957,
2025-06-10,True,False,,,,,,,True,suppressed,1.0,,,,,,,,,,False,False,session_recorded,1.0,clean,1.0,0.001640910894116665,3.800435228058541,136.0
2025-06-11,True,False,,,,,,,True,suppressed,1.0,,,,,,,,,,True,False,session_recorded,1.0,suppressed,2.5,,3.7197397531890313,136.0
2025-06-12,True,False,,,,,,,True,suppressed,1.0,,,,,,,,,,False,False,session_recorded,1.0,clean,1.0,-0.44117069359999306,3.697300572650885,77.0
2025-06-13,True,False,,,,,,,True,suppressed,1.0,,,,,,,,,,False,False,session_recorded,1.0,clean,1.0,-0.0976061667028616,3.653029253112551,103.0
2025-06-14,True,False,,,,,,,True,suppressed,1.2,,,,,,,,,,True,False,session_recorded,1.0,suppressed,2.5,,3.646952323461384,132.0
2025-06-15,True,False,,,,,,,True,suppressed,1.1,,,,,,,,,,True,False,rest_day_no_session,1.15,suppressed,1.0,,3.646952323461384,
2025-06-16,True,False,,,,,,,True,suppressed,1.0,,,,,,,,,,False,False,session_recorded,1.0,degraded,3.5,-0.22563939106944497,3.6224252743366456,203.0
2025-06-17,True,False,,,,,,,True,suppressed,1.0,,,,,,,,,,False,False,session_recorded,1.0,clean,1.0,0.07854672111620653,3.6142664483093605,249.0
2025-06-18,True,False,,,,,,,True,suppressed,1.25,,,,,,,,,,False,False,session_recorded,1.0,clean,1.0,-0.24455401145314548,3.605724844571791,212.0
2025-06-19,True,False,,,,,,,True,suppressed,1.15,,,,,,,,,,False,False,session_recorded,1.0,clean,1.0,-0.5130946448285552,3.564646590544987,287.0
2025-06-20,True,False,,,,,,,True,suppressed,1.15,,,,,,,,,,True,False,session_recorded,1.0,suppressed,4.0,,3.8433354287678747,274.0
2025-06-21,True,False,,,,,,,True,suppressed,1.15,,,,,,,,,,False,False,session_recorded,1.0,clean,1.0,-0.48181229046704255,3.7508320458131585,247.0
2025-06-22,True,True,3.5726431038633293,3.8397992458485475,0.26715614198521814,,,,True,suppressed,1.15,,3.259788911081848,3.8854972966448105,0.009802297694783748,0.09900655379712874,0.00809244504321159,0.009699902583065918,0.08995801822634596,0.09848808345716713,False,False,session_recorded,1.0,clean,1.0,0.11478131629031285,3.7376978366411677,190.0
2025-06-23,True,True,3.615896163685525,3.862771374190614,0.24687521050508887,,,,True,suppressed,1.15,,3.3090291578434474,3.9227631695276024,0.009430708480934831,0.0971118349169391,0.007968399874541145,0.009590288622522446,0.08926589424041606,0.09793001900603536,False,False,session_recorded,1.0,clean,1.0,0.18244140582569157,3.7697339600542894,253.0
2025-06-24,True,True,3.6363086380657452,3.8906046225347954,0.2542959844690503,,,,True,suppressed,1.15,,3.332441474809313,3.9401758013221775,0.009247225996080811,0.09616249786731214,0.00787980739035789,0.009543119359239871,0.0887682791900231,0.09768889066439372,False,False,session_recorded,1.0,clean,1.0,0.20954175322474988,3.767707060767435,309.0
2025-06-25,True,True,3.634519269204674,3.894590856003367,0.26007158679869274,,,,True,suppressed,1.0,,3.289521823741524,3.9795167146678243,0.011919984406478727,0.10917868109882409,0.008270186125309983,0.010494903737050807,0.0909405636958007,0.1024446374245661,True,False,session_recorded,1.0,suppressed,4.0,,4.08335263564877,344.0
2025-06-26,True,True,3.6642564471910206,3.8946772959699096,0.23042084877888883,,,,True,suppressed,1.0,,3.2890291361120196,4.039483758270022,0.014100444740510826,0.11874529355099016,0.008648941333428879,0.011182567950019207,0.09299968458779244,0.10574766167636619,True,False,session_recorded,1.0,suppressed,1.0,,4.236318603319781,268.0
2025-06-27,True,True,3.685704717874899,3.8952424393369545,0.2095377214620555,,,,True,suppressed,1.0,,3.2794197446519204,4.0919896910978775,0.016531240660540687,0.12857387238681384,0.009110169105226034,0.012219405343888875,0.09544720585342471,0.1105414191327797,True,False,rest_day_no_session,1.15,suppressed,4.0,,4.267282106732093,
2025-06-28,True,True,3.719165647295556,3.895527660593793,0.1763620132982367,,,,True,suppressed,1.35,,3.3216483331130027,4.1166829614781095,0.01582544851853197,0.12579923894257855,0.009107388296933458,0.011732067769738352,0.09543263748285205,0.1083146701501618,False,False,session_recorded,1.0,degraded,3.5,0.02610813245887389,4.365624735658531,272.0
2025-06-29,True,True,3.578892337187978,3.9152800484914794,0.3363877113035012,,,,True,suppressed,1.15,,3.1627917905703167,3.9949928838056397,0.017339656954348144,0.13168013120569155,0.009461215810392264,0.012076418963635958,0.09726878127329582,0.10989276119761464,True,False,session_recorded,1.0,suppressed,2.5,,4.388211795249311,517.0
2025-06-30,True,True,3.616339379631562,3.971818873778197,0.3554794941466349,,,,True,suppressed,1.35,,3.256955172886952,3.9757235863761724,0.012934865123584985,0.11373154849726168,0.008768896133125271,0.010762647599985905,0.09364238427723459,0.10374318098065967,False,False,rest_day_no_session,1.15,clean,1.0,0.3134400751800035,4.4002551995888215,
2025-07-01,True,True,3.756854066776103,4.007675268534723,0.2508212017586204,,,,True,suppressed,1.0,,3.4275673582245823,4.086140775327624,0.010859062447986928,0.10420682534261817,0.008386876222916263,0.010012364869189858,0.09157988983896118,0.10006180524650682,False,False,session_recorded,1.0,clean,1.0,0.32430341222211245,4.432778500421457,531.0
2025-07-02,True,True,3.8756215298736056,4.05229079899062,0.1766692691170138,,,,True,suppressed,1.15,,3.5606386369118237,4.190604422835388,0.009936143693001094,0.09968020712759927,0.008166081778991696,0.009715833218251731,0.090366375267528,0.0985689262305912,False,False,session_recorded,1.0,clean,1.0,0.4189156745215552,4.175567800862438,504.0
2025-07-03,True,True,3.8806238542830696,4.06637285462977,0.18574900034670042,,,,True,suppressed,1.25,,3.572631084689225,4.188616623876914,0.009500029872385112,0.09746809669007142,0.008023085131787913,0.009595731039066888,0.08957167594607077,0.09795780233889942,False,False,session_recorded,1.0,clean,1.0,0.11581479063450972,4.145992065267433,563.0
2025-07-04,True,True,3.903930859331274,4.080309850868928,0.17637899153765405,,,,True,suppressed,1.0,,3.599442314231725,4.208419404430823,0.009285084206000951,0.09635914178738285,0.00792246862694724,0.009546136637138502,0.08900825033078248,0.09770433274496328,False,False,session_recorded,1.0,clean,1.0,0.13698713885141833,3.9316711887075586,596.0
2025-07-05,True,True,3.829799704417807,4.0506576055014145,0.22085790108360748,,,,True,suppressed,1.0,,3.527121601202224,4.13247780763339,0.009174997107705963,0.09578620520568691,0.00784708779381797,0.009524097009224413,0.08858378967857478,0.09759148020818423,False,False,session_recorded,1.0,clean,1.0,-0.3062246125229593,3.910605985252259,636.0
2025-07-06,True,True,3.8672894351266964,4.072532700167144,0.2052432650404472,,,,True,suppressed,1.25,,3.565582726193944,4.168996144059449,0.009116200399289192,0.09547879554796024,0.007787872332658136,0.009512126655954054,0.0882489225580581,0.09753013204109823,False,False,session_recorded,1.0,clean,1.0,0.21306452582294444,3.944417901677039,442.0
2025-07-07,True,True,3.9024455739406667,4.103003962821025,0.20055838888035832,,,,True,suppressed,1.15,,3.5951989606927,4.209692187188633,0.009454055279376927,0.09723196634531736,0.007821468300899193,0.009902875111586837,0.08843906546826008,0.09951319064117499,False,False,rest_day_no_session,1.15,clean,1.0,0.28427060120788017,3.986074639855896,
2025-07-08,True,True,3.9612572811036624,4.111866933941855,0.15060965283819286,,,,True,suppressed,1.25,,3.6577358167714076,4.264778745435917,0.00922619748068566,0.09605309719465406,0.007775025974505786,0.009721703754291253,0.0881761077305286,0.0985987005710078,False,False,session_recorded,1.0,clean,1.0,0.140224031043096,3.997049049999397,357.0
2025-07-09,True,True,3.8938760278268565,4.1183742327393205,0.22449820491246394,,,,True,suppressed,1.15,,3.5496323810346797,4.238119674619034,0.011867952413859052,0.10894013224638133,0.008168524576114876,0.01062393096247543,0.09037989033028794,0.10307245491631326,True,False,session_recorded,1.0,suppressed,2.5,,3.924658170852546,457.0
2025-07-10,True,True,3.882013503688048,4.115698080572632,0.2336845768845845,,,,True,suppressed,1.0,,3.5605772051242406,4.203449802251855,0.010347460217836217,0.10172246663267764,0.007952881172707253,0.009963196699751514,0.08917892785129934,0.09981581387611642,False,False,session_recorded,1.0,clean,1.0,-0.02540752611021757,3.9096203522913475,439.0
2025-07-11,True,True,3.920515973409133,4.124027240572177,0.20351126716304427,,,,True,suppressed,1.15,,3.6098627830800742,4.231169163738191,0.009664859938841253,0.09831001952416271,0.007828866309066153,0.009683924998503896,0.08848088103690058,0.09840693572357538,False,False,session_recorded,1.0,clean,1.0,0.10461427950817326,3.9083099591703863,415.0
2025-07-12,True,True,3.874497082686907,4.1115841673628495,0.23708708467594272,,,,True,suppressed,1.0,,3.563133221626555,4.185860943747259,0.00970913046140046,0.09853492001011854,0.007831039740581153,0.009958320081544413,0.08849316211200249,0.09979138280204565,False,False,rest_day_no_session,1.15,clean,1.0,-0.1344789799153343,3.933782077339493,
2025-07-13,True,True,3.8880119937275945,4.100328281630061,0.21231628790246634,,,,True,suppressed,1.35,,3.5824929759162125,4.193531011538976,0.009348037091861265,0.09668524753994927,0.007769592993227751,0.009731896763589612,0.08814529478779767,0.09865037639862106,False,False,session_recorded,1.0,clean,1.0,-0.07525515581689701,3.9051389595880908,371.0
2025-07-14,True,True,3.818109063835737,4.099927449950175,0.2818183861144381,,,,True,suppressed,1.15,,3.51532356118006,4.120894566491414,0.009181509401558223,0.09582019307827669,0.007724309035130373,0.009617709169388098,0.08788804830652672,0.0980699197990296,False,False,session_recorded,1.0,clean,1.0,-0.07056879233176483,3.854482843126464,404.0
2025-07-15,True,True,3.7445466699304673,4.064840210297252,0.32029354036678465,,,,True,suppressed,1.25,,3.4430515564265978,4.046041783434337,0.009103417986012146,0.09541183357431166,0.007687885877970387,0.009556511418951447,0.08768059008680534,0.09775741106919437,False,False,session_recorded,1.0,clean,1.0,-0.3734047970260139,3.767149958712769,444.0
2025-07-16,True,True,3.714291346947198,4.055688688996495,0.34139734204929756,,,,True,suppressed,1.15,,3.4134167952870835,4.015165898607313,0.00906598175742952,0.09521544915311547,0.007656989976340665,0.00952108599372588,0.08750422833406775,0.09757605235776799,False,False,session_recorded,1.0,clean,1.0,-0.1248874375259108,3.757988390398432,382.0
2025-07-17,True,True,3.8186452722764566,4.079080484524805,0.26043521224834887,,,,True,suppressed,1.3,,3.518079940547305,4.119210604005608,0.009047356442209274,0.09511759270613021,0.007630014052553164,0.009498629306997785,0.08734995164596925,0.09746091168770064,False,False,session_recorded,1.0,clean,1.0,0.2825874100934147,3.7827205916913806,341.0
2025-07-18,True,True,3.829955778053937,4.076231518665324,0.24627574061138713,,,,True,suppressed,1.15,,3.5234350536538885,4.136476502453985,0.009409436485535688,0.09700224989934866,0.007688043158265646,0.009881735330400534,0.08768148697567603,0.09940691792023598,False,False,rest_day_no_session,1.15,clean,1.0,-0.01757603259502538,3.756589636795737,
2025-07-19,True,True,3.9062597415377702,4.089308192672207,0.18304845113443657,,,,True,suppressed,1.0,,3.6032476476485225,4.2092718354270175,0.00919525661191767,0.09589190065859406,0.007660405332816113,0.009696631520560536,0.08752374153803134,0.09847147566966048,False,False,session_recorded,1.0,clean,1.0,0.1845803815168363,3.795828318641855,283.0
2025-07-20,True,True,3.8485626891244467,4.095593872588718,0.2470311834642711,,,,True,suppressed,1.25,,3.504874521550744,4.192250856698149,0.01182968253047497,0.1087643440217196,0.008057316764031514,0.010605816273604986,0.08976255769546405,0.10298454385782843,True,False,session_recorded,1.0,suppressed,2.5,,3.838943544843139,410.0
2025-07-21,True,True,3.80804876136185,4.1008252673064804,0.29277650594463045,,,,True,suppressed,1.0,,3.4260029711414606,4.19009455158224,0.014617555977941087,0.12090308506378605,0.008536160157382476,0.011802702257679602,0.09239134243738682,0.10864024234913876,True,False,rest_day_no_session,1.15,suppressed,1.0,,3.8514389651231054,
2025-07-22,True,True,3.87037689663815,4.105781318081829,0.23540442144367874,,,,True,suppressed,1.35,,3.5314386107589475,4.209315182517353,0.011504961934351934,0.10726118559083679,0.008145387048963126,0.01042626446399719,0.09025179803728636,0.10210908120239448,False,False,session_recorded,1.0,clean,1.0,0.07697849816404023,3.92936450569483,358.0
2025-07-23,True,True,3.7351346659521405,4.080707534912889,0.345572868960749,,,,True,suppressed,1.25,,3.4161228478136643,4.054146484090617,0.01019195442795889,0.10095521000898809,0.007944535291710724,0.009876342491555402,0.08913212267028495,0.0993797891502865,False,False,session_recorded,1.0,clean,1.0,-0.3046986723630196,3.9112097569307203,423.0
2025-07-24,True,True,3.7737026023474525,4.1067043773194225,0.3330017749719701,,,,True,suppressed,1.15,,3.4584361808706934,4.088969023824212,0.009954039572785378,0.09976993321028825,0.007907578201413567,0.010037363952015441,0.08892456466811388,0.10018664557721972,False,False,rest_day_no_session,1.15,clean,1.0,0.21835243010695793,3.89463298782513,
2025-07-25,True,True,3.8714359184850733,4.123204928519063,0.2517690100339897,,,,True,suppressed,1.35,,3.563969918624002,4.178901918346145,0.009467561261685208,0.09730139393495453,0.007824584000903828,0.009766059222922615,0.08845667866760445,0.09882337386935651,False,False,session_recorded,1.0,clean,1.0,0.21624784103828087,3.9311649594452835,480.0
2025-07-26,True,True,3.8539730482639065,4.148166429221727,0.29419338095782066,,,,True,suppressed,1.25,,3.550187155490077,4.157758941037736,0.009242280242732492,0.09613677882440462,0.007766273705137833,0.009633918915116477,0.0881264642723049,0.09815252882690531,False,False,session_recorded,1.0,clean,1.0,0.18719871897307838,3.922747937304111,628.0
2025-07-27,True,True,3.8982200302431638,4.1721864643755096,0.273966434132346,,,,True,suppressed,1.15,,3.5961910715704706,4.200248988915857,0.00913568463335092,0.09558077543811266,0.007721364852459846,0.009565718151062549,0.0878712970910288,0.0978044894218182,False,False,session_recorded,1.0,clean,1.0,0.24204651009533684,3.914712647069885,581.0
2025-07-28,True,True,3.8721175012039764,4.1748289702164705,0.30271146901249407,,,,True,suppressed,1.15,,3.5288181122521403,4.2154168901558124,0.011802934292694477,0.10864131024934519,0.008116461213977855,0.010511231364142691,0.09009140477302957,0.10252429645768213,True,False,session_recorded,1.0,suppressed,1.0,,3.914712647069885,563.0
2025-07-29,True,True,3.89968073885902,4.169964421418231,0.2702836825592113,,,,True,suppressed,1.0,,3.5786542979537437,4.220707179764296,0.010321089319259447,0.10159276214012221,0.007903678106213587,0.009892994704510388,0.08890263272937189,0.09946353454663868,False,False,session_recorded,1.0,clean,1.0,-0.009346791403657573,3.9093599202683786,579.0
2025-07-30,True,True,3.9018309150036945,4.1602264166120255,0.2583955016083312,,,,True,suppressed,1.2,,3.591366217858264,4.212295612149124,0.009653134918229223,0.09825036853991552,0.007782666886570903,0.009636203517946485,0.08821942465563297,0.09816416616029744,False,False,session_recorded,1.0,clean,1.0,-0.06809104360690199,3.96623002253409,468.0
2025-07-31,True,True,3.905909296355078,4.156820851871753,0.25091155551667527,,,,True,suppressed,1.0,,3.6005459059069316,4.211272686803225,0.00933851598352677,0.09663599734843518,0.007706505034424963,0.009527632508963681,0.08778670192247208,0.09760959229995626,False,False,session_recorded,1.0,clean,1.0,-0.0174940645583197,3.9588334168770785,407.0
2025-08-01,True,True,3.949573886883745,4.161351231722077,0.21177734483833185,,,,True,suppressed,1.15,,3.617869850222016,4.281277923545474,0.01101908268513755,0.1049718185282962,0.007948646962733511,0.010140170471343166,0.08915518472154893,0.10069841344998026,False,False,session_recorded,1.0,degraded,3.5,0.25695710634981017,3.9838751967575075,422.0
2025-08-02,True,True,3.935194911913644,4.1661540334763965,0.2309591215627528,,,,True,suppressed,1.15,,3.6196717614991165,4.250718062328171,0.009970257795405859,0.09985117823744424,0.007789087032239537,0.009723719452736245,0.0882558045243458,0.09860892177047798,False,False,session_recorded,1.0,clean,1.0,0.034526041430624765,3.9778242545123117,352.0
2025-08-03,True,True,3.874140163730833,4.157724526850785,0.28358436311995205,,,,True,suppressed,1.15,,3.56635747377206,4.181922853689606,0.009487074489284934,0.09740161440800113,0.007695955204490151,0.009551380916501642,0.08772659348504393,0.09773116655653734,False,False,session_recorded,1.0,clean,1.0,-0.11618333312901097,3.9281104324210294,370.0
2025-08-04,True,True,3.8664559835151806,4.13736680927572,0.2709108257605396,,,,True,suppressed,1.15,,3.56244035382025,4.170471613210111,0.009256264406734572,0.09620948189619655,0.007636605951322801,0.009480193640326701,0.08738767619820773,0.09736628595323281,False,False,session_recorded,1.0,clean,1.0,-0.1712668669159041,3.9005789972447045,281.0
2025-08-05,True,True,3.800845561219306,4.122080069165002,0.32123450794569625,,,,True,suppressed,1.15,,3.498698523568553,4.102992598870059,0.00914282926727391,0.09561814298172659,0.007595904889512068,0.009451146064059219,0.08715448863662771,0.09721700501485951,False,False,session_recorded,1.0,clean,1.0,-0.19276004947770708,3.8662928629823434,354.0
2025-08-06,True,True,3.804984839180279,4.122674170934121,0.31768933175384184,,,,True,suppressed,1.15,,3.4616498806528266,4.148319797707732,0.011805380245857155,0.10865256667864388,0.007994736821426845,0.010428453031282784,0.0894132921965568,0.10211979745026321,True,False,session_recorded,1.0,suppressed,3.5,,3.8683891203673584,390.0
2025-08-07,True,True,3.800051279211285,4.106691894262693,0.3066406150514078,,,,True,suppressed,1.15,,3.479064171561688,4.1210383868608815,0.010318560323990353,0.10158031464801806,0.007792156630748066,0.00982468543634925,0.0882731931604837,0.09911955123157716,False,False,session_recorded,1.0,clean,1.0,-0.12799507120576203,3.8416734454725208,373.0
2025-08-08,True,True,3.822072295861649,4.105036818655345,0.28296452279369666,,,,True,suppressed,1.0,,3.464943894357459,4.179200697365839,0.012772994005413575,0.11301767120859275,0.008185145167067543,0.010698335227762333,0.09047179210708464,0.10343275703452139,True,False,session_recorded,1.0,suppressed,2.5,,3.76068283394294,389.0
2025-08-09,True,True,3.7369980473159488,4.071848764080701,0.3348507167647522,,,,True,suppressed,1.25,,3.4093598717053006,4.064636222926596,0.010750605526908893,0.10368512683557315,0.007900528996017531,0.009910353173855621,0.08888491995843575,0.09955075677188809,False,False,session_recorded,1.0,clean,1.0,-0.30712178841681226,3.696770458517193,373.0
2025-08-10,True,True,3.6892616471228026,4.05609684591458,0.3668351987917779,,,,True,suppressed,1.15,,3.3755599663673115,4.002963327878294,0.009855476341142083,0.09927475178081326,0.007748973005343913,0.009601614824307141,0.08802825117735734,0.09798782998060086,False,False,session_recorded,1.0,clean,1.0,-0.18034100446735657,3.6636395702865068,352.0
2025-08-11,True,True,3.7386669455513974,4.067697396969112,0.3290304514177142,,,,True,suppressed,1.25,,3.4258674697862803,4.051466421316515,0.00979886922495508,0.09898923792491324,0.007741437482239994,0.009875856884225544,0.08798543903533126,0.0993773459306775,False,False,rest_day_no_session,1.15,clean,1.0,0.11459744192080112,3.6764106892570063,
2025-08-12,True,True,3.8561721740002266,4.092436879086589,0.23626470508636183,,,,True,suppressed,1.15,,3.549963556210477,4.162380791789976,0.00939028442200412,0.09690347992721479,0.007679046455040539,0.009659435493859152,0.08763016863523965,0.09828242718746395,False,False,session_recorded,1.0,clean,1.0,0.3011027373412909,3.7382387940982045,303.0
2025-08-13,True,True,3.8648817554921395,4.117479596754112,0.25259784126197277,,,,True,suppressed,1.15,,3.5617894895338096,4.16797402145047,0.009200123086154924,0.09591727209504514,0.007637084187018466,0.00955653490622207,0.08739041244334796,0.09775753119950437,False,False,session_recorded,1.0,clean,1.0,0.21495937379534968,3.7617542394356898,355.0
2025-08-14,True,True,3.852157140673594,4.123181441398376,0.2710243007247822,,,,True,suppressed,1.15,,3.5505542573972373,4.1537600239499515,0.009109927203469696,0.09544593864313818,0.007606045097656041,0.00950535903994495,0.08721264299203436,0.09749543086701525,False,False,session_recorded,1.0,clean,1.0,0.034986904934358076,3.786541823362961,417.0
2025-08-15,True,True,3.915212602382844,4.134900087242301,0.21968748485945744,,,,True,suppressed,1.0,,3.6082353754914678,4.22218982927422,0.009437484375655602,0.09714671572243501,0.007663334394861229,0.009876365593128406,0.0875404728960338,0.09937990537894673,False,False,rest_day_no_session,1.15,clean,1.0,0.16005155081723377,3.8462386908531507,
2025-08-16,True,True,3.9511512964344915,4.1332736534123775,0.1821223569778861,,,,True,suppressed,1.0,,3.6479377008803096,4.254364891988673,0.009207490285924436,0.09595566833660446,0.007636538350240094,0.009687342510683504,0.08738728940893002,0.09842429837536819,False,False,session_recorded,1.0,clean,1.0,0.03230847773779999,3.912283129132703,342.0
2025-08-17,True,True,3.850960531988369,4.092102934026282,0.24114240203791273,,,,True,suppressed,1.25,,3.543374326900892,4.158546737075846,0.009474965480743273,0.09733943435598583,0.007696845412134801,0.009984525658681685,0.08773166709994061,0.09992259833832227,False,False,rest_day_no_session,1.15,clean,1.0,-0.4292389275677415,3.9081209432341533,
2025-08-18,True,True,3.8999389593038636,4.094657859589738,0.1947189002858744,,,,True,suppressed,1.0,,3.5964989276295647,4.2033789909781625,0.00922124749799335,0.09602732682936327,0.007671256162876827,0.009756088619008483,0.08758570752626725,0.09877291439968998,False,False,session_recorded,1.0,clean,1.0,0.07151577541072429,3.926684258594258,248.0
2025-08-19,True,True,3.849707907279927,4.073404497770533,0.22369659049060603,,,,True,suppressed,1.0,,3.548111566469416,4.1513042480904385,0.009109531976869131,0.09544386819942459,0.007649344903456025,0.009634059456708,0.08746053340482222,0.09815324475893805,False,False,session_recorded,1.0,clean,1.0,-0.22425351912100489,3.8683534896915566,285.0
2025-08-20,True,True,3.892092987946154,4.0789807682934764,0.18688778034732245,,,,True,suppressed,1.0,,3.591306093629562,4.192879882262746,0.009060699927455958,0.09518770890958538,0.0076288168416188944,0.009565193453305549,0.08734309842007493,0.09780180700429593,False,False,session_recorded,1.0,clean,1.0,0.09046612062108306,3.8586510252109574,184.0
2025-08-21,True,True,3.905693511036179,4.079677043808581,0.1739835327724021,,,,True,suppressed,1.0,,3.5771606786456416,4.234226343426716,0.010809397417179524,0.1039682519675094,0.007884017937050288,0.01017364397455229,0.08879199252776282,0.1008644832166025,False,False,session_recorded,1.0,degraded,3.5,0.0756751991066178,3.8724196680560987,125.0
2025-08-22,True,True,3.8930528426027404,4.082767869801794,0.18971502719905348,,,,True,suppressed,1.0,,3.579200680739709,4.206905004465772,0.009864933853135511,0.099322373376473,0.00775217185310837,0.0097588727564634,0.08804641874095942,0.09878700702249968,False,False,session_recorded,1.0,clean,1.0,0.018674366126262942,3.8538619018336133,169.0
2025-08-23,True,True,3.871734176685788,4.0874664553734785,0.21573227868769052,,,,True,suppressed,1.0,,3.5347313850823454,4.20873696828923,0.011373939803120861,0.10664867464305809,0.007983747651445064,0.010281794842457182,0.08935181951949867,0.10139918561042383,False,False,session_recorded,1.0,degraded,3.5,0.06310364398733936,3.847250690559611,249.0
2025-08-24,True,True,3.9171735574178244,4.116340132359149,0.1991665749413243,,,,True,suppressed,1.0,,3.5937676080478966,4.240579506787752,0.010474660082715453,0.10234578683421929,0.007884976339757863,0.010164337471278836,0.08879738926206031,0.10081833896310154,False,False,rest_day_no_session,1.15,clean,1.0,0.25406484368586435,3.929950011664176,
2025-08-25,True,True,3.965204290399134,4.120953429359885,0.15574913896075046,,,,True,suppressed,1.35,,3.6538715091142704,4.276537071683998,0.009707192262577692,0.09852508443324315,0.007777151434969345,0.009788787780549908,0.0881881592673832,0.09893830289907903,False,False,session_recorded,1.0,clean,1.0,0.0911406962472312,3.941261156553673,297.0
2025-08-26,True,True,3.9629151108543095,4.115489887347451,0.1525747764931411,,,,True,suppressed,1.15,,3.6572946824010426,4.268535539307576,0.00935424389221976,0.09671734018375278,0.0077097995547089244,0.009618148359553937,0.08780546426452585,0.09807215894204602,False,False,session_recorded,1.0,clean,1.0,-0.030447476834472464,3.978751367358885,282.0
2025-08-27,True,True,3.9108744270242766,4.107535064120325,0.19666063709604875,,,,True,suppressed,1.15,,3.6079890221614326,4.2137598318871206,0.009187569165762823,0.09585180835937747,0.007663193533938832,0.009537675594960975,0.08753966834492138,0.09766102392951333,False,False,session_recorded,1.0,clean,1.0,-0.10275198661240248,3.960221302129974,342.0
2025-08-28,True,True,3.8372426241771245,4.084114144052921,0.24687151987579675,,,,True,suppressed,1.25,,3.5356874666960696,4.138797781658179,0.009107044312454748,0.09543083522873907,0.007628214230862443,0.009497748045364175,0.08733964867608779,0.0974563904798663,False,False,session_recorded,1.0,clean,1.0,-0.2623275598983388,3.9116579155796987,376.0
2025-08-29,True,True,3.84457934049574,4.107766690146692,0.2631873496509515,,,,True,suppressed,1.25,,3.543686639625456,4.145472041366024,0.009067075538010616,0.09522119269369932,0.007600350833106972,0.00947626832984012,0.08717999101346004,0.09734612642442492,False,False,session_recorded,1.0,clean,1.0,0.20189690992295795,3.9249433867939105,427.0
2025-08-30,True,True,3.834157016354407,4.1158388037476685,0.2816817873932615,,,,True,suppressed,1.25,,3.5336062135833792,4.134707819125435,0.009046481787204394,0.09511299483879368,0.007577235006020916,0.009463297790191073,0.08704731475479824,0.09727948288406489,False,False,session_recorded,1.0,clean,1.0,0.05444761613513416,3.9172971490943973,438.0
2025-08-31,True,True,3.744896514134857,4.122208599902861,0.3773120857680042,,,,True,suppressed,1.0,,3.444531553675017,4.045261474594698,0.00903529765935505,0.09505418275570544,0.007557543047270123,0.00945436480063877,0.08693413050850697,0.09723355799639737,False,False,session_recorded,1.0,clean,1.0,-0.04417010791153908,3.8611678246874597,542.0
2025-09-01,True,True,3.8243281300780048,4.129898983203995,0.30557085312599047,,,,True,suppressed,1.25,,3.5240714432570184,4.124584816898992,0.009028784860849324,0.09501991823217554,0.007540482254812037,0.009447465241924734,0.08683595024419342,0.09719807221300603,False,False,session_recorded,1.0,clean,1.0,0.12999041447812454,3.84554589248157,546.0
2025-09-02,True,True,3.853667118020315,4.155882385603092,0.3022152675827768,,,,True,suppressed,1.0,,3.5534789507555447,4.153855285285085,0.009024664534673727,0.09499823437661212,0.007525541835223248,0.009441703747871366,0.08674988089457673,0.09716842979008854,False,False,session_recorded,1.0,clean,1.0,0.24393774135088364,3.8601299112931917,630.0
2025-09-03,True,True,3.9090452225632855,4.185407900358187,0.27636267779490137,,,,True,suppressed,1.0,,3.608904292098853,4.2091861530277175,0.00902182456439637,0.09498328571067843,0.0075123682124201745,0.009436677971692578,0.08667391887078935,0.09714256518999577,False,False,session_recorded,1.0,clean,1.0,0.30578556892242936,3.9048170182775417,643.0
2025-09-04,True,True,3.8928946429304405,4.188052966931788,0.29515832400134756,,,,True,suppressed,1.15,,3.5927888670583537,4.193000418802527,0.009019711290539467,0.09497216060793535,0.00750070053262121,0.009432201324771865,0.08660658481097849,0.09711952082239628,False,False,session_recorded,1.0,clean,1.0,0.012026552410397073,3.9429130356216855,669.0
2025-09-05,True,True,3.9723425387506133,4.204901181700933,0.23255864295031953,,,,True,suppressed,1.0,,3.672264545584067,4.2724205319171595,0.009018041343450542,0.09496336842936091,0.007490336064773669,0.009428179661348474,0.08654672763758124,0.09709881390289211,False,False,session_recorded,1.0,clean,1.0,0.2303999279718294,3.9643414606328053,575.0
2025-09-06,True,True,3.886380916923655,4.186865157767298,0.30048424084364256,,,,True,suppressed,1.15,,3.5863258387359327,4.186435995111378,0.009016664099261062,0.09495611670272254,0.007481110853865792,0.009424557494456327,0.08649341508962281,0.09708016014848929,False,False,session_recorded,1.0,clean,1.0,-0.22688197980525837,3.9408075004808154,583.0
2025-09-07,True,True,3.8856065434054172,4.185169905520805,0.29956336211538775,,,,True,suppressed,1.15,,3.557595450674348,4.213617636136487,0.010775092089957361,0.10380314104090184,0.007743193941672054,0.010071880597071425,0.08799542000395279,0.10035875944366503,False,False,session_recorded,1.0,degraded,3.5,-0.035216326439238,3.9611350225877886,459.0
2025-09-08,True,True,3.908979599893087,4.204082785898918,0.29510318600583096,,,,True,suppressed,1.15,,3.59544775507007,4.222511444716105,0.009844807855626504,0.09922100511296236,0.007624997720213229,0.009680416526219222,0.08732123292884285,0.09838910776208523,False,False,session_recorded,1.0,clean,1.0,0.1707597647947665,3.977213972795652,547.0
2025-09-09,True,True,3.9364141019364602,4.198038770372832,0.26162466843637144,,,,True,suppressed,1.0,,3.6297764467454834,4.2430517571274375,0.00941661683338009,0.09703925408503555,0.00755953547125375,0.009516697738290898,0.08694558914202462,0.09755356343204946,False,False,session_recorded,1.0,clean,1.0,-0.014887389306497578,3.9605430345169736,453.0
2025-09-10,True,True,3.822829876738068,4.168258295526645,0.3454284187885766,,,,True,suppressed,1.1,,3.51951959489403,4.126140158582106,0.009213363241646963,0.09598626590115361,0.007520427198745241,0.009448865524004533,0.08672039667082503,0.0972052751860954,False,False,session_recorded,1.0,clean,1.0,-0.3511484899621542,3.8760933187152666,469.0
2025-09-11,True,True,3.8119855679300483,4.1703997239003385,0.35841415597029014,,,,True,suppressed,1.35,,3.467934758048304,4.156036377811792,0.011854659861942549,0.10887910663640912,0.007921506478902602,0.010426805341093276,0.08900284534161029,0.10211172969396452,True,False,session_recorded,1.0,suppressed,3.930782916092454,,3.9527388828499914,473.0
2025-09-12,True,True,3.8133458134294944,4.175945712714797,0.3625998992853024,,,,True,suppressed,1.15,,3.492090104651625,4.1346015222073635,0.010335836635113605,0.10166531677575005,0.007725455359343609,0.009808327010324955,0.08789456956686009,0.09903699818918663,False,False,session_recorded,1.0,clean,1.0,0.03437093654741519,3.908261040995135,542.0
2025-09-13,True,True,3.8074874446528306,4.171731947630327,0.36424450297749666,,,,True,suppressed,1.0,,3.4843041274137354,4.130670761891926,0.010460243568564093,0.10227533216061482,0.007770122800752499,0.010119105812365789,0.08814830004459813,0.10059376626991251,False,False,rest_day_no_session,1.15,clean,1.2045671657412744,-0.05246970323358768,3.9161461941002194,
2025-09-14,True,True,3.917944723909491,4.190575945090967,0.27263122118147654,,,,True,suppressed,1.15,,3.6068139669195145,4.229075480899467,0.00969459832764128,0.09846115136256167,0.007675308139824726,0.009747189419138417,0.08760883596889486,0.09872785533545442,False,False,session_recorded,1.0,clean,1.0,0.24784480212654447,3.952106007495518,452.0
2025-09-15,True,True,3.826330148990033,4.1794187451067915,0.3530885961167582,,,,True,suppressed,1.0,,3.514991623023172,4.1376686749568945,0.009707550498205122,0.09852690240845452,0.007700826725227256,0.009974986132894204,0.08775435445165816,0.09987485235480553,False,False,rest_day_no_session,1.15,clean,1.0,-0.1731949918232809,3.9033435092315734,
2025-09-16,True,True,3.95433914357616,4.205435247385337,0.25109610380917674,,,,True,suppressed,1.15,,3.6490157414219397,4.25966254573038,0.009336070327743098,0.09662334256142818,0.007657843573856647,0.00972654385337006,0.08750910566253461,0.09862324195325389,False,False,session_recorded,1.0,clean,1.0,0.33905300069684374,3.9444918965499745,480.0
2025-09-17,True,True,3.978575815595294,4.20913209168155,0.2305562760862557,,,,True,suppressed,1.25,,3.670000268228153,4.287151362962436,0.009536015419716708,0.09765252387786354,0.007709405009084743,0.009998225096485052,0.08780321753264367,0.099991125088605,False,False,rest_day_no_session,1.15,clean,1.0,0.06826679885720965,4.012579053494231,
2025-09-18,True,True,3.9361132592956545,4.176652821308631,0.24053956201297622,,,,True,suppressed,1.0,,3.626213444103988,4.246013074487321,0.009618039649242429,0.0980716047041264,0.0077609273038703915,0.010154057441514042,0.08809612536241529,0.10076734313017309,False,False,rest_day_no_session,1.15,clean,1.0,-0.2926339759412673,3.909173952438678,
2025-09-19,True,True,3.8502026724482765,4.12945291565915,0.27925024321087333,,,,True,suppressed,1.25,,3.5322359288271414,4.168169416069412,0.010125286646563505,0.10062448333563509,0.00792101268786187,0.010762180240345297,0.08900007128009432,0.10374092847254307,False,False,calendar_gap_no_session,1.35,clean,1.0,-0.45491576631424024,3.8625148100028537,
2025-09-20,True,True,3.8876137180016137,4.124976424730856,0.2373627067292423,,,,True,suppressed,1.15,,3.534029470815163,4.241197965188064,0.012520732724424105,0.11189608002260001,0.008310164535080782,0.011375675223649477,0.09116010385624175,0.10665681048882662,True,False,session_recorded,1.0,suppressed,2.5,,3.8370913270618927,170.0
2025-09-21,True,True,3.7867022150127934,4.132309485099736,0.3456072700869422,,,,True,suppressed,1.0,,3.461277969354586,4.112126460671001,0.010605807548455345,0.10298450149636762,0.00808789502278102,0.010376950267572559,0.0899327249825169,0.1018673169744475,False,False,session_recorded,1.0,clean,1.0,-0.03430564965353389,3.7880577392011725,362.0
2025-09-22,True,True,3.7815439660559322,4.134350145629833,0.35280617957390087,,,,True,suppressed,1.35,,3.4214023274792393,4.141685604632626,0.012989445167394595,0.11397124710818336,0.008472077948477715,0.011097346568321174,0.09204389142402507,0.10534394414640631,True,False,session_recorded,1.0,suppressed,1.0,,3.803438849252425,312.0
2025-09-23,True,True,3.691034943614163,4.147160196251979,0.4561252526378158,,,,True,suppressed,1.0,,3.3046230936024967,4.077446793625829,0.014953567012885092,0.12228477833681956,0.008844821827561791,0.011617832895612048,0.09404691290819593,0.10778605148910525,True,False,session_recorded,1.0,suppressed,1.0,,3.7215025269560336,529.0
2025-09-24,True,True,3.6127230617404615,4.147059489655957,0.5343364279154956,,,,True,suppressed,1.45,,3.271270995957135,3.954175127523788,0.011676250875631233,0.10805670213194198,0.00835656383105076,0.010318634848112457,0.09141424304259572,0.1015806814709985,False,False,session_recorded,1.0,clean,1.0,-0.0818264433718543,3.6264607381360805,675.0
2025-09-25,True,True,3.6497329363895403,4.147118900117712,0.4973859637281713,,,,True,suppressed,1.25,,3.2684159170596008,4.03104995571948,0.01456184177223532,0.1206724565600424,0.008826497142981223,0.01159521367776125,0.09394943929040356,0.10768107390698353,True,False,rest_day_no_session,1.15,suppressed,1.0,,3.6043625220455167,
2025-09-26,True,True,3.861034162208098,4.2009656842488425,0.3399315220407444,,,,True,suppressed,1.15,,3.5219794066467065,4.20008891776949,0.011512870214679609,0.10729804385299672,0.008374088205642812,0.01034872516663428,0.09151004428827915,0.10172868408976045,False,False,session_recorded,1.0,clean,1.0,0.4844422653091005,3.777349441493609,735.0
2025-09-27,True,True,3.941345713767879,4.222365529339853,0.28101981557197353,,,,True,suppressed,1.0,,3.6219392124679004,4.260752215067858,0.010217189111776437,0.1010801123454878,0.008132549369953971,0.009856782334603747,0.09018064853367362,0.09928132923467406,False,False,session_recorded,1.0,clean,1.0,0.22351105197642207,3.90693392359752,771.0
2025-09-28,True,True,3.9392285059701715,4.221295349206349,0.2820668432361775,,,,True,suppressed,1.15,,3.582705838861284,4.295751173079059,0.01272970156340867,0.11282597911566586,0.008515402712463592,0.010721525236751206,0.09227893970166536,0.1035447982119392,True,False,session_recorded,1.0,suppressed,1.0,,3.9553708545323274,639.0
2025-09-29,True,True,3.995134046818717,4.2533704588726255,0.2582364120539083,,,,True,suppressed,1.0,,3.6674554994775823,4.322812594159852,0.010753255079502701,0.10369790296579146,0.008186368211682693,0.009975145254142451,0.09047855111396674,0.09987564895480004,False,False,session_recorded,1.0,clean,1.0,0.27316513059209147,4.014980524803292,643.0
2025-09-30,True,True,4.039643996401915,4.2683036805019015,0.22865968409998683,,,,True,suppressed,1.1,,3.7256490063690575,4.353638986434772,0.009873914584966422,0.09936757310595053,0.007999607585864193,0.009678297776587975,0.08944052541138268,0.09837833997678541,False,False,session_recorded,1.0,clean,1.0,0.1684949279891832,4.045174256350532,473.0
2025-10-01,True,True,4.036067163497448,4.269458316084843,0.23339115258739548,,,,True,suppressed,1.0,,3.7287291633997466,4.343405163595149,0.009459680108303795,0.09726088683691814,0.007881224842075723,0.009558148309927036,0.08877626283008157,0.09776578291982853,False,False,session_recorded,1.0,clean,1.0,0.02952832086765067,4.145851622247099,349.0
2025-10-02,True,True,3.945698752799649,4.244451587999313,0.29875283519966406,,,,True,suppressed,1.0,,3.6416742394840624,4.249723266115236,0.00925680536802114,0.09621229322711905,0.007799695680631691,0.009509434499715691,0.08831588577731467,0.09751632940034038,False,False,session_recorded,1.0,clean,1.0,-0.2661661244462685,4.078545208540017,377.0
2025-10-03,True,True,3.970870226169295,4.263310706957547,0.2924404807882522,,,,True,suppressed,1.1,,3.6685401662482393,4.273200286090351,0.009153908960039654,0.09567606262822302,0.007739781115423741,0.009489063613230224,0.08797602579921271,0.09741182481213574,False,False,session_recorded,1.0,clean,1.0,0.1902356913061949,4.064029255674968,467.0
2025-10-04,True,True,3.9724119404897635,4.261306349159778,0.28889440867001437,,,,True,suppressed,1.45,,3.6287273306161354,4.316096550363391,0.011829437620998504,0.10876321814381232,0.008134329132711999,0.010455848460558836,0.09019051575809953,0.10225384325568812,True,False,session_recorded,1.0,suppressed,1.0,,4.055445954803263,487.0
2025-10-05,True,True,3.847629540761597,4.214378158210268,0.36674861744867093,,,,True,suppressed,1.15,,3.5263412573661572,4.168917824157036,0.010337932803281553,0.10167562541377138,0.007912002673613904,0.00985785310151423,0.08894943886059037,0.09928672167774617,False,False,session_recorded,1.0,clean,1.0,-0.4360039978815151,3.9671929309157097,501.0
2025-10-06,True,True,3.8482514638123373,4.214707788643707,0.36645632483137025,,,,True,suppressed,1.15,,3.4907269519431714,4.205775975681503,0.01280134415167253,0.11314302520116973,0.00830142279400705,0.01072229886584403,0.09111214405339746,0.10354853386622155,True,False,session_recorded,1.0,suppressed,2.5,,3.933774342588006,491.0
2025-10-07,True,True,3.9184658631457303,4.233654660910978,0.3151887977652478,,,,True,suppressed,1.15,,3.5905341650535165,4.246397561237944,0.010769876528473998,0.10377801563179939,0.007999097627898561,0.009938152468379795,0.08943767454433596,0.09969028271792489,False,False,session_recorded,1.0,clean,1.0,0.18703386102104336,3.9151858887539284,491.0
2025-10-08,True,True,3.947029273205365,4.256610230060157,0.30958095685479176,,,,True,suppressed,1.0,,3.6330945250602324,4.260964021350498,0.009870126204817418,0.09934850882030097,0.007834521333887609,0.009629606327453697,0.08851283146463912,0.09813055756212585,False,False,session_recorded,1.0,clean,1.0,0.20505589609499397,3.9222273128063967,531.0
2025-10-09,True,True,3.9832694913342315,4.272815057541313,0.2895455662070812,,,,True,suppressed,1.0,,3.676114981506483,4.2904240011619805,0.009448388038300955,0.09720281908618163,0.007735030580323638,0.009507629017851736,0.08794902262290148,0.09750707162996813,False,False,session_recorded,1.0,clean,1.0,0.17373445099497564,3.984454625653004,514.0
2025-10-10,True,True,3.951700876159638,4.255863580217213,0.30416270405757495,,,,True,suppressed,1.1,,3.64789866764027,4.255503084679006,0.009243273038946329,0.09614194214257547,0.007669858825033085,0.00946101358632592,0.08757773018886185,0.09726774175607204,False,False,session_recorded,1.0,clean,1.0,-0.15244719553163888,3.937461510537126,475.0
2025-10-11,True,True,3.8980532479072547,4.239865269702285,0.3418120217950308,,,,True,suppressed,1.2,,3.5959476953705143,4.200158800443995,0.009140318799000284,0.09560501450760982,0.007624253940428826,0.009444218687435958,0.08731697395368684,0.09718137006358758,False,False,session_recorded,1.0,clean,1.0,-0.17438040149175027,3.9126944703718016,501.0
2025-10-12,True,True,3.9431177445318015,4.266380110034271,0.3232623655024698,,,,True,suppressed,1.0,,3.6358126466197147,4.250422842443888,0.009457654797470136,0.09725047453596376,0.00767239439757151,0.00983692849968265,0.08759220511878617,0.09918129107690951,False,False,rest_day_no_session,1.15,clean,1.0,0.26653799317490545,4.001237692748163,
2025-10-13,True,True,3.9626308162858654,4.251087013636373,0.2884561973505073,,,,True,suppressed,1.15,,3.6591985882733273,4.266063044298404,0.00922077321270682,0.09602485726470424,0.007640064085748397,0.009661401448324955,0.08740746012640109,0.09829242823496098,False,False,session_recorded,1.0,clean,1.0,-0.0959928121066671,3.9863499617133944,451.0
2025-10-14,True,True,3.9957184228879,4.257510247925109,0.2617918250372089,,,,True,suppressed,1.0,,3.6940602239760696,4.29737662179973,0.009113269131888192,0.0954634439557268,0.007615106757940818,0.009570244704842117,0.08726457905668725,0.09782762751310142,False,False,session_recorded,1.0,clean,1.0,0.10229299858588403,3.9892003592193013,447.0
2025-10-15,True,True,4.086082245251343,4.30894193134636,0.22285968609501683,,,,True,suppressed,1.0,,3.785237276554286,4.3869272139483995,0.009064199051535297,0.09520608726092726,0.0075939477227704695,0.009520176089197549,0.08714325976672246,0.0975713897061918,False,False,session_recorded,1.0,clean,1.0,0.5452595218874565,4.047093045765047,453.0
2025-10-16,True,True,4.013049459762362,4.2898857048001515,0.27683624503778964,,,,True,suppressed,1.0,,3.7125805355076498,4.313518384017074,0.009041553424982132,0.09508708337614595,0.007575141969504778,0.009490748383299916,0.08703529151731945,0.09742047209544777,False,False,session_recorded,1.0,clean,1.0,-0.20417000765922255,4.009995238230549,464.0
2025-10-17,True,True,4.000650180492219,4.2794149012445155,0.27876472075229697,,,,True,suppressed,1.0,,3.7003598599164906,4.300940501067947,0.00903080772300104,0.09503056204717006,0.007558109305563239,0.009472067939346783,0.08693738727131865,0.09732454952038969,False,False,session_recorded,1.0,clean,1.0,-0.07965423000033489,4.024888163384143,458.0
2025-10-18,True,True,3.9045573907439506,4.259939499896897,0.35538210915294655,,,,True,suppressed,1.0,,3.598229132613309,4.2108856488745925,0.009397623707966905,0.09694134158328378,0.007624577681273541,0.009857653855334986,0.08731882775938726,0.0992857182848318,False,False,rest_day_no_session,1.15,clean,1.0,-0.2416210900803919,4.018663256017392,
2025-10-19,True,True,3.8693484627199695,4.221715988657953,0.352367525937984,,,,True,suppressed,1.0,,3.566487263475246,4.172209661964693,0.009186100743047591,0.09584414819407386,0.007604108567987197,0.009674837231161037,0.08720153994045746,0.09836075046054212,False,False,session_recorded,1.0,clean,1.0,-0.352361514997829,3.9405688323480677,391.0
2025-10-20,True,True,3.8409312550494996,4.222038416776986,0.381107161727486,,,,True,suppressed,1.0,,3.5396194070114566,4.142243103087543,0.009092354224062847,0.09535383696560326,0.0075871601081941515,0.009577957244285461,0.08710430591075365,0.09786703859975258,False,False,session_recorded,1.0,clean,1.0,-0.02728819253924719,3.930690414296862,499.0
2025-10-21,True,True,3.9171314346166066,4.23520493346753,0.3180734988509237,,,,True,suppressed,1.15,,3.6165042880334206,4.217758581199792,0.00905107821892925,0.09513715477629783,0.00757159907632794,0.009523844027938662,0.08701493593819362,0.09759018407574944,False,False,session_recorded,1.0,clean,1.0,0.18655606911425648,3.9287613975684965,484.0
2025-10-22,True,True,3.918971931367155,4.238360879257296,0.31938894789014155,,,,True,suppressed,1.15,,3.6186449920265242,4.219298870707786,0.009033010372674228,0.09504215050531122,0.007556832700048441,0.009491736913338588,0.08693004486395046,0.09742554548648208,False,False,session_recorded,1.0,clean,1.0,0.035763470953206866,3.848837653508979,453.0
2025-10-23,True,True,3.9467039069751864,4.247944162980892,0.3012402560057059,,,,True,suppressed,1.0,,3.646509490887007,4.246898323063365,0.00902504025982286,0.0950002118935682,0.0075428056076362335,0.009471376597807533,0.08684932704193069,0.09732099772303782,False,False,session_recorded,1.0,clean,1.0,0.11750908755861111,3.874784351563872,435.0
2025-10-24,True,True,3.9070769182969975,4.2247329062055865,0.31765598790858907,,,,True,suppressed,1.0,,3.6069438508138294,4.207209985780166,0.009021351869731221,0.09498079737363349,0.007529604866017118,0.009457560739943284,0.08677329581165577,0.0972499909508648,False,False,session_recorded,1.0,clean,1.0,-0.22589843629483042,3.8453014895197013,432.0
2025-10-25,True,True,3.8394861226218295,4.188881516908118,0.34939539428628896,,,,True,suppressed,1.0,,3.5332528568795794,4.14571938836408,0.009391796205710876,0.09691128007466869,0.0075993084214360795,0.00984590179305893,0.08717401230548058,0.09922651759010255,False,False,rest_day_no_session,1.15,clean,1.0,-0.36232539481044723,3.822863825673094,
2025-10-26,True,True,3.869586411366671,4.1769649176084656,0.3073785062417946,,,,True,suppressed,1.0,,3.566792061939954,4.172380760793388,0.00918204593912297,0.09582299274768541,0.007581600852827307,0.009664901503970393,0.08707238857885607,0.09831023092217002,False,False,session_recorded,1.0,clean,1.0,-0.07275644879551235,3.853535491472384,353.0
2025-10-27,True,True,3.813035858353592,4.151570726065758,0.3385348677121661,,,,True,suppressed,1.15,,3.511775497374089,4.114296219333095,0.009089247153561957,0.09533754325323239,0.0075670707355553505,0.00956935192098448,0.08698891156667814,0.09782306436104156,False,False,session_recorded,1.0,clean,1.0,-0.27292818923670126,3.8225470436238926,299.0
2025-10-28,True,True,3.7562329397716976,4.138588405672966,0.3823554659012681,,,,True,suppressed,1.15,,3.4556480468515463,4.0568178326918485,0.009048534108477991,0.09512378308539873,0.0075536522604148235,0.009516288714780021,0.08691174984094396,0.09755146700475611,False,False,session_recorded,1.0,clean,1.0,-0.17734991978908754,3.759505584432339,368.0
2025-10-29,True,True,3.764239460746352,4.121059076856356,0.35681961611000373,,,,True,suppressed,1.25,,3.463948584459678,4.064530337033026,0.009030841147477308,0.09503073790872776,0.007540793895936489,0.009485052355430894,0.08683774465021814,0.09739123346292979,False,False,session_recorded,1.0,clean,1.0,-0.15620676708661296,3.716257414445159,307.0
2025-10-30,True,True,3.7593716381019395,4.111060126677341,0.3516884885754012,,,,True,suppressed,1.0,,3.459208693633596,4.059534582570283,0.009023148034436839,0.09499025231273385,0.00752846965944044,0.00946543672507358,0.0867667543442789,0.09729047602449882,False,False,session_recorded,1.0,clean,1.0,-0.1047131835630628,3.6650144695203752,290.0
2025-10-31,True,True,3.819285674784937,4.1139718898276,0.294686215042663,,,,True,suppressed,1.0,,3.5191804026429923,4.119390946926882,0.009019681011237967,0.0949720011963419,0.007516789999835028,0.009452269519885103,0.08669942329586183,0.09722278292604622,False,False,session_recorded,1.0,clean,1.0,0.07205618609072939,3.685300590797849,256.0
2025-11-01,True,True,3.7729151922343904,4.098252752501669,0.3253375602672791,,,,True,suppressed,1.25,,3.4667055445873722,4.079124839881408,0.009390347585928108,0.09690380583820281,0.007587860277078028,0.009841121990401309,0.08710832495851374,0.09920242935735651,False,False,rest_day_no_session,1.15,clean,1.0,-0.18514811169909118,3.695072303500004,
2025-11-02,True,True,3.809641389563194,4.091129072224632,0.2814876826614377,,,,True,suppressed,1.2,,3.4780438350295575,4.141238944096831,0.011012009228592726,0.10493812095036163,0.007844514439574972,0.010350512554926642,0.08856926351491792,0.10173746878572634,False,False,session_recorded,1.0,degraded,3.5,-0.10109419749758164,3.6811926002533943,286.0
2025-11-03,True,True,3.7783285278292964,4.091685832564826,0.31335730473552953,,,,True,suppressed,1.15,,3.463193778961841,4.093463276696752,0.009945726599569589,0.09972826379502246,0.007717457541256911,0.009842893966387788,0.08784906112905767,0.09921136006722107,False,False,session_recorded,1.0,clean,1.0,-0.032489943650986675,3.7027664770999573,328.0
2025-11-04,True,True,3.7856842716733055,4.0909634670330925,0.30527919535978715,,,,True,suppressed,1.0,,3.478311377326405,4.0930571660202055,0.009461828278550044,0.09727192955087323,0.007645162472624886,0.00962041768163002,0.08743661974610459,0.09808372791462415,False,False,session_recorded,1.0,clean,1.0,-0.010243601699955196,3.72538370946008,283.0
2025-11-05,True,True,3.843268640282599,4.0986134298294,0.2553447895468009,,,,True,suppressed,1.0,,3.5395978812571625,4.146939399308035,0.009235275989087778,0.09610034333491102,0.007599615292218574,0.009520421829900753,0.0871757723924404,0.09757264898474753,False,False,session_recorded,1.0,clean,1.0,0.11072595038148147,3.7659918498698053,285.0
2025-11-06,True,True,3.790705155311375,4.063908195627403,0.27320304031602805,,,,True,suppressed,1.15,,3.488822667457772,4.092587643164978,0.009126825967914302,0.09553442294751302,0.007568253998177126,0.009474396060028291,0.08699571252755578,0.09733650938896612,False,False,session_recorded,1.0,clean,1.0,-0.3448370958059055,3.7441433824432804,249.0
2025-11-07,True,True,3.8184447112270736,4.065882163778089,0.24743745255101549,,,,True,suppressed,1.1,,3.517441177466237,4.11944824498791,0.009073756426375658,0.0952562671238783,0.007545003119086794,0.00945230713880332,0.08686197740718775,0.0972229763934602,False,False,session_recorded,1.0,clean,1.0,0.035516723868947775,3.7399903134024948,269.0
2025-11-08,True,True,3.704239726352477,4.044967698461634,0.34072797210915684,,,,True,suppressed,1.0,,3.403679224997887,4.004800227707068,0.009047065645070532,0.09511606407474256,0.007526751573540244,0.009440817674107555,0.08675685317910191,0.09716387020959774,False,False,session_recorded,1.0,clean,1.0,-0.3010920555695966,3.7171859025580125,326.0
2025-11-09,True,True,3.751269500831931,4.055024111618934,0.30375461078700317,,,,True,suppressed,1.0,,3.4509405444686525,4.051598457195209,0.00903313170609651,0.09504278881691398,0.007511819762549423,0.00943401567245436,0.08667075494392225,0.09712886117140651,False,False,session_recorded,1.0,clean,1.0,0.11075105990895251,3.734334135288227,367.0
2025-11-10,True,True,3.7651149510165784,4.0839528782909325,0.31883792727435417,,,,True,suppressed,1.0,,3.4649132216405407,4.065316680392616,0.00902547999832424,0.0950025262733799,0.007499249545102651,0.009429311051104533,0.08659820751668391,0.09710463969916439,False,False,session_recorded,1.0,clean,1.0,0.24241172568262392,3.762621477321123,402.0
2025-11-11,True,True,3.7982372066036105,4.083826319425968,0.28558911282235716,,,,True,suppressed,1.1,,3.498110042833491,4.09836437037373,0.00902099696749148,0.09497892907109176,0.007488461084170421,0.009425591593441666,0.08653589477303866,0.09708548600816533,False,False,session_recorded,1.0,clean,1.0,0.019454906863816568,3.7676704800991203,374.0
2025-11-12,True,True,3.8405479877273434,4.1081292829242955,0.2675812951969519,,,,True,suppressed,1.0,,3.540467942112973,4.140628033341714,0.009018164705530062,0.09496401795169611,0.007479081209758517,0.009422392846636337,0.08648168135367465,0.09706901074306021,False,False,session_recorded,1.0,clean,1.0,0.24095630267265156,3.7817185989641158,439.0
2025-11-13,True,True,3.794950809072093,4.098466539862732,0.3035157307906387,,,,True,suppressed,1.0,,3.49490295089828,4.094998667245906,0.00901623018121262,0.0949538318405983,0.007470854752634823,0.009419527121502435,0.08643410642006327,0.09705424834340037,False,False,session_recorded,1.0,clean,1.0,-0.13286168582476554,3.8055453840322566,508.0
2025-11-14,True,True,3.8068524886042194,4.100381339884048,0.29352885127982814,,,,True,suppressed,1.0,,3.4788562721610248,4.134848705047414,0.010774114746565843,0.1037984332567975,0.0077334705031825764,0.010067998259613159,0.08794015296315202,0.10033941528438942,False,False,session_recorded,1.0,degraded,3.5,0.05516089825634252,3.8072480063973666,533.0
2025-11-15,True,True,3.839549810054072,4.102449771626165,0.2628999615720928,,,,True,suppressed,1.0,,3.5260329001773614,4.153066719930783,0.009843869972108427,0.09921627876567649,0.007616366473524203,0.009676824584435677,0.08727179655263322,0.09837085231121909,False,False,session_recorded,1.0,clean,1.0,0.040012885238833285,3.8640121407335535,437.0
2025-11-16,True,True,3.811166229102197,4.115478414460344,0.30431218535814675,,,,True,suppressed,1.0,,3.5045429222245987,4.117789535979795,0.009415735601699088,0.09703471338494842,0.0075518378140326786,0.009513456726127714,0.086901310772811,0.09753695056811912,False,False,session_recorded,1.0,clean,1.0,0.07342907498437912,3.8683566644619813,523.0
2025-11-17,True,True,3.7478733894660374,4.0931545897624995,0.3452812002964618,,,,True,suppressed,1.2,,3.444576540955984,4.051170237976091,0.009212547156916513,0.09598201475753941,0.007513548599748149,0.009445968098799619,0.08668072796041891,0.09719037040159698,False,False,session_recorded,1.0,clean,1.0,-0.2562826099357798,3.811130837932683,462.0
2025-11-18,True,True,3.78848682632769,4.094008001661202,0.3055211753335123,,,,True,suppressed,1.0,,3.4868187421399375,4.090154910515443,0.009113866421511446,0.095466572272767,0.007489283115013775,0.009419084701188976,0.08654064429511589,0.09705196907424896,False,False,session_recorded,1.0,clean,1.0,0.032335346393974174,3.8111461726842353,461.0
2025-11-19,True,True,3.7580600077045765,4.08816247601952,0.3301024683149437,,,,True,suppressed,1.1,,3.457204071539013,4.05891594387014,0.009064859944287568,0.09520955805110938,0.007472942335888433,0.00940903578119015,0.08644618173111195,0.09700018443894914,False,False,session_recorded,1.0,clean,1.0,-0.09183328689957859,3.76270861758352,460.0
2025-11-20,True,True,3.7037474482070984,4.06891538202472,0.36516793381762147,,,,True,suppressed,1.0,,3.403306004750197,4.0041888916640005,0.009039899625077695,0.09507838673998258,0.00746131317935515,0.009405621709758722,0.08637889313573745,0.09698258456938917,False,False,session_recorded,1.0,clean,1.0,-0.23508251255676882,3.7384355992001623,452.0
2025-11-21,True,True,3.6709388211091403,4.0502863535128775,0.37934753240373714,,,,True,suppressed,1.0,,3.3707152528444193,3.9711623893738612,0.009026793206098865,0.09500943745806974,0.007452625461866769,0.009404570523933117,0.0863285900606906,0.09697716496130993,False,False,session_recorded,1.0,clean,1.0,-0.2160476116059149,3.687955488785072,453.0
2025-11-22,True,True,3.7098319584736013,4.048837361016778,0.33900540254317657,,,,True,suppressed,1.15,,3.368112857558149,4.051551059389054,0.011694521014976682,0.10814120868094956,0.007855723538739685,0.010394802203541676,0.08863251964566778,0.10195490279305687,True,False,session_recorded,1.0,suppressed,2.5,,3.626909488454435,449.0
2025-11-23,True,True,3.695081907174412,4.0545651931757405,0.3594832860013286,,,,True,suppressed,1.15,,3.3750089230000766,4.015154891348748,0.010259872564208168,0.10129102904111581,0.007678821227602841,0.009797242653374609,0.08762888352365812,0.09898102168281861,False,False,session_recorded,1.0,clean,1.0,0.00886464244562557,3.603277733909518,423.0
2025-11-24,True,True,3.5906630631372525,4.025710563381665,0.43504750024441263,,,,True,suppressed,1.0,,3.280843442459607,3.900482683814898,0.009613062465139221,0.09804622616469856,0.007585289386987716,0.009553982920982584,0.0870935668519077,0.09774447770069972,False,False,session_recorded,1.0,clean,1.0,-0.35224086140211064,3.5708244181983217,461.0
2025-11-25,True,True,3.7057482703569007,4.056734867362255,0.3509865970053548,,,,True,suppressed,1.0,,3.4008653191546117,4.01063122155919,0.009309153851325509,0.09648395644523243,0.00753179345916869,0.009455609940599028,0.08678590587859696,0.09723996061598868,False,False,session_recorded,1.0,clean,1.0,0.3291753501066341,3.591376744308576,477.0
2025-11-26,True,True,3.7226892499861335,4.062550084119158,0.3398608341330243,,,,True,suppressed,1.0,,3.4202192382239085,4.0251592617483585,0.009162385807708496,0.09572035210815145,0.007499171407152415,0.009417643799407252,0.08659775636327084,0.09704454543871723,False,False,session_recorded,1.0,clean,1.0,0.042688998593346295,3.6011085499924897,463.0
2025-11-27,True,True,3.8151915055152887,4.084779821422782,0.26958831590749366,,,,True,suppressed,1.2,,3.513921809391358,4.116461201639219,0.009089810458666263,0.095340497474401,0.0074781033279572124,0.009404422632001216,0.08647602747557968,0.09697640244926194,False,False,session_recorded,1.0,clean,1.0,0.2618397199678828,3.6716970379292655,415.0
2025-11-28,True,True,3.800292682520488,4.082270504598424,0.2819778220779358,,,,True,suppressed,1.0,,3.471465946665025,4.129119418375951,0.010828746109715771,0.10406126133060166,0.007738038464500593,0.010055026166009758,0.08796612111773824,0.1002747533829416,False,False,session_recorded,1.0,degraded,3.5,-0.12657210486915682,3.6973119886103305,426.0
2025-11-29,True,True,3.841891189438958,4.095397588241117,0.2535063988021596,,,,True,suppressed,1.15,,3.527946046547916,4.15583633233,0.009870779838434957,0.09935179836537916,0.0076151681251721655,0.009663403499250245,0.08726493067190373,0.09830261186382712,False,False,session_recorded,1.0,clean,1.0,0.13243693027759074,3.7685870242415427,450.0
2025-11-30,True,True,3.7220207484624854,4.057111700598753,0.33509095213626766,,,,True,suppressed,1.0,,3.4151720242715746,4.028869472653397,0.009429584842461002,0.09710604946377441,0.00754781846173128,0.009502038990038228,0.08687818173587245,0.09747840268509855,False,False,session_recorded,1.0,clean,1.0,-0.4296127655594302,3.7248011055259407,429.0
2025-12-01,True,True,3.7593663376523176,4.066273413815529,0.30690707616321133,,,,True,suppressed,1.0,,3.4559499360814927,4.062782739223143,0.009219811362180995,0.09601984879274178,0.007508209873042112,0.009436832208611037,0.0866499271381235,0.09714335905562993,False,False,session_recorded,1.0,clean,1.0,0.09338283675482995,3.797176175776499,370.0
2025-12-02,True,True,3.7395284446702375,4.04946410163322,0.3099356569629823,,,,True,suppressed,1.0,,3.4377975578752205,4.0412593314652545,0.009117661547235928,0.09548644692958225,0.0074834421403932394,0.009411909795853081,0.08650689071047023,0.09701499778824448,False,False,session_recorded,1.0,clean,1.0,-0.1755307022675634,3.7468001351725246,365.0
2025-12-03,True,True,3.7121041748511043,4.032009385536283,0.3199052106851791,,,,True,suppressed,1.0,,3.4112165104244805,4.012991839277728,0.009066772005005008,0.0952195988492128,0.00746705384834601,0.009403397489026974,0.08641211632835993,0.09697111677724958,False,False,session_recorded,1.0,clean,1.0,-0.19309883571968278,3.7193635295267944,340.0
2025-12-04,True,True,3.767652531127702,4.035131985537899,0.2674794544101973,,,,True,suppressed,1.0,,3.467196627576474,4.06810843467893,0.009040769817588192,0.0950829628145242,0.0074556275901029945,0.009401144069214084,0.08634597610834563,0.09695949705528636,False,False,session_recorded,1.0,clean,1.0,0.06288560670180043,3.6907128978925736,322.0
2025-12-05,True,True,3.7610438256091876,4.027860376720724,0.2668165511115367,,,,True,suppressed,1.1,,3.460815448715876,4.061272202502499,0.009027082369563021,0.09501095920767784,0.007447274066403988,0.009400959564753423,0.08629759015409404,0.09695854559941286,False,False,session_recorded,1.0,clean,1.0,-0.08172807523793812,3.6927662469721896,296.0
2025-12-06,True,True,3.7789414000132955,4.023353192810228,0.2444117927969331,,,,True,suppressed,1.0,,3.4788371591303613,4.07904564089623,0.00901961902224813,0.09497167484175548,0.007440907151008363,0.009401220373138735,0.08626069296619615,0.09695989053798862,False,False,session_recorded,1.0,clean,1.0,-0.0334559556680194,3.6659034210316603,267.0
2025-12-07,True,True,3.734739943339765,4.017388828809891,0.28264888547012645,,,,True,suppressed,1.0,,3.4347062336752976,4.034773653004232,0.00901537989546073,0.09494935437095257,0.007435879552623822,0.009401376432166063,0.08623154615698261,0.09696069529539308,False,False,session_recorded,1.0,clean,1.0,-0.10873153458995688,3.7024359805423015,270.0
2025-12-08,True,True,3.751269146812043,4.028352966379425,0.2770838195673822,,,,True,suppressed,1.0,,3.451277382136975,4.051260911487112,0.009012859354807442,0.09493608036361856,0.007431792184071724,0.00940130193758056,0.0862078429382833,0.0969603111462652,False,False,session_recorded,1.0,clean,1.0,0.09226347048197914,3.7012258893539216,290.0
2025-12-09,True,True,3.7285048712244113,4.016933996491843,0.28842912526743125,,,,True,suppressed,1.0,,3.428539308901674,4.028470433547149,0.00901128499290368,0.09492778830723742,0.007428390828886249,0.009401020433490977,0.08618811303704385,0.09695885948942973,False,False,session_recorded,1.0,clean,1.0,-0.13691295645789836,3.703839585524144,303.0
2025-12-10,True,True,3.7175324079568526,3.999997436582916,0.2824650286260636,,,,True,suppressed,1.0,,3.417584064987355,4.01748075092635,0.009010250447174118,0.09492233903130558,0.007425508294839094,0.009400594109594032,0.08617138907339891,0.09695666098620574,False,False,session_recorded,1.0,clean,1.0,-0.1747476691096046,3.7065980948080073,280.0
2025-12-11,True,True,3.6493456553787342,3.96585694630972,0.3165112909309858,,,,True,suppressed,1.0,,3.349409207407642,3.9492821033498267,0.009009535825526332,0.09491857471288921,0.00742303106462288,0.009400083364296307,0.08615701401872561,0.09695402706590535,False,False,session_recorded,1.0,clean,1.0,-0.3831621778782184,3.640541609158173,306.0
2025-12-12,True,True,3.6026305603258866,3.947681572718614,0.34505101239272773,,,,True,suppressed,1.0,,3.2965626921988114,3.908698428452962,0.009381653864069405,0.09685893796686708,0.007502924628647764,0.009797429468255327,0.08661942408402265,0.09898196536872425,False,False,rest_day_no_session,1.15,clean,1.0,-0.23138821487015893,3.601722592827509,
2025-12-13,True,True,3.6162248053958392,3.931950346170509,0.31572554077467013,,,,True,suppressed,1.2,,3.3135833387674887,3.91886627202419,0.009172776132783401,0.09577461110745061,0.007494616621046477,0.009623442265239071,0.08657145384621005,0.09809914507904272,False,False,session_recorded,1.0,clean,1.0,-0.15654197192069574,3.5650023885012567,307.0
2025-12-14,True,True,3.6164603213069992,3.9203665187028296,0.3039061973958302,,,,True,suppressed,1.2,,3.3092550495813677,3.9236655930326307,0.009451511272539482,0.09721888331255138,0.0075707785047627344,0.009929840354916087,0.08701022069138047,0.0996485843096433,False,False,rest_day_no_session,1.15,clean,1.0,-0.13154770378026726,3.545798865799612,
2025-12-15,True,True,3.651119397587892,3.9153524982211976,0.26423310063330574,,,,True,suppressed,1.0,,3.3479706322608846,3.9542681629148992,0.009203553392055287,0.09593515201455245,0.007558858556013831,0.009708389534497866,0.08694169630283177,0.09853116022100758,False,False,session_recorded,1.0,clean,1.0,-0.04107532903217015,3.5168253672129763,177.0
2025-12-16,True,True,3.640067472084282,3.909692703167254,0.2696252310829717,,,,True,suppressed,1.0,,3.3387090861751014,3.9414258579934627,0.009095163084643972,0.09536856444680276,0.0075489844647837374,0.009592024513367011,0.08688489203989229,0.0979388815198898,False,False,session_recorded,1.0,clean,1.0,-0.0894103198528362,3.509453979579144,175.0
2025-12-17,True,True,3.6524511690058126,3.9118726154263386,0.25942144642052595,,,,True,suppressed,1.0,,3.310023539547676,3.994878798463949,0.011743066688913922,0.10836543124499584,0.0079492134523448,0.010530237710907666,0.08915836165130447,0.10261694650937371,True,False,session_recorded,1.0,suppressed,2.5,,3.49725018176917,199.0
2025-12-18,True,True,3.5153567243884023,3.86634971285934,0.3509929884709376,,,,True,suppressed,1.0,,3.1949636672168045,3.83574978156,0.01028040257004906,0.10139232007429883,0.007766787975090017,0.009889001614753867,0.08812938201922227,0.09944345938649694,False,False,session_recorded,1.0,clean,1.0,-0.48636342228537677,3.468973446287501,242.0
2025-12-19,True,True,3.5392793720866598,3.8596091377783686,0.32032976569170896,,,,True,suppressed,1.0,,3.229290690812253,3.8492680533610666,0.009623556529302829,0.09809972746803546,0.007667178019994408,0.009620776504580493,0.08756242356167632,0.09808555706412893,False,False,session_recorded,1.0,clean,1.0,-0.07620116686893397,3.476885300593736,199.0
2025-12-20,True,True,3.4937942138775697,3.843543619216481,0.34974940533891125,,,,True,suppressed,1.0,,3.188796530092874,3.7987918976622654,0.009316161551967714,0.09652026498082003,0.007607295461059707,0.009506841431560421,0.087219811173034,0.09750303293518833,False,False,session_recorded,1.0,clean,1.0,-0.22072502051891885,3.4524736809768073,263.0
2025-12-21,True,True,3.4944061581855044,3.838883395368795,0.34447723718329065,,,,True,suppressed,1.25,,3.1630786473113486,3.82573366905966,0.010994080794732653,0.10485266231590237,0.00785588336665969,0.010122601541505044,0.08863342127357879,0.10061114024552671,False,False,session_recorded,1.0,degraded,3.5,-0.2629113593124002,3.4147587429108848,289.0
2025-12-22,True,True,3.368882247392773,3.7850923050021206,0.41621005760934754,,,,True,suppressed,1.0,,3.053635443356325,3.6841290514292213,0.009952800831908143,0.09976372503023402,0.007709772444205401,0.009703347187479696,0.08780530988616464,0.0985055693221439,False,False,session_recorded,1.0,clean,1.0,-0.572274143564675,3.317818017934332,340.0
2025-12-23,True,True,3.3810696973877787,3.7712980071074154,0.3902283097196367,,,,True,suppressed,1.0,,3.0676891687335135,3.694450226042044,0.009835307582155626,0.0991731192519204,0.0077085586976595455,0.009924070425737392,0.0877983980358386,0.09961962871712277,False,False,rest_day_no_session,1.15,clean,1.0,-0.16315517221731213,3.2731506527750605,
2025-12-24,True,True,3.5175094312823356,3.802383506228331,0.2848740749459957,,,,True,suppressed,1.0,,3.2111059626042646,3.8239128999604066,0.009402238934754729,0.09696514288523855,0.007651650570147213,0.00968207425261334,0.08747371359526937,0.09839753174045242,False,False,session_recorded,1.0,clean,1.0,0.32298565005434865,3.3111791024187367,269.0
2025-12-25,True,True,3.570511380428074,3.8088379301897173,0.23832654976164325,,,,True,suppressed,1.15,,3.2613819221246274,3.879640838731521,0.009570281544269404,0.09782781580036122,0.007695989259481797,0.009962404713561525,0.08772678758213934,0.09981184655922125,False,False,rest_day_no_session,1.15,clean,1.0,0.05901014582341002,3.3768093968904656,
2025-12-26,True,True,3.611525494641068,3.8110272115034407,0.1995017168623726,,,,True,suppressed,1.25,,3.3013403255464393,3.9217106637356967,0.009635760271189016,0.09816190845327435,0.007744144577221644,0.010126131792571944,0.08800082145765256,0.10062868275284112,False,False,rest_day_no_session,1.15,clean,1.0,0.020185590081508664,3.397538557451003,
2025-12-27,True,True,3.55429635951508,3.7798431496079057,0.22554679009282597,,,,True,suppressed,1.0,,3.236192563403561,3.8724001556265986,0.010134017086751324,0.10066785528037897,0.007903043486814868,0.010740471971571746,0.08889906347546564,0.10363624834763051,False,False,calendar_gap_no_session,1.35,clean,1.0,-0.34030536872008676,3.3941428854399978,
2025-12-28,True,True,3.5519608887069203,3.7666646413729814,0.21470375266606126,,,,True,suppressed,1.0,,3.243845676242312,3.8600761011715288,0.009507584868882943,0.097506845241157,0.00786208824219081,0.010189826092394941,0.08866841738855391,0.10094466846938942,False,False,session_recorded,1.0,clean,1.0,-0.15319300307743644,3.4203236878156678,74.0
2025-12-29,True,True,3.5129144863418724,3.7610058559428023,0.24809136960092976,,,,True,suppressed,1.0,,3.2032496069763337,3.822579365707411,0.009603462257018133,0.09799725637495232,0.007910295606779975,0.010297253992330618,0.08893984262848667,0.10147538614033759,False,False,rest_day_no_session,1.15,clean,1.0,-0.12834913271395543,3.4881489735305946,
2025-12-30,True,True,3.446421478217319,3.721503562195163,0.27508208397784417,,,,True,suppressed,1.0,,3.1420182513408452,3.750824705093793,0.009279881541321228,0.0963321417872624,0.007871800802801313,0.00996700241880618,0.08872316948126523,0.09983487576396427,False,False,session_recorded,1.0,clean,1.0,-0.44515336426539154,3.4663514793071157,71.0
2025-12-31,True,True,3.4145166254646115,3.742153689146914,0.3276370636823021,,,,True,suppressed,1.15,,3.1124165201202345,3.7166167308089886,0.00913998918820383,0.09560329067664894,0.007835835588884708,0.009786146917720794,0.08852025524638249,0.09892495599049207,False,False,session_recorded,1.0,clean,1.0,0.08037824106113511,3.42531995854265,217.0
2026-01-01,True,True,3.1975278264568785,3.665258959124891,0.4677311326680127,,,,True,suppressed,1.0,,2.890329578845651,3.504726074068106,0.009451079068123694,0.0972166604452328,0.007882480225913025,0.010079241588995175,0.08878333304124725,0.10039542613583138,False,False,rest_day_no_session,1.15,clean,1.0,-0.9157098153565841,3.2661892626239286,
2026-01-02,True,True,3.349813941191963,3.697956566454117,0.3481426252621537,3.589210310706392,0.12396026001837734,0.3520799057293349,False,degraded,1.6,0.3190363959295919,3.0517529342262675,3.647874948157659,0.008897218521208939,0.09432506836047848,0.00782458444006002,0.009971539648812677,0.08845668114992795,0.09985759685077884,False,False,rest_day_no_session,1.15,clean,1.0,0.22191562058297754,3.251172323830183,
2026-01-03,True,True,3.404031289291068,3.6999525207638984,0.29592123147283067,,,,True,suppressed,1.55,,3.0430624201065255,3.76500015847561,0.013049186148097911,0.11423303439941491,0.008435357438357233,0.012064437396267159,0.09184420198552129,0.10983823285298776,True,False,calendar_gap_no_session,1.35,suppressed,1.0,,3.2427934981211504,
2026-01-04,True,True,2.9502197389494316,3.5213392890912285,0.5711195501417968,3.5077485289838553,0.12396026001837734,0.3520799057293349,False,degraded,1.8,0.05736303997672776,2.625206341674221,3.2752331362246423,0.010579044771295927,0.10285448347688071,0.008273559844280517,0.011213712617506097,0.0909591108371257,0.10589481865278441,False,False,calendar_gap_no_session,1.35,clean,1.0,-1.8893287023153442,2.931467511029572,
2026-01-05,True,True,3.0453745761523403,3.5277163790322126,0.4823418028798723,3.6114481383322445,0.12396026001837734,0.3520799057293349,False,degraded,1.7,0.5709152533913189,2.7340076801265543,3.3567414721781264,0.009709319738465911,0.09853588046222508,0.008274061607943249,0.011037314043749807,0.09096186897784835,0.10505862193913361,False,False,calendar_gap_no_session,1.35,clean,1.0,-0.22127771860842982,2.8419269646373544,
2026-01-06,True,True,3.1207455474991983,3.5317228193287855,0.410977271829587,3.4972083222875026,0.12396026001837734,0.3520799057293349,False,degraded,1.8,0.3749329185820707,2.7848172516791942,3.4566738433192024,0.011301526353634666,0.10630863724850707,0.008573377204797047,0.011850568183688692,0.0925925332021813,0.10886031500821909,False,False,calendar_gap_no_session,1.35,degraded,3.5,-0.4733683806462028,2.771945878360531,
2026-01-07,True,True,3.292515938541574,3.5739746872300273,0.2814587486884531,3.6172297028392837,0.12396026001837734,0.3520799057293349,False,degraded,1.35,0.4303481040489854,2.9770471428644654,3.607984734218683,0.00996682296620285,0.09983397701285295,0.008525530884693398,0.011366427375886428,0.09233380142013757,0.10661344838192989,False,False,calendar_gap_no_session,1.35,clean,1.0,0.23473775027719057,2.770555787262022,
2026-01-08,True,True,3.2715747586525006,3.5522016566012624,0.28062689794876167,3.5250844644859916,0.12396026001837734,0.3520799057293349,False,clean,1.2,0.1864940311430061,2.975719637046055,3.5674298802589464,0.008766013037680738,0.09362698883164372,0.008365338551966995,0.010426602376744499,0.0914622247267526,0.10211073585448543,False,False,session_recorded,1.0,clean,1.0,-0.3777543981817577,2.849973870951225,
2026-01-09,True,True,3.358418941246454,3.574441593425388,0.21602265217893418,3.5966532577947454,0.12396026001837734,0.3520799057293349,False,degraded,1.35,0.28264218649235584,3.0705949446207006,3.6462429378722074,0.008296557496850529,0.09108544064146876,0.008242450537729911,0.009971069927031381,0.09078794268915841,0.09985524486491124,False,False,session_recorded,1.0,clean,1.0,0.09720166755545057,2.835558882703143,6.0
2026-01-10,True,True,3.4838084896102313,3.618479297865287,0.13467080825505545,3.5539171392727757,0.12396026001837734,0.3520799057293349,False,clean,1.0,0.17012612129426907,3.193505756326787,3.7741112228936755,0.008440072520772139,0.09186986731661333,0.008215881489904184,0.010102702643169204,0.09064149982157281,0.10051220146414665,False,False,rest_day_no_session,1.15,clean,1.0,0.3984458375832185,2.9729039760589733,
2026-01-11,True,True,3.5040593507277875,3.6204203705865896,0.11636101985880229,3.626544413886297,0.12396026001837734,0.3520799057293349,False,clean,1.0,0.11934718969919311,3.2185747827235356,3.7895439187320394,0.008162237040933249,0.09034509970625551,0.00811257609972894,0.009787209174718252,0.09006984012270111,0.09893032484894736,False,False,session_recorded,1.0,clean,1.0,-0.06303585917433585,3.242378817539038,23.0
2026-01-12,True,True,3.5042631867269867,3.6227996921956542,0.11853650546866774,3.4330314489325744,0.12396026001837734,0.3520799057293349,False,clean,1.0,-0.07756105202182795,3.1864471547749806,3.8220792186789927,0.01011569044047748,0.10057678877592721,0.00835130741226708,0.010349033439065333,0.0913854879741148,0.10173019924813542,True,False,session_recorded,1.0,suppressed,4.0,,3.659804053246943,45.0
2026-01-13,True,True,3.437447731398372,3.5915923230300972,0.15414459163172523,3.5956618174592783,0.12396026001837734,0.3520799057293349,False,clean,1.0,0.07305484748833324,3.139767081012118,3.7351283817846257,0.008874525473248907,0.09420469984692327,0.0081079842519704,0.00976054926397816,0.09004434603000012,0.09879549212377133,False,False,session_recorded,1.0,clean,1.0,-0.4083931582632374,3.721921802925063,49.0
2026-01-14,True,True,3.3343858970515625,3.551559983247707,0.21717408619614445,3.4628885115397376,0.12396026001837734,0.3520799057293349,False,clean,1.0,0.01600767343546483,3.0453628426349124,3.6234089514682126,0.008365827422359057,0.09146489721395339,0.007953663936450616,0.00950995782473771,0.0891833164692288,0.0975190126320899,False,False,session_recorded,1.0,clean,1.0,-0.536729119321234,3.6424359047941723,76.0
2026-01-15,True,True,3.232996764942838,3.517784803246766,0.2847880383039279,3.4433081209864485,0.12396026001837734,0.3520799057293349,False,clean,1.0,0.10607420794758671,2.9477808005104036,3.5182127293752723,0.008146885075290182,0.09026009680523382,0.007841981975155598,0.009391290661961262,0.0885549658413101,0.09690867175831717,False,False,session_recorded,1.0,clean,1.0,-0.547076098705749,3.6168859929578576,129.0
2026-01-16,True,True,3.2212209273266055,3.5023827035065604,0.281161776179955,3.473610223442448,0.12396026001837734,0.3520799057293349,False,clean,1.0,0.2002367219961294,2.9377284259203615,3.5047134287328494,0.008048724839565018,0.08971468575191588,0.007754055208107769,0.009326883801293095,0.08805711333054116,0.09657579303993882,False,False,session_recorded,1.0,clean,1.0,-0.3355501646672243,3.5481700911949323,134.0
2026-01-17,True,True,3.1484571703885913,3.4669368188561247,0.3184796484675335,3.4743374807409966,0.12396026001837734,0.3520799057293349,False,clean,1.0,0.21753272473340246,2.8599277764150983,3.4369865643620843,0.008337273637261337,0.09130867230039727,0.007762151859023038,0.009664084228752916,0.08810307519617597,0.09830607422104148,False,False,rest_day_no_session,1.15,clean,1.0,-0.6002195623006896,3.3879078078442775,
2026-01-18,True,True,3.200026802947913,3.471747632244,0.2717208292960869,3.4521188787642347,0.12396026001837734,0.3520799057293349,False,clean,1.0,0.2504285105817621,2.915434108683842,3.484619497211984,0.008111317905047086,0.09006285530143426,0.007694774513346093,0.009463210195588483,0.08771986384705628,0.09727903266166087,False,False,session_recorded,1.0,clean,1.0,-0.10838335900826923,3.3393172757519802,135.0
2026-01-19,True,True,3.159421465392517,3.452996138492039,0.2935746730995218,3.473407140272287,0.12396026001837734,0.3520799057293349,False,clean,1.0,0.2464331246070275,2.876472306350446,3.442370624434588,0.008017901997294845,0.08954273838394068,0.007637520802252268,0.009355148532321712,0.0873929104804976,0.09672201679205057,False,False,session_recorded,1.0,clean,1.0,-0.43064098718821686,2.913000798126558,143.0
2026-01-20,True,True,3.2302148274299793,3.48586177843391,0.25564695100393076,3.605168619128854,0.12396026001837734,0.3520799057293349,False,clean,1.1,0.43252059204219595,2.9250510269147485,3.53537862794521,0.009326312394560136,0.09657283466151409,0.00779489185795904,0.009786987201601443,0.08828868476740968,0.09892920297668148,False,False,session_recorded,1.0,degraded,3.5,0.33544955757104145,2.973291414116489,196.0
2026-01-21,True,True,3.1953029661494385,3.481133427751695,0.28583046160225667,3.5261266756139995,0.12396026001837734,0.3520799057293349,False,clean,1.15,0.2920674294033456,2.897926836605074,3.492679095693803,0.008856377866564773,0.09410833048441979,0.00773361127270168,0.009795916133877376,0.08794095333063931,0.09897432057800334,False,False,rest_day_no_session,1.15,clean,1.0,-0.29238824455538026,2.98144265735852,
2026-01-22,True,True,3.302686246261585,3.5094690068169383,0.20678276055535325,3.534300498946612,0.12396026001837734,0.3520799057293349,False,clean,1.1,0.2908746621665168,3.0142837086853675,3.5910887838378023,0.008329944027067635,0.09126852703461164,0.007640467939040515,0.009479881446516373,0.08740977027220993,0.09736468274747458,False,False,session_recorded,1.0,clean,1.0,0.16322496663077057,3.071797993962473,178.0
2026-01-23,True,True,3.3185214274289967,3.533901673505088,0.21538024607609133,3.608251840243282,0.12396026001837734,0.3520799057293349,False,degraded,1.35,0.32284491219405487,3.010408224190341,3.6266346306676525,0.009507460870954852,0.09750620939691407,0.007789485198553105,0.00984969074575346,0.08825806024694348,0.09924560819378085,False,False,session_recorded,1.0,degraded,3.5,0.09466695372503109,3.136442042101968,250.0
2026-01-24,True,True,3.3697497441950235,3.55339728513425,0.18364754093922625,3.7500425457407185,0.12396026001837734,0.3520799057293349,False,clean,1.15,0.4126773036962912,3.0765269598736875,3.6629725285163595,0.008610717778403566,0.09279395335043963,0.007639003436237652,0.009443554542449044,0.0874013926447265,0.09717795296490374,False,False,session_recorded,1.0,clean,1.0,-0.019644823010270596,3.2334786109075333,260.0
2026-01-25,True,True,3.328552464660869,3.5360828638092445,0.20753039914837534,3.596156150364489,0.12396026001837734,0.3520799057293349,False,clean,1.15,0.20877493149900195,3.0417641165185434,3.6153408128031947,0.00823695955609988,0.09075769695237909,0.007548212197211654,0.009277579394182027,0.08688044772681397,0.0963201920377136,False,False,session_recorded,1.0,clean,1.0,-0.36558894509909967,3.2228201241314354,282.0
2026-01-26,True,True,3.401559853360309,3.5841205485817103,0.1825606952214016,3.6570702124240704,0.12396026001837734,0.3520799057293349,False,clean,1.25,0.34864412804149003,3.1176034605302765,3.6855162461903412,0.008075087365875595,0.0898614898934777,0.0074860566941702495,0.009205098311236245,0.08652200121454802,0.09594320356980084,False,False,session_recorded,1.0,clean,1.0,0.3153397576905195,3.3422465657485376,339.0
2026-01-27,True,True,3.3882416033616845,3.5912628979743038,0.20302129461261942,3.4636096467884583,0.12396026001837734,0.3520799057293349,False,clean,1.0,0.07128219456707185,3.1055619252622413,3.6709212814611276,0.008002636761074244,0.08945745782814446,0.007439377192585708,0.009169935055056786,0.08625182428555182,0.09575977785613742,False,False,session_recorded,1.0,clean,1.0,-0.04858303748632764,3.3146066849509177,345.0
2026-01-28,True,True,3.4100699254271594,3.602951644509713,0.19288171908255367,3.5350853276398504,0.12396026001837734,0.3520799057293349,False,clean,1.0,0.1377541707492944,3.1279872221951517,3.692152628659167,0.007968871840138022,0.0892685377954519,0.007402038202679253,0.009149850142674122,0.08603509866722565,0.09565484902854701,False,False,session_recorded,1.0,clean,1.0,0.008117311740023059,3.37860171704675,322.0
2026-01-29,True,True,3.45075629235601,3.6323134988206567,0.1815572064646469,3.6151772027002296,0.12396026001837734,0.3520799057293349,False,clean,1.0,0.21691399127173927,3.168968604380046,3.7325439803319735,0.007952212120285409,0.08917517659239822,0.0073709372517229525,0.009136019439379821,0.08585416269303983,0.09558252685182486,False,False,session_recorded,1.0,clean,1.0,0.17387128025219756,3.40119213720547,391.0
2026-01-30,True,True,3.427733623557116,3.63630823346571,0.20857460990859372,3.6471596721235877,0.12396026001837734,0.3520799057293349,False,clean,1.0,0.2084291984735973,3.1461035952187797,3.7093636518954525,0.007943316116652825,0.08912528326267931,0.007344371970369245,0.00912499262672617,0.0856993113762838,0.09552482727922709,False,False,session_recorded,1.0,clean,1.0,-0.1376227235383336,3.3885015039595565,374.0
2026-01-31,True,True,3.4221677025955635,3.6444734300708537,0.22230572747529023,3.566170464395173,0.12396026001837734,0.3520799057293349,False,clean,1.15,0.14454997004715997,3.1347198895390425,3.7096155156520845,0.008274884605994631,0.09096639272827428,0.00740248451978014,0.009491937366941412,0.08603769243639754,0.09742657423383731,False,False,rest_day_no_session,1.15,clean,1.0,-0.055587971774128775,3.3919086314604923,
2026-02-01,True,True,3.4840051312106683,3.657035973112114,0.1730308419014456,3.7076238690733847,0.12396026001837734,0.3520799057293349,False,clean,1.0,0.2493121060009975,3.1768303454710245,3.791179916950312,0.009449635495202348,0.09720923564766029,0.007576190104207198,0.009843467879015825,0.08704131262916018,0.0992142523986137,False,False,session_recorded,1.0,degraded,3.5,0.07728102883921828,3.465718222562905,387.0
2026-02-02,True,True,3.5051174645315823,3.6731243437087593,0.16800687917717685,3.637301259720287,0.12396026001837734,0.3520799057293349,False,clean,1.0,0.15673173901448978,3.2125534823418,3.7976814467213647,0.008572068758910197,0.09258546732025603,0.007462349285723441,0.009414614537379132,0.08638489037860406,0.09702893659820833,False,False,session_recorded,1.0,clean,1.0,0.04921958821320249,3.45019136654776,350.0
2026-02-03,True,True,3.498948865879731,3.689979009948694,0.19103014406896285,,,,True,suppressed,1.0,,3.2026628854724475,3.7952348462870145,0.008791563814268167,0.0937633393937533,0.00748565237170379,0.009456965339314179,0.08651966465320927,0.09724692971664545,False,False,session_recorded,1.0,clean,1.0,0.08980679268087588,3.481507910522596,371.0
2026-02-04,True,True,3.529957640741066,3.7155579450429497,0.18560030430188384,3.564865653518996,0.12396026001837734,0.3520799057293349,False,clean,1.0,0.0805866483715576,3.2419916667471345,3.8179236147349975,0.008304744541254447,0.09113037112430986,0.007404092277421104,0.00924253510903304,0.08604703526223959,0.09613810435531293,False,False,session_recorded,1.0,clean,1.0,0.1844230894832366,3.5185071220779824,403.0
2026-02-05,True,True,3.473335210374672,3.71107052262742,0.23773531225274785,3.6159941646155955,0.12396026001837734,0.3520799057293349,False,clean,1.0,0.10958454459829792,3.188989524435924,3.75768089631342,0.008097243801180633,0.08998468648153769,0.0073544007632086,0.009155214912380657,0.0857578029289965,0.09568288724939615,False,False,session_recorded,1.0,clean,1.0,-0.204942089760058,3.4786372069454687,417.0
2026-02-06,True,True,3.5100702652032654,3.7263715341154167,0.21630126891215146,3.616539283392287,0.12396026001837734,0.3520799057293349,False,clean,1.0,0.13262453121252094,3.2273264709040737,3.792814059502457,0.008006267420695504,0.08947774818744325,0.007320572598453995,0.009117999641521329,0.08556034477755449,0.09548821729156602,False,False,session_recorded,1.0,clean,1.0,0.07588755461186825,3.514739717405657,393.0
2026-02-07,True,True,3.441401036874564,3.7160704857966107,0.274669448922047,3.5860124594865614,0.12396026001837734,0.3520799057293349,False,clean,1.15,0.09632727415161124,3.1593831155394154,3.723418958209712,0.007965212066964066,0.08924803676812205,0.007295445254726513,0.00910059355697679,0.08541337866357068,0.09539703117485779,False,False,session_recorded,1.0,clean,1.0,-0.2774429438864532,3.492133163700572,415.0
2026-02-08,True,True,3.436004592746287,3.7200750666784312,0.2840704739321444,3.6268543162707,0.12396026001837734,0.3520799057293349,False,clean,1.0,0.18348861653818505,3.154327609979706,3.7176815755128674,0.007945965017131434,0.089140142568494,0.007275570014380309,0.009090969368132504,0.08529695196418398,0.09534657502046157,False,False,session_recorded,1.0,clean,1.0,-0.10963204477120048,3.462485808744738,479.0
2026-02-09,True,True,3.5149959162072046,3.7524049095500884,0.2374089933428838,3.6885725683830746,0.12396026001837734,0.3520799057293349,False,degraded,1.3,0.24221322774054865,3.2334878133070797,3.7965040191073296,0.007936439842410896,0.08908669845948325,0.007259169041398847,0.009084414476201787,0.08520075728183904,0.09531219479270103,False,False,session_recorded,1.0,clean,1.0,0.24456820690165237,3.486300761597719,482.0
2026-02-10,True,True,3.494119524945354,3.7408717897218677,0.2467522647765137,3.5770837542364706,0.12396026001837734,0.3520799057293349,False,clean,1.25,0.04385725986449174,3.2127014843770985,3.775537565513609,0.007931362475660717,0.08905819712783723,0.007245258181914262,0.009079138860635421,0.08511908236062148,0.09528451532455534,False,False,session_recorded,1.0,clean,1.0,-0.21189992033108274,3.451458685192492,427.0
2026-02-11,True,True,3.486306808072163,3.7505519579180966,0.2642451498459339,3.6283085745258097,0.12396026001837734,0.3520799057293349,False,degraded,1.5,0.14702398390321347,3.204941431818863,3.7676721843254626,0.007928394217573012,0.0890415308582069,0.007233250233814653,0.009074496861654695,0.08504851694071246,0.09526015358823801,False,False,session_recorded,1.0,clean,1.0,-0.03356147991892611,3.420594641069464,436.0
2026-02-12,True,True,3.451356637630403,3.750355254902953,0.2989986172725499,3.4523781159086813,0.12396026001837734,0.3520799057293349,False,clean,1.0,-0.020372488078193474,3.1700252876978268,3.732687987562979,0.007926476726687772,0.08903076281088336,0.007222767457526467,0.009070273038032187,0.08498686638255623,0.09523798106864817,False,False,session_recorded,1.0,clean,1.0,-0.09832277330772676,3.4294977891406515,438.0
2026-02-13,True,True,3.473492206220843,3.7466272217273127,0.2731350155064697,3.6164596062708783,0.12396026001837734,0.3520799057293349,False,clean,1.15,0.1273632020665434,3.192184970315564,3.7547994421261217,0.00792511796532293,0.08902313163062132,0.0072135490932576755,0.009066401925217498,0.08493261501483206,0.09521765553308639,False,False,session_recorded,1.0,clean,1.0,-0.12835060319426228,3.4009815289653096,409.0
2026-02-14,True,True,3.4813401155050063,3.7503767685547715,0.2690366530497654,3.6057030318578165,0.12396026001837734,0.3520799057293349,False,clean,1.15,0.12069467883031937,3.1941280429663523,3.7685521880436603,0.008261317442960386,0.09089178974451095,0.007286636833472136,0.009438634845595031,0.08536179961476993,0.09715263684324286,False,False,rest_day_no_session,1.15,clean,1.0,-0.0660800701433204,3.430853691758013,
2026-02-15,True,True,3.5107681622713547,3.747168038896975,0.23639987662562018,3.6061343649497717,0.12396026001837734,0.3520799057293349,False,clean,1.0,0.0832291002090293,3.2213150972856948,3.8002212272570146,0.008390739416537635,0.09160097934267752,0.007354986620853239,0.009636609806482907,0.08576121862971187,0.0981662355725374,False,False,rest_day_no_session,1.15,clean,1.0,-0.09067361974096144,3.4438429145827176,
2026-02-16,True,True,3.5711204314757934,3.7566394070446956,0.18551897556890212,3.675685942840156,0.12396026001837734,0.3520799057293349,False,clean,1.0,0.12820001685181914,3.246354269337901,3.8958865936136857,0.010562956100434399,0.10277624287954099,0.0077335861084812975,0.01095475474200862,0.08794081025599718,0.10466496425265057,False,False,calendar_gap_no_session,1.35,degraded,3.5,0.15424638055527673,3.4443028347921336,
2026-02-17,True,True,3.595953383655588,3.7562418861107614,0.16028850245517356,3.6367006202848087,0.12396026001837734,0.3520799057293349,False,clean,1.15,0.036636630772756806,3.2686232672722193,3.9232835000389565,0.010730398685826877,0.10358763770753186,0.00784240893873766,0.01067246870075356,0.08855737653486388,0.10330764105695939,False,False,session_recorded,1.0,degraded,3.5,-0.09710248192957671,3.4702401272171643,226.0
2026-02-18,True,True,3.578016531837305,3.7610167654236175,0.1830002335863122,3.626421324495294,0.12396026001837734,0.3520799057293349,False,clean,1.0,0.044982990956497826,3.2769863392902323,3.879046724384378,0.009075363756640545,0.09526470362437782,0.007657528090199184,0.00980108055020066,0.08750730306779649,0.09900040681835938,False,False,session_recorded,1.0,clean,1.0,-0.03345589043514252,3.483492581344685,208.0
2026-02-19,True,True,3.5585125520626297,3.773645675769567,0.2151331237069375,3.5546428735983375,0.12396026001837734,0.3520799057293349,False,clean,1.0,0.007006255397846051,3.2685646144709435,3.848460489654316,0.008419454929898321,0.09175758786006921,0.007558346925525325,0.009445857771243555,0.08693875387607833,0.09718980281512848,False,False,session_recorded,1.0,clean,1.0,0.048105316846674295,3.5154282346705656,215.0
2026-02-20,True,True,3.610104144235117,3.803450581637131,0.1933464374020143,3.6906735473157184,0.12396026001837734,0.3520799057293349,False,degraded,1.5,0.14127040902699806,3.3248910733402375,3.8953172151299964,0.008146719774596772,0.09025918110971744,0.007494958825307556,0.00928968040737161,0.08657343025032309,0.09638298816373982,False,False,session_recorded,1.0,clean,1.0,0.23717839424760356,3.5764777858097325,268.0
2026-02-21,True,True,3.607897932417084,3.794827848368835,0.18692991595175115,3.605810243124511,0.12396026001837734,0.3520799057293349,False,clean,1.0,-0.027309410802943912,3.324731696131153,3.8910641687030147,0.008030209308800653,0.08961143514530193,0.00744868584209741,0.009215454977037992,0.0863057694600854,0.09599716129676956,False,False,session_recorded,1.0,clean,1.0,-0.11294696546402516,3.5891702859997063,230.0
2026-02-22,True,True,3.6230490017767156,3.803638840472121,0.18058983869540557,3.7689661428842447,0.12396026001837734,0.3520799057293349,False,clean,1.0,0.1587258379933374,3.307004689977872,3.9390933135755595,0.010003221491763269,0.1000161061617741,0.0077187341640154485,0.009930820828361615,0.08785632682974771,0.09965350384387704,True,False,session_recorded,1.0,suppressed,1.0,,3.614133987158784,271.0
2026-02-23,True,True,3.672873127126842,3.83137293684658,0.15849980971973804,3.7209845011097693,0.12396026001837734,0.3520799057293349,False,degraded,1.7,0.10755630332923127,3.37109228931247,3.974653964941214,0.009120680622887156,0.09550225454347744,0.007625212500281244,0.009785237344183116,0.08732246274745831,0.09892035859307788,False,False,rest_day_no_session,1.15,clean,1.0,0.21250379129844976,3.634578138195101,
2026-02-24,True,True,3.7425995447608935,3.8491712426649896,0.10657169790409599,3.6972925358603304,0.12396026001837734,0.3520799057293349,False,clean,1.0,0.0006497285216329196,3.4523367539426744,4.032862335579113,0.008437750158130024,0.09185722703266207,0.007525717605322092,0.009425914284586542,0.0867508939741954,0.09708714788573482,False,False,session_recorded,1.0,clean,1.0,0.21451607363654235,3.702047289371219,329.0
2026-02-25,True,True,3.699947022836085,3.855800837096805,0.15585381426072006,3.666881427743721,0.12396026001837734,0.3520799057293349,False,clean,1.0,-0.03383160586940548,3.3908758618521175,4.009018183820053,0.00956667225283669,0.09780936689722866,0.007677910792777055,0.009797675085161295,0.08762368853670253,0.09898320607639104,False,False,session_recorded,1.0,degraded,3.5,0.02942258502870887,3.7312256181673913,357.0
2026-02-26,True,True,3.645264935680015,3.859048202586658,0.21378326690664348,3.5250131863344216,0.12396026001837734,0.3520799057293349,False,clean,1.0,-0.13202019889091288,3.313096204320174,3.977433667039856,0.011049978275648268,0.10511887687588879,0.007907574019352546,0.010279923089121958,0.08892454115345519,0.10138995556327046,True,False,session_recorded,1.0,suppressed,3.5,,3.7582013442805966,368.0
2026-02-27,True,True,3.6537947197531997,3.8588594777618894,0.20506475800868984,3.607717894961474,0.12396026001837734,0.3520799057293349,False,degraded,1.3,-0.05127411052233066,3.2995865786463234,4.008002860860076,0.012564956983959132,0.11209351892040473,0.008179254930832977,0.011033657866045574,0.09043923336048895,0.10504121984271496,True,False,rest_day_no_session,1.15,suppressed,3.5,,3.748180833434359,
2026-02-28,True,True,3.7094766672099393,3.868492757943174,0.15901609073323444,3.6181223638812052,0.12396026001837734,0.3520799057293349,False,degraded,1.6,-0.06601448021346323,3.39671382236963,4.022239512050248,0.009796574332205285,0.0989776456186208,0.007810280949659251,0.009835364985772739,0.08837579391246933,0.09917340866266894,False,False,session_recorded,1.0,clean,1.0,0.1299416005988463,3.8204772383456196,320.0
2026-03-01,True,True,3.6632058551834317,3.8586361969455156,0.19543034176208388,3.729965485046447,0.12396026001837734,0.3520799057293349,False,degraded,1.3,0.032398492789076805,3.3678745918671606,3.9585371184997027,0.008734997295827615,0.09346120743831429,0.007630571636765736,0.009402982919216223,0.08735314325635761,0.09696897915940036,False,False,session_recorded,1.0,clean,1.0,-0.16836135005398578,3.762809437881669,334.0
2026-03-02,True,True,3.7202814672876974,3.888779561494044,0.16849809420634676,3.7474750847059006,0.12396026001837734,0.3520799057293349,False,clean,1.0,0.09248891840574558,3.432513771528754,4.008049163046641,0.00829331205728085,0.09106762354031674,0.007527237384777555,0.009236835300092356,0.08675965297750766,0.0961084559239839,False,False,session_recorded,1.0,clean,1.0,0.2732146037481975,3.782771373419881,334.0
2026-03-03,True,True,3.745188047786205,3.8890748525282937,0.14388680474208862,3.770714681741438,0.12396026001837734,0.3520799057293349,False,degraded,1.3,0.027944890938605305,3.4179081496980994,4.07246794587431,0.010727106468172778,0.10357174551089104,0.007874243807329512,0.010424404787162281,0.0887369359811883,0.10209997447189828,True,False,rest_day_no_session,1.15,suppressed,3.5,,3.7506604302910187,
2026-03-04,True,True,3.6780494799481445,3.8539229630375256,0.17587348308938094,,,,True,suppressed,1.0,,3.3650854583630094,3.9910135015332795,0.00980918117994576,0.09904131047167015,0.007770217438566977,0.00992393363783785,0.08814883685317111,0.09961894216381667,False,False,session_recorded,1.0,clean,1.0,-0.3531686456807508,3.672010781299192,247.0
2026-03-05,True,True,3.569887152361778,3.8338972279153283,0.26401007555355044,,,,True,suppressed,1.0,,3.2636128336553187,3.876161471068237,0.009394314461957761,0.0969242717896697,0.0077070184249118075,0.009692331315475124,0.08778962595268194,0.09844963847305445,False,False,session_recorded,1.0,clean,1.0,-0.29467288027234995,3.6066914411393993,244.0
2026-03-06,True,True,3.467499794472749,3.802665407672909,0.33516561320015986,,,,True,suppressed,1.0,,3.1643753961169443,3.7706241928285538,0.009202073895959364,0.09592744078708325,0.007663633734884384,0.009580375571752427,0.08754218260292797,0.09787939298827117,False,False,session_recorded,1.0,clean,1.0,-0.40258778143301743,3.5320524887244424,291.0
2026-03-07,True,True,3.511798445649423,3.801221907409143,0.2894234617597202,,,,True,suppressed,1.0,,3.2101717973294797,3.813425093969366,0.009111362908223354,0.09545345938321646,0.007630821653434609,0.009523483370143125,0.08735457431316695,0.09758833624026554,False,False,session_recorded,1.0,clean,1.0,-0.022165841793815755,3.479988706204008,293.0
2026-03-08,True,True,3.528089733441045,3.819424021988927,0.29133428854788185,3.677370305726736,0.12396026001837734,0.3520799057293349,False,clean,1.0,0.17675136661789903,3.2376233744369354,3.8185560924451543,0.008449589497267004,0.09192164868662335,0.007507394357429611,0.00926693484549317,0.086645221203651,0.09626492011887389,False,False,session_recorded,1.0,clean,1.0,0.056643821770603786,3.486731724650457,324.0
2026-03-09,True,True,3.4626443427398543,3.802447311602054,0.33980296886219946,3.677973463345271,0.12396026001837734,0.3520799057293349,False,clean,1.0,0.1559296441452842,3.1770704682932687,3.74821821718644,0.008167344527980633,0.09037336182736942,0.007433274196473432,0.009168254586172745,0.08621643808737074,0.09575100305570039,False,False,session_recorded,1.0,clean,1.0,-0.34935589191245153,3.3616665275215944,344.0
2026-03-10,True,True,3.445410229143083,3.7971621488423772,0.351751919699294,3.6469591976101268,0.12396026001837734,0.3520799057293349,False,clean,1.15,0.1738758164083798,3.1620271662385613,3.728793292047605,0.008042511833122146,0.08968005259321689,0.007383750627221276,0.009129140012332112,0.08592875320415906,0.09554653323031721,False,False,session_recorded,1.0,clean,1.0,-0.20517044161933295,3.350297619144711,405.0
2026-03-11,True,True,3.4478496170038175,3.7992742602535383,0.35142464324972056,3.596625859359923,0.12396026001837734,0.3520799057293349,False,clean,1.15,0.13954497168798818,3.1654751274170563,3.730224106590579,0.007985366369130538,0.08936087717301425,0.007347757557858738,0.009112213420547112,0.08571906181158738,0.09545791439449697,False,False,session_recorded,1.0,clean,1.0,-0.10124994524214603,3.343779219847629,470.0
2026-03-12,True,True,3.4792031395206395,3.8122895865786974,0.3330864470580578,3.5868909284000767,0.12396026001837734,0.3520799057293349,False,degraded,1.3,0.12681142600601047,3.174495449226322,3.783910829814957,0.009298454257857924,0.09642849297722081,0.007521631614181256,0.00960529551443014,0.08672734063823966,0.09800660954461256,False,False,session_recorded,1.0,degraded,3.5,0.13246291974345636,3.3805403357737425,434.0
2026-03-13,True,True,3.528533854601088,3.821774744889031,0.293240890287943,3.6360179514132103,0.12396026001837734,0.3520799057293349,False,clean,1.0,0.125130885825949,3.23689885008956,3.820168859112616,0.00851771745008953,0.09229148091828156,0.007406704874492983,0.009278718083401903,0.08606221513819513,0.09632610281435611,False,False,session_recorded,1.0,clean,1.0,0.030924797085924105,3.4368147881743276,388.0
2026-03-14,True,True,3.535695845853106,3.8401144625617976,0.30441861670869164,3.546895678728255,0.12396026001837734,0.3520799057293349,False,clean,1.25,0.037597008950717825,3.2497317960861025,3.821659895620109,0.008189677615992312,0.09049683760216327,0.007342909416043137,0.00915323972116319,0.08569077789379169,0.09567256514363556,False,False,session_recorded,1.0,clean,1.0,0.11200898994263175,3.45534172294035,485.0
2026-03-15,True,True,3.5679292025774814,3.8624025959119033,0.2944733933344221,3.545086205872649,0.12396026001837734,0.3520799057293349,False,clean,1.15,0.017623981645073172,3.2844670022607008,3.851391402894262,0.008047004355979792,0.08970509659980191,0.007303340332161942,0.00910453259823955,0.08545958303292815,0.09541767445415734,False,False,session_recorded,1.0,clean,1.0,0.19126213292973127,3.476422495588048,483.0
2026-03-16,True,True,3.605218477996361,3.8800848672064068,0.2748663892100459,3.698649640502034,0.12396026001837734,0.3520799057293349,False,degraded,1.4,0.1273401650564745,3.3228830235024227,3.8875539324902992,0.007983158747806555,0.08934852403820981,0.00727636230828789,0.00908515899210317,0.0853015961649481,0.09531610038237595,False,False,session_recorded,1.0,clean,1.0,0.1167064917157079,3.549658655754294,468.0
2026-03-17,True,True,3.5875619901128473,3.8595415936684367,0.2719796035555894,3.678275042154539,0.12396026001837734,0.3520799057293349,False,degraded,1.3,0.03768257597817426,3.30574877424611,3.8693752059795847,0.00795365300934037,0.08918325520713162,0.007256498282577528,0.009076668081140968,0.08518508251200752,0.09527154916941871,False,False,session_recorded,1.0,clean,1.0,-0.2779389553751548,3.5616012331579228,412.0
2026-03-18,True,True,3.583310012907406,3.8726114246948726,0.28930141178746704,3.6471099870147605,0.12396026001837734,0.3520799057293349,False,clean,1.15,0.0793388774670083,3.301748867500713,3.8648711583140987,0.007939430934448021,0.08910348441249659,0.007240991453140503,0.009071991200058808,0.08509401537793655,0.09524700100296496,False,False,session_recorded,1.0,clean,1.0,0.04557767124390599,3.597688158904749,441.0
2026-03-19,True,True,3.6510582130781906,3.9066626025293796,0.25560438945118896,3.687256026091217,0.12396026001837734,0.3520799057293349,False,clean,1.15,0.11045466997952103,3.3696256801468794,3.9324907460095018,0.007932179389487324,0.08906278341421474,0.0072283656156423536,0.009068542422804648,0.0850197954340185,0.09522889489437882,False,False,session_recorded,1.0,clean,1.0,0.32517376415191723,3.6416997174582293,454.0
2026-03-20,True,True,3.6235026981319676,3.908680007879764,0.28517730974779637,3.687256026091217,0.12396026001837734,0.3520799057293349,False,clean,1.15,0.05403179082669496,3.342140642201123,3.904864754062812,0.007928207096681454,0.08904048010136431,0.00721778031467924,0.00906546178149309,0.08495752064814062,0.0952127185910217,False,False,session_recorded,1.0,clean,1.0,-0.06986743997617229,3.6438287551525996,511.0
2026-03-21,True,True,3.7020131438390353,3.9262014776562886,0.2241883338172534,3.6375258454595483,0.12396026001837734,0.3520799057293349,False,degraded,1.5,-0.018628551822985617,3.4050427641214727,3.998983523556598,0.008832226484517347,0.09397992596569411,0.007341720907672678,0.00940751112001988,0.08568384274571653,0.0969923250572945,False,False,session_recorded,1.0,degraded,2.0432503593354427,0.4319521347358397,3.7098534942085974,426.0
2026-03-22,True,True,3.6489569159439426,3.9343819062707985,0.2854249903268561,3.7295131168325453,0.12396026001837734,0.3520799057293349,False,degraded,1.4,0.07849944227917316,3.3362976486507345,3.9616161832371506,0.009790086751366878,0.09894486723103366,0.007492219908836618,0.00974394114419685,0.08655761034615396,0.09871140331388695,False,False,session_recorded,1.0,degraded,3.5,-0.12307075900297582,3.6833469508757704,472.0
2026-03-23,True,True,3.7033467213779057,3.9586289690656136,0.25528224768770813,3.7807511915105523,0.12396026001837734,0.3520799057293349,False,degraded,1.4,0.13085095280504966,3.4083314523147825,3.998361990441029,0.008716315004954386,0.09336120717382775,0.007353597299967483,0.009299445320613947,0.08575311831045844,0.0964336316883998,False,False,session_recorded,1.0,clean,1.0,0.18836206018214963,3.7050291677405354,472.0
2026-03-24,True,True,3.6987979833225135,3.9431304077798646,0.24433242445735115,3.6574480755931424,0.12396026001837734,0.3520799057293349,False,clean,1.0,-0.0777968512085283,3.4113987935526735,3.9861971730923536,0.008272085363570738,0.09095100529169943,0.007283515165498793,0.009135092971488299,0.08534351273236175,0.09557768029978704,False,False,session_recorded,1.0,clean,1.0,-0.142428127429441,3.7365384463778173,471.0
2026-03-25,True,True,3.7125829624094133,3.9515966925371493,0.2390137301277358,3.7678496830533956,0.12396026001837734,0.3520799057293349,False,clean,1.0,0.06992348937238413,3.4285276350183547,3.996638289800472,0.008080715303256845,0.0898927989510664,0.007244454382400079,0.009075361275433324,0.08511436061206169,0.09526469060167742,False,False,session_recorded,1.0,clean,1.0,0.043548191938258984,3.7547521679237432,433.0
2026-03-26,True,True,3.640694062538843,3.933466371825087,0.2927723092862441,3.748982978752238,0.12396026001837734,0.3520799057293349,False,clean,1.0,0.050356604405128014,3.3581331659520557,3.92325495912563,0.00799591278577361,0.0894198679588245,0.00722075147821495,0.009054915887041805,0.0849750050203879,0.09515732177316576,False,False,session_recorded,1.0,clean,1.0,-0.30580146383921925,3.68133451724709,431.0
2026-03-27,True,True,3.6140937641939583,3.9318252668834277,0.3177315026894692,3.6664290595298197,0.12396026001837734,0.3520799057293349,False,clean,1.0,0.03519584336882309,3.332216078798801,3.8959714495891156,0.00795729249025927,0.0892036573816302,0.007205208504507027,0.009048641920617223,0.08488349960096502,0.09512434977763172,False,False,session_recorded,1.0,clean,1.0,-0.09896463456995441,3.6766797854141653,426.0
2026-03-28,True,True,3.52771129271619,3.8872626760443696,0.35955138332817943,3.567270277075751,0.12396026001837734,0.3520799057293349,False,degraded,1.5,-0.08081113632497017,3.2402456870091223,3.8151768984232577,0.008275909047163845,0.09097202343118375,0.007275501458664606,0.009422621136889717,0.08529655009825782,0.09707018665321354,False,False,rest_day_no_session,1.15,clean,1.0,-0.5410158271716603,3.5357685822915284,
2026-03-29,True,True,3.5984822378017522,3.8930786380209472,0.29459640021919503,3.7492845575615057,0.12396026001837734,0.3520799057293349,False,clean,1.15,0.1684841946801603,3.2914034745372396,3.905561001066265,0.009443728528817698,0.09717884815543812,0.007457407337621563,0.009787472206535757,0.08635628140223248,0.0989316542191414,False,False,session_recorded,1.0,degraded,3.5,0.057047361434116706,3.5524843336816114,301.0
2026-03-30,True,True,3.613108100557939,3.8993872436386754,0.2862791430807367,3.6875576049004843,0.12396026001837734,0.3520799057293349,False,clean,1.15,0.08165678382957342,3.2825796397657796,3.943636561350098,0.01094111671622219,0.10459979309837181,0.007705095430148629,0.010268065980554087,0.08777867298010736,0.10133146589561451,True,False,session_recorded,1.0,suppressed,3.6461194790687053,,3.631570879364084,294.0
2026-03-31,True,True,3.6929323941954304,3.9310911725341455,0.23815877833871524,3.7581147520935496,0.12396026001837734,0.3520799057293349,False,clean,1.25,0.1395702859214869,3.3853549759473074,4.000509812443553,0.009474424144304845,0.09733665365269573,0.007564740688629159,0.00986355985524597,0.08697551775430348,0.09931545627567731,False,False,rest_day_no_session,1.15,clean,1.0,0.2511721608812709,3.674072377987476,
2026-04-01,True,True,3.7142184811896777,3.9247602308389244,0.21054174964924674,3.7996178958117093,0.12396026001837734,0.3520799057293349,False,clean,1.25,0.07246274964689015,3.4161405764630457,4.01229638591631,0.008898227357183468,0.09433041586457397,0.007533166257144794,0.009787124024269804,0.08679381462491895,0.09892989449236163,False,False,rest_day_no_session,1.15,clean,1.0,-0.08709979551844027,3.659724572607474,
2026-04-02,True,True,3.728137658763767,3.9171518431928414,0.1890141844290744,3.6243227581931245,0.12396026001837734,0.3520799057293349,False,clean,1.0,-0.1200708847879497,3.4396504905864362,4.016624826941097,0.008334833523611293,0.09129530942831232,0.007465292812313836,0.009440002629948006,0.08640192597572022,0.09715967594608375,False,False,session_recorded,1.0,clean,1.0,-0.028476895314389683,3.7038360667804207,213.0
2026-04-03,True,True,3.6931274838981984,3.8975034033065405,0.204375919408342,3.6550354451190015,0.12396026001837734,0.3520799057293349,False,clean,1.0,-0.08928236646782794,3.4086821778869956,3.9775727899094013,0.008102918508819931,0.09001621247764166,0.00742150516369966,0.009282583471329825,0.08614815821420478,0.09634616479824105,False,False,session_recorded,1.0,clean,1.0,-0.21337641799143858,3.702192763453289,149.0
2026-04-04,True,True,3.63822484094258,3.902250653337816,0.2640258123952358,3.534446538485,0.12396026001837734,0.3520799057293349,False,clean,1.0,-0.1134600850814449,3.313230777908845,3.9632189039763155,0.010577786166425004,0.10284836491857809,0.007781664521971964,0.01045925129835543,0.08821374338487152,0.10227048107032366,True,False,rest_day_no_session,1.15,suppressed,4.0,,4.053821202912723,
2026-04-05,True,True,3.6951726664356745,3.9082629878719954,0.2130903214363208,3.6978956934788654,0.12396026001837734,0.3520799057293349,False,clean,1.25,0.021135437670473767,3.395042692913345,3.995302639958004,0.009021165875127139,0.09497981825170618,0.0075989819513493685,0.009681675640826158,0.08717213976580687,0.09839550620239808,False,False,session_recorded,1.0,clean,1.0,0.07176753117886348,4.067949195048894,247.0
2026-04-06,True,True,3.6560436306247435,3.9121396327475497,0.2560960021228063,3.5139211507328714,0.12396026001837734,0.3520799057293349,False,clean,1.0,-0.149336421906765,3.36644707931228,3.945640181937207,0.00839906031504279,0.09164638735401844,0.0075021646811721295,0.009370271903287205,0.08661503726935715,0.09680016478956636,False,False,session_recorded,1.0,clean,1.0,0.026493573634273293,3.9641227034934707,289.0
2026-04-07,True,True,3.648649173066903,3.916933279291931,0.2682841062250284,3.6580512332116775,0.12396026001837734,0.3520799057293349,False,degraded,1.5,0.010249993953132641,3.3286576389482456,3.96864070718556,0.010254651499604847,0.10126525317010197,0.007763340450671003,0.010025554252404614,0.08810982039858556,0.10012768973867625,True,False,session_recorded,1.0,suppressed,4.0,,4.110078451390701,303.0
2026-04-08,True,True,3.6694126201683233,3.9144552194264226,0.24504259925809954,3.656090970951438,0.12396026001837734,0.3520799057293349,False,clean,1.0,-0.01999212166643316,3.371109117127664,3.9677161232089824,0.008911701584632368,0.0944018092233002,0.007569721165352004,0.009455802118548351,0.08700414452974067,0.09724094877441473,False,False,session_recorded,1.0,clean,1.0,-0.02129978875150229,4.110957550321118,321.0
2026-04-09,True,True,3.653935105282057,3.9133792293336103,0.25944412405155315,3.6977449040742316,0.12396026001837734,0.3520799057293349,False,clean,1.0,0.03186741950199634,3.3649611846232683,3.9429090259408457,0.008362983292149169,0.09144934823250064,0.007465791903299165,0.009239910441334856,0.08640481412108451,0.09612445287924845,False,False,session_recorded,1.0,clean,1.0,-0.06917791575258203,4.095778760464273,382.0
2026-04-10,True,True,3.608887484708855,3.903863384811982,0.2949759001031271,3.718119502421727,0.12396026001837734,0.3520799057293349,False,clean,1.0,0.07322316416534758,3.3240081869102722,3.893766782507438,0.008127663391119692,0.09015355451184213,0.007402302530446052,0.009155625602601842,0.08603663481590881,0.09568503332602149,False,False,session_recorded,1.0,clean,1.0,-0.2040490051111261,4.084821452898313,438.0
2026-04-11,True,True,3.6648424644594924,3.9110626820533763,0.2462202175938841,3.626735388667265,0.12396026001837734,0.3520799057293349,False,clean,1.0,-0.018905833091472424,3.381797958772172,3.9478869701468127,0.008023306564426992,0.0895729120014918,0.007359268425604623,0.009121503449519636,0.08578617852314337,0.09550656233746263,False,False,session_recorded,1.0,clean,1.0,0.10192297366016145,3.8254488048822006,331.0
2026-04-12,True,True,3.5880293923440947,3.917734690486797,0.32970529814270244,3.5756481033938927,0.12396026001837734,0.3520799057293349,False,clean,1.15,-0.02444675628047488,3.305830428333353,3.8702283563548363,0.007975441957040126,0.08930532994754639,0.007327613309584738,0.009106242012270118,0.08560147959927292,0.09542663156724185,False,False,session_recorded,1.0,clean,1.0,-0.04990807676435294,3.7965478041583247,488.0
2026-04-13,True,True,3.632635865847242,3.9314488402808307,0.29881297443358873,3.7680004724580294,0.12396026001837734,0.3520799057293349,False,clean,1.0,0.16381600294323784,3.350842369357938,3.914429362336546,0.007952539962900382,0.08917701476782222,0.007302870860014297,0.009097809240534101,0.08545683623920498,0.09538243675087202,False,False,session_recorded,1.0,clean,1.0,0.07580365513656995,3.7988703836230324,440.0
2026-04-14,True,True,3.704341875855389,3.9454832080263746,0.24114133217098555,3.656844917974607,0.12396026001837734,0.3520799057293349,False,clean,1.0,-0.010146464240054165,3.4227538580913115,3.9859298936194665,0.007940946494461648,0.0891119885002105,0.00728268571570529,0.009091729849782841,0.0853386531163065,0.09535056292326145,False,False,session_recorded,1.0,clean,1.0,0.1895200791625955,3.64890605417276,383.0
2026-04-15,True,True,3.7281524448884453,3.975261836480957,0.24710939159251188,3.656844917974607,0.12396026001837734,0.3520799057293349,False,clean,1.15,-0.012191212392627993,3.431014866885267,4.025290022891624,0.008842174606872252,0.09403283791778408,0.00740043709982597,0.009429412506835289,0.08602579322404397,0.09710516210189492,False,False,session_recorded,1.0,degraded,2.041201381454771,0.5470433133999117,3.729216929389814,474.0
2026-04-16,True,True,3.8095862507243834,4.010104464298076,0.2005182135736922,3.6563925497607053,0.12396026001837734,0.3520799057293349,False,clean,1.0,-0.06954267912599565,3.5092645612147972,4.1099079402339695,0.009032694574405111,0.09504048913176484,0.007431202442521198,0.009474036397844362,0.08620442240698094,0.09733466185200605,False,False,session_recorded,1.0,degraded,1.5936175852129122,0.6231522485668592,3.8354656804022698,471.0
2026-04-17,True,True,3.6856745532000352,3.959172904759166,0.2734983515591307,3.6366211090317453,0.12396026001837734,0.3520799057293349,False,clean,1.0,-0.17987660957081442,3.39597843829222,3.9753706681078507,0.00840483651913742,0.09167789547724915,0.007339687978415465,0.00921647218195334,0.08567197895703976,0.09600245924950745,False,False,session_recorded,1.0,clean,1.0,-0.5410755009975463,3.808755364517929,430.0
2026-04-18,True,True,3.6507316829800236,3.9439684878875143,0.2932368049074909,3.6366211090317453,0.12396026001837734,0.3520799057293349,False,clean,1.0,-0.05807590613736524,3.3656576753079896,3.9358056906520575,0.008138777411268698,0.09021517284397729,0.007289140268549213,0.009118306227776379,0.08537646202876535,0.09548982263977862,False,False,session_recorded,1.0,clean,1.0,-0.18974045893956015,3.7736302090320244,467.0
2026-04-19,True,True,3.6555695545577813,3.9507128889107332,0.29514333435295187,3.738644890173857,0.12396026001837734,0.3520799057293349,False,clean,1.0,0.09042191096942975,3.33844859546338,3.9726905136521826,0.010071492209427746,0.10035682442877387,0.0075641373514290415,0.009852629930453669,0.08697204925393584,0.09926041472033889,True,False,session_recorded,1.0,suppressed,2.6481230547453376,,3.926758650717995,380.0
2026-04-20,True,True,3.7507155858707617,3.99781538726863,0.24709980139786836,3.9023956239769904,0.12396026001837734,0.3520799057293349,False,degraded,1.3,0.25938995979333335,3.435174208262476,4.066256963479048,0.00997140975569479,0.09985694645689297,0.007574153789421417,0.009765823130512226,0.08702961443911732,0.09882217934508541,False,False,session_recorded,1.0,degraded,2.0404980476235544,0.6769786052825006,4.019708475397293,416.0
2026-04-21,True,True,3.800901122383811,4.003429949853251,0.20252882746943948,3.799919474620977,0.12396026001837734,0.3520799057293349,False,clean,1.1,0.018480846542970664,3.504532667442782,4.09726957732484,0.008796458956742203,0.09378943947344073,0.007409601807992266,0.009303134609542962,0.08607904395375372,0.09645275843407985,False,False,session_recorded,1.0,clean,1.0,0.07968186195328908,4.0207243151505505,408.0
2026-04-22,True,True,3.788618067348512,4.009942382826685,0.22132431547817263,3.668087742980792,0.12396026001837734,0.3520799057293349,False,degraded,1.3,-0.11260655708222966,3.5005468455207995,4.076689289176225,0.008310816203743517,0.09116367809464204,0.007325134129070753,0.009136081479660794,0.08558699742992947,0.09558285138904779,False,False,session_recorded,1.0,clean,1.0,0.08298499962105321,3.9691544846345272,374.0
2026-04-23,True,True,3.7246913770625207,3.978096245266984,0.253404868204463,3.7266481181445035,0.12396026001837734,0.3520799057293349,False,clean,1.1,-0.07776476358992745,3.4402822013627876,4.009100552762254,0.008100860170221505,0.09000477859659177,0.00727712100184704,0.009077413851051833,0.08530604317307795,0.09527546300623174,False,False,session_recorded,1.0,clean,1.0,-0.3569391066645511,3.840284268277265,339.0
2026-04-24,True,True,3.6875492823421467,3.967978968126662,0.2804296857845154,3.6484670916564648,0.12396026001837734,0.3520799057293349,False,clean,1.25,-0.07234887476431417,3.404789584961108,3.9703089797231854,0.008007168079945049,0.08948278091311786,0.007247383286727429,0.009058480858720349,0.08513156457347315,0.09517605191811829,False,False,session_recorded,1.0,clean,1.0,-0.13495298789901078,3.8860094637132385,369.0
2026-04-25,True,True,3.7087158925810435,3.983813998490172,0.27509810590912837,3.7375893643414204,0.12396026001837734,0.3520799057293349,False,clean,1.1,0.05931001084690335,3.4267184509405553,3.9907133342215317,0.007964055266805284,0.08924155571708331,0.007227511651894805,0.00905330700494625,0.08501477313911274,0.09514886759676255,False,False,session_recorded,1.0,clean,1.0,0.1270636243843679,3.930290308130708,399.0
2026-04-26,True,True,3.7690291609708404,4.017425356679887,0.24839619570904653,3.6574480755931424,0.12396026001837734,0.3520799057293349,False,clean,1.25,-0.0358406257035111,3.478895521903124,4.059162800038557,0.008430243114190609,0.09181635537414132,0.00728519211307373,0.009236794341516549,0.0853533368596315,0.09610824283856484,False,False,session_recorded,1.0,degraded,1.401795379219202,0.5154987561992002,3.8711184746250717,414.0
2026-04-27,True,True,3.8084729480599675,4.039054872867023,0.23058192480705555,,,,True,suppressed,1.0,,3.4948721546628794,4.122073741457056,0.00984913826167924,0.0992428247364979,0.0074945069502104136,0.009765209373655319,0.08657082043165823,0.0988190739364386,False,False,session_recorded,1.0,degraded,2.081570822813258,0.40954467854488597,3.8461293392143276,397.0
2026-04-28,True,True,3.748627534157706,4.022160891016423,0.273533356858717,3.656543339165339,0.12396026001837734,0.3520799057293349,False,clean,1.0,-0.14115637732927544,3.453210970182515,4.044044098132897,0.008740043890763462,0.09348820188004187,0.007352553635501053,0.009305530165459883,0.08574703280872786,0.09646517592095026,False,False,session_recorded,1.0,clean,1.0,-0.16371620458143976,3.811613425916328,457.0
2026-04-29,True,True,3.7784083367744037,4.032786639327341,0.2543783025529372,3.738041732555322,0.12396026001837734,0.3520799057293349,False,clean,1.0,-0.016108694572538163,3.4819378194893735,4.074878854059434,0.00880251858821441,0.09382173835638738,0.007359627303349493,0.009330817755631111,0.08578827019674364,0.09659615807904118,False,False,session_recorded,1.0,degraded,1.3918485581169995,0.15974914939417895,3.81995963754477,433.0
2026-04-30,True,True,3.7778905680073964,4.04039818026538,0.26250761225798386,3.738343311364589,0.12396026001837734,0.3520799057293349,False,clean,1.0,-0.027195274009438553,3.4842719477031974,4.0715091883115955,0.00863398154045086,0.09291922051142519,0.0073654047218581495,0.009515449899553097,0.08582193613440652,0.09754716756294413,False,False,rest_day_no_session,1.15,clean,1.0,0.06749148492311985,3.875606349041157,
2026-05-01,True,True,3.7506151106094503,4.013072666320161,0.2624575557107106,3.770262313527536,0.12396026001837734,0.3520799057293349,False,degraded,1.4,-0.04386372642117031,3.4640569576151563,4.037173263603744,0.008223741814401353,0.09068484886904402,0.007319030172573946,0.00927960024078614,0.08555133063006061,0.09633068172075883,False,False,session_recorded,1.0,clean,1.0,-0.28691225017584143,3.867540364331681,423.0
2026-05-02,True,True,3.7647933782058325,4.031975988430978,0.2671826102251457,3.7681512618626636,0.12396026001837734,0.3520799057293349,False,clean,1.0,0.04041830508481503,3.481229147822187,4.048357608589479,0.008052798314782722,0.08973738526825217,0.007291038166352879,0.009175406424193745,0.0853875761826794,0.09578834179686871,False,False,session_recorded,1.0,clean,1.0,0.16532450606832283,3.8798602438662764,439.0
2026-05-03,True,True,3.7366036155294435,4.040388145485583,0.3037845299561393,3.809805194985457,0.12396026001837734,0.3520799057293349,False,clean,1.25,0.0796287622657239,3.420525329110021,4.0526819019488665,0.010005372290934286,0.10002685784795144,0.007569572953362218,0.009895626421927161,0.08700329277310266,0.09947676322602762,True,False,session_recorded,1.0,suppressed,2.8196619258468774,,3.81742988392374,466.0
2026-05-04,True,True,3.8605354319588785,4.081076447894489,0.22054101593561054,3.962162314377772,0.12396026001837734,0.3520799057293349,False,clean,1.1,0.206811538730598,3.562285167899209,4.158785696018548,0.008908520880629388,0.09438496109354175,0.007431068938160226,0.009416892312111812,0.08620364805598557,0.09704067349370475,False,False,session_recorded,1.0,clean,1.0560894666510436,0.4033312791011272,3.818674460931884,434.0
2026-05-05,True,True,3.8634926864178953,4.079895660694978,0.2164029742770831,3.7699607347182686,0.12396026001837734,0.3520799057293349,False,degraded,1.5,-0.09494500571912745,3.574668047205699,4.152317325630092,0.00835434503320459,0.09140210628428969,0.007344530374497141,0.00919605578165351,0.08570023555683579,0.09589606760265777,False,False,session_recorded,1.0,clean,1.0,0.031652657051526756,3.8568519519177458,407.0
2026-05-06,True,True,3.7993285027912385,4.064083230014464,0.26475472722322496,3.596022701741388,0.12396026001837734,0.3520799057293349,False,clean,1.0,-0.24947729871423796,3.5146196869637993,4.084037318618678,0.008117938532317504,0.09009960339711548,0.007295492778031708,0.009112237468453677,0.08541365685902758,0.09545804035519312,False,False,session_recorded,1.0,clean,1.0,-0.12434765710487516,3.8265722559416,429.0
2026-05-07,True,True,3.7255572857680277,4.045890978204907,0.3203336924368795,3.8315368979746567,0.12396026001837734,0.3520799057293349,False,degraded,1.5,0.05039113174355814,3.4426769490720055,4.00843762246405,0.008014002047787109,0.08952095870681406,0.007264784390886437,0.009080687406059343,0.08523370454747603,0.09529264088091663,False,False,session_recorded,1.0,clean,1.0,-0.2936488102647914,3.778140936249707,439.0
2026-05-08,True,True,3.735835872099739,4.055813294699004,0.3199774225992653,3.738343311364589,0.12396026001837734,0.3520799057293349,False,clean,1.25,0.019799033597510007,3.4537861306184134,4.017885613581064,0.007967009601743054,0.08925810664439983,0.007243803227142507,0.009068737479593938,0.0851105353475262,0.09522991903595182,False,False,session_recorded,1.0,clean,1.0,0.07769416243016325,3.817326092650273,520.0
2026-05-09,True,True,3.753833087924339,4.052963786650136,0.29913069872579723,3.690724182397794,0.12396026001837734,0.3520799057293349,False,degraded,1.6,-0.06861640647794331,3.438635689571089,4.0690304862775895,0.009949681457584196,0.09974808999466704,0.007524752094717133,0.009823209998400341,0.08674532895042322,0.09911210823305264,True,False,session_recorded,1.0,suppressed,4.0,,4.1079393213089395,460.0
2026-05-10,True,True,3.7998720360940084,4.083768100359545,0.28389606426553626,3.7900337542564966,0.12396026001837734,0.3520799057293349,False,clean,1.15,0.05930021551644682,3.498558029048991,4.101186043139026,0.009092484524458558,0.09535452020989124,0.007455706531191066,0.009695546608248447,0.08634643322796297,0.09846596675120012,False,False,rest_day_no_session,1.15,clean,1.0,0.275334285465767,4.142628190032861,
2026-05-11,True,True,3.840864408322406,4.080818731915864,0.23995432359345778,3.8014937490086647,0.12396026001837734,0.3520799057293349,False,degraded,1.6,-0.037171478026375215,3.5509199634774746,4.130808853167338,0.008419252087643214,0.09175648253743827,0.007375539141215926,0.009348983889266546,0.08588095913074054,0.09669014370279189,False,False,session_recorded,1.0,clean,1.0,0.025335329391753092,4.097371238058744,412.0
2026-05-12,True,True,3.833385148799817,4.092457371719605,0.2590722229197878,3.780600402105918,0.12396026001837734,0.3520799057293349,False,degraded,1.5,-0.032350176583362256,3.5482960052692643,4.11847429233037,0.008139641682653555,0.09021996277240174,0.0073301764151562565,0.009203641143321447,0.08561644944259401,0.09593560936024458,False,False,session_recorded,1.0,clean,1.0,0.11196658293646422,4.10219994229535,467.0
2026-05-13,True,True,3.8354186952084213,4.089573776970591,0.2541550817621696,3.880965499797058,0.12396026001837734,0.3520799057293349,False,clean,1.15,0.03952107532847293,3.5524221115535215,4.118415278863321,0.008020589955551258,0.08955774648544512,0.007300645606176995,0.009139707495021378,0.08544381549402505,0.09560181742530514,False,False,session_recorded,1.0,clean,1.0,-0.045408320839789074,4.116295201335573,436.0
2026-05-14,True,True,3.7713923537051897,4.080626101691304,0.30923374798611436,3.717516344803192,0.12396026001837734,0.3520799057293349,False,clean,1.0,-0.08878730882158914,3.4834258712233734,4.059358836187005,0.008304773870175865,0.09113053204154942,0.007360243145438076,0.009485138113606361,0.08579185943571847,0.09739167373860232,False,False,rest_day_no_session,1.15,clean,1.0,-0.12999060588156786,4.141608360341006,
2026-05-15,True,True,3.835897532096592,4.085160302300711,0.2492627702041189,3.6366211090317453,0.12396026001837734,0.3520799057293349,False,clean,1.0,-0.1774122181525848,3.5518665182198257,4.119928545973358,0.008079332036268365,0.08988510464069319,0.007337583018200381,0.009298874088085135,0.08565969307790205,0.09643066985189482,False,False,session_recorded,1.0,clean,1.0,0.1776960450844438,4.167230295508184,369.0
2026-05-16,True,True,3.7627278371054698,4.044800655589285,0.282072818483815,3.6351132149854077,0.12396026001837734,0.3520799057293349,False,clean,1.1,-0.22860163091388452,3.4744376398905676,4.051018034320372,0.008323455827120293,0.09123297554678512,0.007400922856807178,0.00958111731530358,0.08602861649943686,0.09788318198395259,False,False,rest_day_no_session,1.15,clean,1.0,-0.3862655720763324,3.813993620732382,
2026-05-17,True,True,3.683971697608233,3.9971152793570295,0.3131435817487966,3.650728932725972,0.12396026001837734,0.3520799057293349,False,degraded,1.6,-0.15110312012482385,3.3998467176892784,3.9680966775271878,0.008084678694895025,0.08991484134944033,0.007379182091404532,0.00936179567918691,0.08590216581323507,0.09675637280916906,False,False,session_recorded,1.0,clean,1.0,-0.5144113241680595,3.7087512392240396,244.0
2026-05-18,True,True,3.6754201392570147,4.004457032297602,0.3290368930405875,3.738946468983124,0.12396026001837734,0.3520799057293349,False,clean,1.25,0.07001466049633365,3.3871047924484747,3.9637354860655547,0.008324908118349555,0.09124093444474117,0.007441550087419185,0.009625279025254724,0.08626441959127289,0.09810850638581103,False,False,rest_day_no_session,1.15,clean,1.0,0.0025011034931616827,3.6825516201738653,
2026-05-19,True,True,3.7554651164434043,4.014430839532915,0.258965723089511,3.7503400833939424,0.12396026001837734,0.3520799057293349,False,degraded,1.4,0.028165962858710536,3.457323401728706,4.053606831158103,0.008902037478946398,0.09435060931942305,0.007534200588502877,0.009710916049324586,0.08679977297495009,0.09854398027949036,False,False,session_recorded,1.0,degraded,1.8094607082369687,0.24831912217327412,3.689775024399503,243.0
2026-05-20,True,True,3.710898574487488,3.9927543638774057,0.28185578938991784,3.7904861224703983,0.12396026001837734,0.3520799057293349,False,degraded,1.4,0.02260730734996752,3.4223027292107466,3.9994944197642295,0.008341114400170671,0.0913297016318934,0.007459164180936884,0.009392866672091544,0.08636645286763191,0.09691680283671941,False,False,session_recorded,1.0,clean,1.0,-0.2785036732286046,3.645783355190857,238.0
2026-05-21,True,True,3.7214767407335687,3.9957093222296494,0.2742325814960807,3.6989512193113017,0.12396026001837734,0.3520799057293349,False,clean,1.15,-0.01915971093310631,3.4369395300016485,4.006013951465489,0.008108155485863338,0.09004529685587881,0.007411698173723961,0.009251838454975148,0.08609122007338472,0.09618647750580717,False,False,session_recorded,1.0,clean,1.0,0.024042184060337757,3.656040175069428,190.0
2026-05-22,True,True,3.724330916850316,4.00035269804429,0.27602178119397447,3.8297274251190516,0.12396026001837734,0.3520799057293349,False,clean,1.1,0.11054613418792192,3.441533457734613,4.007128375966019,0.00800930689073882,0.08949473107808538,0.007377111826313467,0.009184701922747639,0.08589011483467389,0.0958368505468937,False,False,session_recorded,1.0,clean,1.0,-0.01877543087390965,3.617780496554333,254.0
2026-05-23,True,True,3.712499653122918,4.004408330950721,0.29190867782780244,3.7182702918263613,0.12396026001837734,0.3520799057293349,False,clean,1.0,0.006276095461020148,3.396769142703949,4.028230163541887,0.00998336689405982,0.09991679985898178,0.007651481399700614,0.009907374034964908,0.08747274661116235,0.09953579273289036,True,False,session_recorded,1.0,suppressed,4.0,,3.8526571790066733,325.0
2026-05-24,True,True,3.705015664269597,4.009197735142672,0.3041820708730756,3.7301826547924306,0.12396026001837734,0.3520799057293349,False,degraded,1.6,0.027697522153010024,3.3687327989572102,4.041298529581984,0.01132539627636988,0.10642084512147927,0.007874286544108433,0.010336164792021948,0.08873717678689375,0.10166693067080342,True,False,session_recorded,1.0,suppressed,1.0,,3.948929325557961,405.0
2026-05-25,True,True,3.6558019237803894,3.994669352514234,0.33886742873384434,3.7286083804047427,0.12396026001837734,0.3520799057293349,False,clean,1.0,0.02799806872473143,3.3505017537268342,3.9611020938339445,0.009334649615984396,0.09661599047768643,0.007598576647010629,0.00952701823168544,0.08716981499929106,0.09760644564620433,False,False,session_recorded,1.0,clean,1.0,-0.20096016497695057,3.9197658471294017,386.0
2026-05-26,True,True,3.746894410658507,4.026806903382491,0.27991249272398405,3.737136996127519,0.12396026001837734,0.3520799057293349,False,clean,1.0,0.06687969551817252,3.4548265143267964,4.038962306990218,0.008543022963900391,0.09242847485434556,0.0074617243667002755,0.009237782524644803,0.08638127324079146,0.09611338369157962,False,False,session_recorded,1.0,clean,1.0,0.32659093427848873,3.9247538203399963,439.0
2026-05-27,True,True,3.795841056122894,4.042364099538859,0.2465230434159648,3.8102575631993587,0.12396026001837734,0.3520799057293349,False,clean,1.15,0.05247307937639789,3.50957168762432,4.082110424621468,0.00820717489813759,0.09059345946666122,0.0073842114336923875,0.00913288453261853,0.08593143449106612,0.09556612649165253,False,False,session_recorded,1.0,clean,1.0,0.1617745571212934,3.996860792281925,446.0
2026-05-28,True,True,3.7766314674939987,4.0511555787120805,0.2745241112180818,3.737740153746054,0.12396026001837734,0.3520799057293349,False,clean,1.0,-0.02854920020274543,3.492957899860146,4.060305035127851,0.008059009539448474,0.08977198638466498,0.007335560854966865,0.00909574186627954,0.08564788879456904,0.09537159884514645,False,False,session_recorded,1.0,clean,1.0,0.06202021206375807,4.011094331432441,494.0
2026-05-29,True,True,3.881776371666293,4.080239059100594,0.19846268743430098,3.729362327427912,0.12396026001837734,0.3520799057293349,False,clean,1.15,-0.07298572587471153,3.5992951592121134,4.164257584120473,0.007991403615945462,0.08939465093586675,0.007302306928818435,0.009082858293516531,0.08545353666653262,0.09530403083561854,False,False,session_recorded,1.0,clean,1.0,0.4210609277819146,4.095784163537702,449.0
2026-05-30,True,True,3.8726647007150246,4.086165031144241,0.21350033042921673,3.7403699539661788,0.12396026001837734,0.3520799057293349,False,degraded,1.35,-0.12199753773534416,3.5907501556296983,4.154579245800351,0.00795937369446843,0.08921532208353243,0.0072779352337055975,0.009077935851808876,0.0853108154556361,0.09527820239597762,False,False,session_recorded,1.0,clean,1.0,0.09964016120152452,3.9041281302064874,440.0
2026-05-31,True,True,3.876429983476212,4.095793334325903,0.21936335084969152,3.820444862373106,0.12396026001837734,0.3520799057293349,False,clean,1.0,-0.035617715245730874,3.594797141829808,4.158062825122616,0.007943474814978157,0.08912617356858846,0.007259069161905639,0.009075128528490956,0.08520017113777201,0.09526346901352561,False,False,session_recorded,1.0,clean,1.0,0.11529884819385305,3.9133245794005043,430.0
2026-06-01,True,True,3.901100461013231,4.117260713262933,0.21616025224970173,3.8421765653623057,0.12396026001837734,0.3520799057293349,False,degraded,1.3,-0.010066323533064914,3.6153038976356395,4.186897024390823,0.008180087194737787,0.0904438344760868,0.00728011956306427,0.00916528588960489,0.08532361667829294,0.09573549963104015,False,False,session_recorded,1.0,clean,1.1748495419552536,0.2812793343160571,4.003367886690821,439.0
2026-06-02,True,True,3.9585523365802966,4.12751038178732,0.1689580452070235,3.8739447781206198,0.12396026001837734,0.3520799057293349,False,degraded,1.7,-0.04888611283771649,3.67525743135643,4.241847241804163,0.008037508718964971,0.08965215401185278,0.007251305514874345,0.009104198263933813,0.08515459773185677,0.09541592248641635,False,False,session_recorded,1.0,clean,1.0,0.19479032392129403,4.019211873841372,396.0
2026-06-03,True,True,3.9002638012548907,4.130117053012388,0.22985325175749716,3.688311551923653,0.12396026001837734,0.3520799057293349,False,clean,1.15,-0.21753713851748113,3.618069403670031,4.1824581988397505,0.007975183848580807,0.0893038848459618,0.007232410565980299,0.009078714883293294,0.08504358039252756,0.09528229050192535,False,False,session_recorded,1.0,clean,1.0,0.059131009636233856,4.022567553929119,467.0
2026-06-04,True,True,3.878640175870625,4.136634997781792,0.2579948219111672,3.699620757271188,0.12396026001837734,0.3520799057293349,False,degraded,1.5,-0.16983457875873498,3.5910370103837153,4.166243341357535,0.008283831418318163,0.09101555591391047,0.007300021627343843,0.009442982429016904,0.08544016401753828,0.09717500928230934,False,False,rest_day_no_session,1.15,clean,1.0,0.11211785801658314,4.042743096979306,
